GeneID	ExpressionLevel
AT1G01010	11.512727272727274
AT1G01020	13.325454545454544
AT1G01030	3.97962962962963
AT1G01040	12.518181818181818
AT1G01046	3.9078431372549023
AT1G01050	88.01818181818182
AT1G01060	45.78727272727273
AT1G01070	7.768518518518518
AT1G01080	65.77777777777777
AT1G01090	175.78181818181818
AT1G01100	501.9218181818182
AT1G01110	5.3537037037037045
AT1G01120	81.01851851851852
AT1G01130	9.777777777777779
AT1G01140	58.70909090909091
AT1G01150	0.3333333333333333
AT1G01160	39.876363636363635
AT1G01170	85.75925925925925
AT1G01180	13.056363636363637
AT1G01183	2.9250000000000003
AT1G01190	5.68
AT1G01200	3.009259259259259
AT1G01210	14.872727272727273
AT1G01220	14.25925925925926
AT1G01225	5.648148148148148
AT1G01230	46.74545454545454
AT1G01240	21.91090909090909
AT1G01250	6.602083333333333
AT1G01260	13.454545454545455
AT1G01270	2.0
AT1G01280	1.0
AT1G01290	10.576363636363638
AT1G01300	67.70370370370371
AT1G01305	2.2
AT1G01310	89.30882352941175
AT1G01320	117.36363636363636
AT1G01340	5.778181818181818
AT1G01350	23.12727272727273
AT1G01355	0.7000000000000001
AT1G01360	21.12727272727273
AT1G01370	5.079999999999999
AT1G01380	2.3925925925925924
AT1G01390	4.184615384615385
AT1G01400	0.2
AT1G01410	0.3
AT1G01420	8.284905660377358
AT1G01430	50.69272727272727
AT1G01440	13.054545454545455
AT1G01448	4.578181818181818
AT1G01450	0.16
AT1G01453	1.5303030303030303
AT1G01460	56.7
AT1G01470	138.29090909090908
AT1G01480	2.3156862745098037
AT1G01490	46.88909090909091
AT1G01500	21.236363636363638
AT1G01510	27.618181818181817
AT1G01520	5.75686274509804
AT1G01530	0.3647058823529412
AT1G01540	59.38363636363636
AT1G01550	147.5909090909091
AT1G01560	4.936734693877551
AT1G01570	2.7945454545454544
AT1G01580	12.70566037735849
AT1G01590	1.1814814814814814
AT1G01600	13.943636363636363
AT1G01610	67.27777777777777
AT1G01620	432.5472727272727
AT1G01630	66.37037037037037
AT1G01640	8.559259259259258
AT1G01650	26.618181818181817
AT1G01660	1.6444444444444444
AT1G01670	2.0666666666666664
AT1G01680	3.74375
AT1G01690	7.033333333333333
AT1G01695	0.58125
AT1G01700	2.1735849056603773
AT1G01710	31.036363636363635
AT1G01715	4.965454545454546
AT1G01720	45.69454545454545
AT1G01725	14.036363636363637
AT1G01730	32.351851851851855
AT1G01740	5.479629629629629
AT1G01750	3.630188679245283
AT1G01760	3.476363636363636
AT1G01770	14.654545454545454
AT1G01780	42.18181818181818
AT1G01790	57.29090909090909
AT1G01800	76.03818181818183
AT1G01810	1.4574074074074075
AT1G01820	70.84
AT1G01830	14.185185185185185
AT1G01840	0.541860465116279
AT1G01860	9.796363636363635
AT1G01870	2.0
AT1G01880	2.8036363636363633
AT1G01890	1.1666666666666667
AT1G01900	3.6222222222222222
AT1G01910	40.63636363636363
AT1G01920	13.49090909090909
AT1G01930	12.836363636363636
AT1G01940	24.555555555555557
AT1G01950	13.32909090909091
AT1G01960	33.85272727272727
AT1G01970	28.534545454545455
AT1G01980	140.25
AT1G01990	24.87272727272727
AT1G02000	39.018181818181816
AT1G02010	7.965454545454546
AT1G02020	11.8
AT1G02030	0.4717391304347826
AT1G02040	4.076470588235295
AT1G02050	9.512727272727274
AT1G02060	6.125925925925926
AT1G02065	3.9976190476190476
AT1G02067	0.2
AT1G02070	2.006382978723404
AT1G02080	31.145454545454545
AT1G02090	33.70909090909091
AT1G02100	43.527272727272724
AT1G02110	23.854545454545455
AT1G02120	58.949090909090906
AT1G02130	66.2
AT1G02140	184.25454545454545
AT1G02145	19.90909090909091
AT1G02150	94.31090909090909
AT1G02160	47.472727272727276
AT1G02170	38.872727272727275
AT1G02180	9.818181818181818
AT1G02190	13.204347826086956
AT1G02205	65.12545454545455
AT1G02210	3.0
AT1G02220	12.592592592592593
AT1G02230	1.6673076923076924
AT1G02250	0.2708333333333333
AT1G02260	11.874545454545455
AT1G02270	20.98363636363636
AT1G02280	108.31636363636363
AT1G02290	9.851851851851851
AT1G02300	23.553703703703704
AT1G02305	99.38181818181818
AT1G02310	1.908695652173913
AT1G02330	39.56363636363636
AT1G02335	18.0
AT1G02340	12.083333333333334
AT1G02350	8.381818181818181
AT1G02360	23.375
AT1G02370	8.24074074074074
AT1G02380	4.547272727272727
AT1G02390	4.313725490196078
AT1G02400	20.60185185185185
AT1G02405	0.9363636363636364
AT1G02410	20.836363636363636
AT1G02420	1.0653846153846154
AT1G02430	0.7416666666666667
AT1G02440	0.5704545454545454
AT1G02450	7.946666666666667
AT1G02460	2.8703703703703702
AT1G02470	6.5442307692307695
AT1G02475	59.27777777777778
AT1G02490	1.4000000000000001
AT1G02500	430.3090909090909
AT1G02510	0.4125
AT1G02520	6.094444444444444
AT1G02530	0.791111111111111
AT1G02540	0.7
AT1G02550	0.44999999999999996
AT1G02560	267.00545454545454
AT1G02570	1.7121212121212122
AT1G02575	0.8714285714285713
AT1G02580	0.4594594594594595
AT1G02590	0.5
AT1G02610	7.277777777777778
AT1G02620	1.0232558139534884
AT1G02630	1.2714285714285716
AT1G02640	20.412727272727274
AT1G02650	0.9381818181818181
AT1G02660	20.509090909090908
AT1G02670	1.488888888888889
AT1G02680	21.73090909090909
AT1G02690	17.294545454545457
AT1G02700	1.6309090909090909
AT1G02705	4.73921568627451
AT1G02720	8.774545454545455
AT1G02730	30.81111111111111
AT1G02740	10.569090909090908
AT1G02750	16.88888888888889
AT1G02770	1.2224489795918367
AT1G02780	1036.090909090909
AT1G02790	1431.322222222222
AT1G02800	8.683333333333334
AT1G02810	8.522641509433962
AT1G02813	1.24
AT1G02816	17.836363636363636
AT1G02820	30.87222222222222
AT1G02830	0.3666666666666667
AT1G02840	96.10909090909091
AT1G02850	30.303703703703704
AT1G02860	15.710909090909091
AT1G02870	38.31090909090909
AT1G02880	16.71090909090909
AT1G02890	40.8
AT1G02900	42.30925925925926
AT1G02910	51.732727272727274
AT1G02920	109.83962264150944
AT1G02930	132.4037037037037
AT1G02940	0.7851063829787235
AT1G02950	6.071698113207548
AT1G02952	0.2222222222222222
AT1G02960	15.5
AT1G02965	0.27
AT1G02970	3.7399999999999998
AT1G02980	0.2806451612903226
AT1G02990	9.465454545454547
AT1G03000	15.110909090909091
AT1G03010	1.148148148148148
AT1G03020	3.4166666666666665
AT1G03030	17.076363636363638
AT1G03040	43.092592592592595
AT1G03050	115.25238095238096
AT1G03055	6.738461538461538
AT1G03060	12.345454545454546
AT1G03070	2.4596153846153848
AT1G03080	34.092592592592595
AT1G03090	29.37818181818182
AT1G03100	0.9574074074074075
AT1G03103	0.39999999999999997
AT1G03106	0.9242424242424241
AT1G03110	15.309090909090909
AT1G03120	1.8557692307692308
AT1G03130	1134.418181818182
AT1G03140	49.45454545454545
AT1G03150	30.98181818181818
AT1G03160	33.51851851851852
AT1G03165	1.3348837209302327
AT1G03170	3.8098039215686272
AT1G03180	3.9472727272727273
AT1G03190	7.555555555555555
AT1G03200	4.58125
AT1G03210	24.8
AT1G03220	169.63818181818183
AT1G03230	39.10909090909091
AT1G03240	0.7225806451612903
AT1G03250	29.854545454545455
AT1G03260	11.309090909090909
AT1G03270	4.5
AT1G03280	29.854545454545455
AT1G03290	12.167272727272728
AT1G03310	28.365454545454543
AT1G03320	0.5279069767441861
AT1G03330	58.25818181818182
AT1G03340	2.8444444444444446
AT1G03350	43.96363636363636
AT1G03360	17.856363636363636
AT1G03365	10.827272727272728
AT1G03370	17.527272727272727
AT1G03380	19.832727272727272
AT1G03390	0.12000000000000002
AT1G03400	24.075925925925926
AT1G03410	2.005660377358491
AT1G03430	20.925925925925927
AT1G03440	12.481481481481481
AT1G03445	0.34736842105263155
AT1G03457	11.592727272727274
AT1G03470	10.461818181818183
AT1G03475	182.96545454545455
AT1G03490	0.25
AT1G03495	6.825454545454545
AT1G03502	0.8400000000000001
AT1G03506	6.076744186046512
AT1G03510	2.1944444444444446
AT1G03520	10.274545454545455
AT1G03530	12.365454545454545
AT1G03540	2.1833333333333336
AT1G03545	0.5191489361702127
AT1G03550	2.677777777777778
AT1G03560	7.82
AT1G03590	24.385454545454547
AT1G03600	293.42
AT1G03610	26.672727272727272
AT1G03620	2.916981132075472
AT1G03630	166.65454545454546
AT1G03640	1.0
AT1G03650	5.674545454545455
AT1G03660	2.422641509433962
AT1G03670	0.2571428571428571
AT1G03680	395.41818181818184
AT1G03687	14.654545454545454
AT1G03700	3.252777777777778
AT1G03710	4.33469387755102
AT1G03720	2.483333333333334
AT1G03730	13.592592592592593
AT1G03740	30.1
AT1G03743	81.95714285714286
AT1G03746	35.69500000000001
AT1G03750	4.8109090909090915
AT1G03760	12.10909090909091
AT1G03770	5.601818181818182
AT1G03780	12.987272727272726
AT1G03790	2.5457142857142854
AT1G03800	0.7055555555555556
AT1G03810	0.27499999999999997
AT1G03820	28.962962962962962
AT1G03830	7.964814814814815
AT1G03840	3.5132075471698117
AT1G03850	17.30181818181818
AT1G03860	69.13272727272728
AT1G03870	182.62962962962962
AT1G03880	0.35714285714285715
AT1G03890	0.2333333333333333
AT1G03900	113.12727272727273
AT1G03905	4.541818181818181
AT1G03910	37.74181818181818
AT1G03920	4.909433962264152
AT1G03930	27.818181818181817
AT1G03935	17.429166666666667
AT1G03940	5.325925925925926
AT1G03950	21.24909090909091
AT1G03960	8.0
AT1G03970	19.952727272727273
AT1G03980	0.7791666666666668
AT1G03982	0.2
AT1G03987	1.0
AT1G03990	2.7600000000000002
AT1G03997	0.3
AT1G04000	15.363636363636363
AT1G04003	0.3
AT1G04007	3.1470588235294117
AT1G04010	6.447272727272727
AT1G04013	2.6977777777777776
AT1G04020	9.438888888888888
AT1G04027	4.080851063829788
AT1G04030	6.812727272727273
AT1G04033	0.30000000000000004
AT1G04037	3.548
AT1G04040	121.55555555555556
AT1G04047	1.7608695652173914
AT1G04050	2.6363636363636362
AT1G04053	0.35000000000000003
AT1G04067	0.2
AT1G04070	15.316363636363636
AT1G04073	1.0545454545454547
AT1G04080	51.57818181818182
AT1G04083	1.1972972972972973
AT1G04087	0.8
AT1G04090	1.0471698113207548
AT1G04093	0.4137931034482759
AT1G04097	0.4928571428571429
AT1G04100	3.5636363636363635
AT1G04103	0.2444444444444444
AT1G04105	0.2
AT1G04110	5.024
AT1G04117	0.23636363636363636
AT1G04120	31.98181818181818
AT1G04123	0.36
AT1G04127	0.6846153846153845
AT1G04130	10.42
AT1G04133	0.1
AT1G04137	0.26666666666666666
AT1G04140	55.58181818181818
AT1G04143	0.5
AT1G04147	1.0702702702702702
AT1G04150	0.5904761904761905
AT1G04153	0.4058823529411764
AT1G04157	0.9750000000000001
AT1G04160	5.674545454545455
AT1G04167	0.25
AT1G04170	86.47272727272727
AT1G04173	1.1357142857142857
AT1G04177	0.2
AT1G04180	2.459090909090909
AT1G04183	0.13
AT1G04187	5.257446808510638
AT1G04190	35.78363636363636
AT1G04193	5.113513513513513
AT1G04197	2.9148936170212765
AT1G04200	17.765454545454546
AT1G04207	0.8
AT1G04210	26.78181818181818
AT1G04217	8.970588235294118
AT1G04220	6.412962962962963
AT1G04223	9.36595744680851
AT1G04230	8.963636363636363
AT1G04237	1.2256410256410255
AT1G04240	23.462962962962962
AT1G04243	0.55
AT1G04247	1.3454545454545455
AT1G04250	63.47636363636364
AT1G04253	0.5
AT1G04257	0.65
AT1G04260	16.98181818181818
AT1G04263	51.142857142857146
AT1G04267	5.270833333333333
AT1G04270	518.3909090909091
AT1G04273	22.14313725490196
AT1G04277	14.21764705882353
AT1G04280	24.296296296296298
AT1G04287	0.25
AT1G04290	4.274545454545454
AT1G04293	6.56
AT1G04297	0.3939393939393939
AT1G04300	36.472727272727276
AT1G04303	1.2090909090909092
AT1G04310	7.6018181818181825
AT1G04313	2.4416666666666664
AT1G04320	0.3
AT1G04323	3.088888888888889
AT1G04330	2.2416666666666667
AT1G04337	0.30000000000000004
AT1G04340	31.945454545454545
AT1G04347	0.8585365853658538
AT1G04350	34.19818181818182
AT1G04353	0.19
AT1G04357	1.0541666666666667
AT1G04360	4.425925925925926
AT1G04367	0.45714285714285713
AT1G04370	0.305
AT1G04373	0.5
AT1G04380	0.2837209302325581
AT1G04383	0.4
AT1G04387	0.27999999999999997
AT1G04390	5.8
AT1G04393	0.42857142857142855
AT1G04397	0.1
AT1G04400	94.84
AT1G04403	0.475
AT1G04407	0.26666666666666666
AT1G04410	760.3563636363637
AT1G04413	0.3739130434782609
AT1G04417	0.5117647058823529
AT1G04420	103.36363636363636
AT1G04423	2.5023255813953487
AT1G04425	14.200000000000001
AT1G04427	0.7099999999999999
AT1G04430	82.98181818181818
AT1G04433	0.43333333333333335
AT1G04437	0.6954545454545454
AT1G04440	46.31818181818182
AT1G04445	0.47500000000000003
AT1G04447	0.3
AT1G04450	23.685714285714287
AT1G04453	0.30000000000000004
AT1G04455	1.6285714285714283
AT1G04467	1.248936170212766
AT1G04470	107.74285714285713
AT1G04473	1.0568627450980392
AT1G04477	2.182
AT1G04480	249.01818181818183
AT1G04483	0.4499999999999999
AT1G04490	1.2396226415094342
AT1G04493	0.2
AT1G04500	1.7218749999999998
AT1G04510	45.123636363636365
AT1G04513	0.1
AT1G04517	214.45000000000002
AT1G04520	21.185185185185187
AT1G04523	0.42500000000000004
AT1G04527	103.22666666666667
AT1G04530	66.42592592592592
AT1G04533	0.28
AT1G04540	36.49090909090909
AT1G04547	1.4
AT1G04550	25.40181818181818
AT1G04555	10.110909090909091
AT1G04560	1.7
AT1G04563	0.7222222222222222
AT1G04567	0.9424999999999999
AT1G04570	2.2854545454545456
AT1G04577	0.6322580645161291
AT1G04580	1.78
AT1G04587	1.5702127659574467
AT1G04590	25.396363636363635
AT1G04593	0.3
AT1G04597	0.4666666666666666
AT1G04600	1.274
AT1G04603	1.0
AT1G04607	0.3
AT1G04610	2.5909090909090904
AT1G04620	26.25090909090909
AT1G04625	0.44000000000000006
AT1G04630	68.07272727272728
AT1G04635	5.047272727272728
AT1G04640	34.00363636363637
AT1G04645	2.858333333333333
AT1G04647	0.3
AT1G04650	2.0666666666666664
AT1G04653	0.9
AT1G04660	2.062745098039216
AT1G04667	1.0
AT1G04670	11.609090909090908
AT1G04673	0.3666666666666667
AT1G04677	0.32
AT1G04680	89.06909090909092
AT1G04683	0.4000000000000001
AT1G04690	98.97272727272727
AT1G04697	0.30000000000000004
AT1G04700	5.043636363636363
AT1G04703	0.3
AT1G04710	22.745454545454546
AT1G04717	0.30000000000000004
AT1G04720	6.640000000000001
AT1G04723	0.3885714285714286
AT1G04730	4.705454545454546
AT1G04737	0.30526315789473685
AT1G04747	0.4
AT1G04750	77.9
AT1G04753	0.26
AT1G04760	5.630909090909091
AT1G04763	0.27999999999999997
AT1G04770	24.992727272727272
AT1G04778	1.3719999999999999
AT1G04780	31.91090909090909
AT1G04783	0.3166666666666667
AT1G04787	0.2333333333333333
AT1G04790	16.436363636363637
AT1G04793	0.4285714285714285
AT1G04797	0.8521739130434783
AT1G04800	48.872549019607845
AT1G04810	34.552727272727275
AT1G04817	0.335
AT1G04820	363.6363636363636
AT1G04827	0.6999999999999998
AT1G04830	14.436363636363636
AT1G04837	0.21666666666666665
AT1G04840	1.2818181818181817
AT1G04850	78.6
AT1G04853	0.8473684210526317
AT1G04857	0.1
AT1G04860	19.572727272727274
AT1G04863	0.5
AT1G04870	31.70181818181818
AT1G04877	3.627450980392157
AT1G04880	2.1962264150943396
AT1G04883	0.325
AT1G04890	10.966666666666667
AT1G04893	1.0585365853658537
AT1G04895	0.3
AT1G04900	10.823636363636362
AT1G04907	54.05384615384616
AT1G04910	24.01818181818182
AT1G04913	0.4838709677419355
AT1G04920	1.1781818181818182
AT1G04923	0.375
AT1G04927	0.664
AT1G04930	4.996363636363637
AT1G04933	0.1
AT1G04937	0.7
AT1G04940	6.561111111111111
AT1G04943	0.65
AT1G04945	5.111111111111111
AT1G04947	0.2
AT1G04950	18.15090909090909
AT1G04957	0.1
AT1G04960	21.84181818181818
AT1G04963	0.65
AT1G04967	34.05
AT1G04970	27.454545454545453
AT1G04973	1.3058823529411763
AT1G04980	22.205454545454543
AT1G04983	0.35555555555555557
AT1G04985	24.4
AT1G04990	18.254545454545454
AT1G04997	0.38750000000000007
AT1G05000	6.711538461538463
AT1G05003	0.4
AT1G05005	0.25
AT1G05007	0.7
AT1G05010	284.3127272727273
AT1G05013	0.3
AT1G05017	0.3625
AT1G05020	3.4
AT1G05023	1.8565217391304345
AT1G05027	0.27999999999999997
AT1G05030	10.261818181818182
AT1G05033	0.28421052631578947
AT1G05035	2.1184210526315788
AT1G05037	0.5
AT1G05040	0.3533333333333334
AT1G05043	0.9021276595744679
AT1G05047	0.1
AT1G05053	0.25
AT1G05055	12.710909090909091
AT1G05057	11.3
AT1G05060	25.10909090909091
AT1G05065	2.8
AT1G05070	33.68518518518518
AT1G05077	0.4333333333333333
AT1G05080	0.18333333333333332
AT1G05083	0.38800000000000007
AT1G05085	0.4
AT1G05087	1.3849056603773586
AT1G05090	0.47600000000000003
AT1G05093	0.1
AT1G05097	0.55
AT1G05100	3.2454545454545456
AT1G05103	0.50625
AT1G05107	0.45
AT1G05117	0.8
AT1G05120	16.145454545454545
AT1G05123	0.41739130434782606
AT1G05133	0.38333333333333336
AT1G05136	4.671794871794871
AT1G05140	59.425925925925924
AT1G05143	2.111111111111111
AT1G05150	27.145454545454545
AT1G05153	1.6135135135135137
AT1G05160	9.196296296296296
AT1G05163	0.26666666666666666
AT1G05170	13.407407407407407
AT1G05173	3.6199999999999997
AT1G05177	0.30000000000000004
AT1G05180	27.78363636363636
AT1G05183	0.15000000000000002
AT1G05190	584.5
AT1G05193	0.1
AT1G05197	0.65
AT1G05200	15.064814814814815
AT1G05203	0.43103448275862066
AT1G05205	29.914545454545454
AT1G05207	19.711111111111112
AT1G05210	13.185185185185185
AT1G05213	0.9666666666666667
AT1G05217	0.3
AT1G05220	1.686046511627907
AT1G05223	0.3666666666666667
AT1G05227	0.32
AT1G05230	5.290909090909091
AT1G05233	0.6
AT1G05237	0.6599999999999999
AT1G05240	0.18
AT1G05250	0.475
AT1G05260	64.19056603773586
AT1G05263	0.9666666666666667
AT1G05270	29.327272727272728
AT1G05277	1.55
AT1G05280	2.245454545454545
AT1G05287	0.25
AT1G05290	0.64
AT1G05291	0.39999999999999997
AT1G05293	0.45
AT1G05297	1.2955555555555556
AT1G05300	7.37037037037037
AT1G05307	0.5
AT1G05310	5.214814814814815
AT1G05313	0.4
AT1G05317	0.4227272727272727
AT1G05320	16.644444444444442
AT1G05330	0.6102564102564103
AT1G05340	19.362962962962964
AT1G05343	0.36250000000000004
AT1G05347	0.2
AT1G05350	27.236363636363638
AT1G05360	11.361818181818181
AT1G05363	0.53125
AT1G05367	0.5285714285714286
AT1G05370	2.0277777777777777
AT1G05380	21.272727272727273
AT1G05383	0.43333333333333335
AT1G05385	34.53818181818182
AT1G05387	0.30000000000000004
AT1G05397	0.5052631578947369
AT1G05400	1.4462962962962964
AT1G05410	16.490909090909092
AT1G05413	1.0
AT1G05420	3.246153846153846
AT1G05430	34.154545454545456
AT1G05440	4.213725490196078
AT1G05443	0.4411764705882353
AT1G05450	3.9761904761904754
AT1G05460	9.074074074074074
AT1G05463	0.6230769230769231
AT1G05467	7.098148148148148
AT1G05470	7.633333333333333
AT1G05473	1.15
AT1G05477	0.5
AT1G05487	0.21250000000000002
AT1G05490	3.04
AT1G05493	0.4333333333333333
AT1G05497	0.1
AT1G05500	36.69090909090909
AT1G05507	0.1
AT1G05510	0.9185185185185185
AT1G05517	1.0825
AT1G05520	27.545454545454547
AT1G05523	0.3
AT1G05527	0.2375
AT1G05530	1.9449999999999998
AT1G05533	0.5800000000000001
AT1G05537	0.5
AT1G05540	5.962962962962963
AT1G05543	0.18571428571428572
AT1G05547	0.6
AT1G05550	1.5976190476190475
AT1G05553	0.2
AT1G05557	0.5034482758620689
AT1G05567	0.8
AT1G05570	19.856363636363636
AT1G05575	9.049056603773586
AT1G05577	0.7297297297297298
AT1G05580	234.93
AT1G05583	0.25
AT1G05587	0.9
AT1G05590	12.796296296296296
AT1G05593	0.3
AT1G05600	6.5092592592592595
AT1G05603	0.2
AT1G05610	0.7823529411764707
AT1G05613	0.26666666666666666
AT1G05615	0.43333333333333335
AT1G05617	0.8
AT1G05620	18.98181818181818
AT1G05623	0.25
AT1G05630	10.652727272727272
AT1G05633	0.3
AT1G05640	3.229090909090909
AT1G05643	0.39999999999999997
AT1G05647	0.15000000000000002
AT1G05650	8.26
AT1G05653	1.0
AT1G05657	0.6
AT1G05660	12.738709677419354
AT1G05670	4.536363636363636
AT1G05675	5.245833333333334
AT1G05680	16.31320754716981
AT1G05683	0.5
AT1G05687	0.47692307692307695
AT1G05690	3.4854545454545454
AT1G05700	3.7476190476190476
AT1G05703	0.325
AT1G05707	0.19999999999999998
AT1G05710	10.389090909090909
AT1G05717	0.2
AT1G05720	24.165454545454544
AT1G05730	2.125925925925926
AT1G05733	0.2444444444444444
AT1G05740	0.315
AT1G05747	0.40625
AT1G05750	3.2254545454545456
AT1G05757	0.6500000000000001
AT1G05763	0.7
AT1G05770	1.7269230769230768
AT1G05773	1.8176470588235294
AT1G05777	0.7052631578947368
AT1G05780	10.127272727272727
AT1G05783	0.9075
AT1G05785	5.269090909090909
AT1G05790	16.654545454545456
AT1G05793	0.4
AT1G05797	0.44999999999999996
AT1G05800	0.24615384615384617
AT1G05803	0.525
AT1G05805	32.166666666666664
AT1G05807	0.38
AT1G05810	18.98148148148148
AT1G05813	0.43333333333333335
AT1G05817	0.6666666666666666
AT1G05820	6.4763636363636365
AT1G05823	0.3
AT1G05827	0.6
AT1G05830	16.78181818181818
AT1G05833	0.597872340425532
AT1G05835	2.9066666666666667
AT1G05840	24.454545454545453
AT1G05843	0.13
AT1G05850	452.7818181818182
AT1G05853	6.041666666666667
AT1G05857	0.6222222222222222
AT1G05860	9.274545454545455
AT1G05863	0.5
AT1G05867	0.4647058823529412
AT1G05870	27.329090909090908
AT1G05880	0.7529411764705882
AT1G05890	42.58181818181818
AT1G05894	0.5392156862745098
AT1G05897	0.375
AT1G05900	16.87636363636364
AT1G05907	0.9
AT1G05910	15.50909090909091
AT1G05913	0.8444444444444444
AT1G05920	0.3
AT1G05930	0.275
AT1G05933	0.4666666666666667
AT1G05937	0.48636363636363633
AT1G05940	26.2
AT1G05950	5.896296296296297
AT1G05960	36.38181818181818
AT1G05963	0.41999999999999993
AT1G05967	0.39999999999999997
AT1G05970	9.010909090909092
AT1G05977	0.63
AT1G05980	2.0
AT1G05983	0.9142857142857144
AT1G05987	0.671875
AT1G05990	1.8869565217391304
AT1G05993	12.366666666666665
AT1G05997	0.585
AT1G06000	0.1
AT1G06002	0.1
AT1G06007	0.3
AT1G06010	19.77777777777778
AT1G06013	0.5
AT1G06017	0.5965517241379309
AT1G06020	0.55
AT1G06023	0.2
AT1G06027	0.25999999999999995
AT1G06030	0.2777777777777778
AT1G06033	78.02075471698114
AT1G06037	0.3375
AT1G06040	122.38888888888889
AT1G06043	0.6499999999999999
AT1G06047	0.5
AT1G06050	6.618181818181818
AT1G06053	0.5
AT1G06057	0.3
AT1G06060	28.78181818181818
AT1G06070	18.64
AT1G06073	0.4428571428571429
AT1G06080	23.21509433962264
AT1G06083	2.276923076923077
AT1G06087	18.35
AT1G06090	6.454716981132075
AT1G06097	0.43333333333333335
AT1G06100	8.58
AT1G06103	0.25
AT1G06110	27.29090909090909
AT1G06113	1.24375
AT1G06117	2.742857142857143
AT1G06120	5.612121212121211
AT1G06123	1.177777777777778
AT1G06127	0.43333333333333335
AT1G06130	29.163636363636364
AT1G06133	0.4800000000000001
AT1G06135	0.34117647058823536
AT1G06137	0.3
AT1G06140	1.2581818181818183
AT1G06143	3.2018181818181817
AT1G06147	0.7
AT1G06148	0.26666666666666666
AT1G06150	22.90740740740741
AT1G06157	0.5
AT1G06160	5.403921568627451
AT1G06163	0.78
AT1G06170	0.551063829787234
AT1G06173	0.5642857142857142
AT1G06177	0.2
AT1G06180	12.28888888888889
AT1G06187	0.5333333333333333
AT1G06190	72.9509090909091
AT1G06197	0.4272727272727273
AT1G06200	68.27272727272727
AT1G06203	0.3666666666666667
AT1G06207	0.9552631578947368
AT1G06210	32.02363636363636
AT1G06217	0.5533333333333333
AT1G06220	34.152727272727276
AT1G06225	1.05
AT1G06227	3.480769230769231
AT1G06230	33.43636363636364
AT1G06240	14.458181818181819
AT1G06250	3.062962962962963
AT1G06260	0.16923076923076924
AT1G06263	2.15
AT1G06265	2.3568627450980393
AT1G06267	9.280000000000001
AT1G06270	5.0777777777777775
AT1G06273	11.973469387755102
AT1G06277	2.797368421052632
AT1G06280	0.54
AT1G06283	6.863636363636363
AT1G06287	0.225
AT1G06290	42.72727272727273
AT1G06293	0.3666666666666667
AT1G06307	0.35
AT1G06310	0.8682926829268292
AT1G06313	0.25
AT1G06320	0.58
AT1G06323	18.38
AT1G06330	1.132
AT1G06333	0.6
AT1G06340	0.525
AT1G06347	0.5
AT1G06350	22.11764705882353
AT1G06353	0.8
AT1G06357	0.25
AT1G06360	62.33137254901961
AT1G06373	0.4333333333333333
AT1G06377	0.43333333333333335
AT1G06380	12.056363636363637
AT1G06383	0.3666666666666667
AT1G06387	0.44999999999999996
AT1G06390	55.592592592592595
AT1G06393	0.55
AT1G06400	64.71090909090908
AT1G06403	0.8
AT1G06407	0.4749999999999999
AT1G06410	71.43636363636364
AT1G06413	1.0
AT1G06417	0.9874999999999998
AT1G06420	6.79433962264151
AT1G06430	77.49636363636364
AT1G06433	0.4
AT1G06437	0.9
AT1G06440	2.337037037037037
AT1G06443	0.3
AT1G06447	0.2
AT1G06450	1.0444444444444445
AT1G06457	84.39473684210526
AT1G06460	138.1090909090909
AT1G06463	38.81707317073171
AT1G06470	18.48909090909091
AT1G06473	4.863636363636363
AT1G06483	0.8526315789473684
AT1G06487	1.341860465116279
AT1G06490	2.1185185185185187
AT1G06493	0.6
AT1G06497	0.4571428571428572
AT1G06500	14.203703703703704
AT1G06510	25.25090909090909
AT1G06513	0.5
AT1G06515	23.796363636363637
AT1G06520	5.439215686274509
AT1G06527	0.3333333333333333
AT1G06530	0.2
AT1G06533	0.3
AT1G06537	38.888
AT1G06540	2.048837209302326
AT1G06543	0.4714285714285714
AT1G06547	7.884615384615385
AT1G06550	63.63999999999999
AT1G06553	26.561538461538458
AT1G06557	0.7
AT1G06560	12.277777777777779
AT1G06567	0.2333333333333333
AT1G06570	55.611111111111114
AT1G06573	3.5272727272727273
AT1G06577	1.8886363636363634
AT1G06580	2.3074074074074074
AT1G06583	0.5744186046511628
AT1G06590	6.638181818181819
AT1G06593	0.4928571428571429
AT1G06603	0.39999999999999997
AT1G06607	0.22000000000000003
AT1G06617	0.3
AT1G06620	19.74074074074074
AT1G06623	0.3
AT1G06627	0.1
AT1G06630	11.389090909090909
AT1G06637	0.39999999999999997
AT1G06640	85.51851851851852
AT1G06645	13.957407407407409
AT1G06650	38.351851851851855
AT1G06657	0.2
AT1G06660	4.212727272727273
AT1G06663	0.2
AT1G06667	46.12499999999999
AT1G06670	20.64
AT1G06673	7.333333333333333
AT1G06680	3339.4945454545455
AT1G06687	1.1066666666666667
AT1G06690	46.49454545454545
AT1G06693	0.8657894736842104
AT1G06697	0.1
AT1G06700	69.78181818181818
AT1G06703	0.1
AT1G06707	0.2
AT1G06710	2.5777777777777775
AT1G06713	0.525
AT1G06717	1.5659090909090911
AT1G06720	19.037037037037038
AT1G06723	0.3
AT1G06727	1.7774193548387098
AT1G06730	14.527272727272727
AT1G06733	1.1551724137931034
AT1G06737	0.5125000000000001
AT1G06740	2.9218181818181814
AT1G06743	0.43928571428571433
AT1G06750	1.51219512195122
AT1G06753	1.8978723404255318
AT1G06757	0.545
AT1G06760	132.62363636363636
AT1G06770	6.5600000000000005
AT1G06773	0.8857142857142858
AT1G06777	0.3
AT1G06780	14.163636363636364
AT1G06783	0.1
AT1G06790	8.43818181818182
AT1G06797	1.0
AT1G06800	3.3436363636363633
AT1G06810	0.2176470588235294
AT1G06817	0.30000000000000004
AT1G06820	22.20181818181818
AT1G06827	0.325
AT1G06830	21.574545454545454
AT1G06837	1.4547169811320753
AT1G06840	15.618181818181819
AT1G06850	14.018181818181818
AT1G06853	1.8421052631578947
AT1G06860	1.1666666666666667
AT1G06863	0.35
AT1G06867	0.29375
AT1G06870	20.327272727272728
AT1G06877	1.8733333333333335
AT1G06880	1.0
AT1G06883	0.2538461538461539
AT1G06890	58.2
AT1G06897	0.55
AT1G06900	26.527272727272727
AT1G06903	0.7
AT1G06907	0.3666666666666667
AT1G06910	6.748148148148148
AT1G06913	0.2
AT1G06917	0.2857142857142857
AT1G06920	1.5461538461538462
AT1G06923	1.7
AT1G06925	0.2
AT1G06927	0.5666666666666667
AT1G06930	2.146666666666667
AT1G06943	0.6
AT1G06947	0.1
AT1G06950	107.92592592592592
AT1G06953	0.3
AT1G06957	0.625
AT1G06960	16.345454545454544
AT1G06963	0.3923076923076923
AT1G06967	0.2
AT1G06970	1.910344827586207
AT1G06973	0.4
AT1G06977	1.5865384615384615
AT1G06980	5.061111111111111
AT1G06983	2.6357142857142857
AT1G06987	0.9142857142857144
AT1G06990	0.5857142857142856
AT1G06993	2.1448275862068966
AT1G06997	0.4
AT1G07000	18.15818181818182
AT1G07003	0.3666666666666667
AT1G07007	0.5
AT1G07010	50.27454545454545
AT1G07013	0.3
AT1G07017	2.15625
AT1G07020	9.767272727272728
AT1G07023	0.24117647058823527
AT1G07025	0.3
AT1G07027	0.45161290322580644
AT1G07030	27.12727272727273
AT1G07040	32.018181818181816
AT1G07050	31.703846153846158
AT1G07051	0.3666666666666667
AT1G07060	0.30952380952380953
AT1G07070	41.40363636363636
AT1G07080	108.78181818181818
AT1G07090	17.425925925925927
AT1G07100	1.0
AT1G07110	70.65454545454546
AT1G07117	0.5
AT1G07119	0.37800000000000006
AT1G07120	0.29677419354838713
AT1G07123	0.38000000000000006
AT1G07127	0.55
AT1G07128	0.315625
AT1G07133	0.38
AT1G07135	63.54727272727273
AT1G07140	198.6727272727273
AT1G07143	0.6
AT1G07147	0.3
AT1G07150	4.279629629629629
AT1G07157	0.4
AT1G07160	0.7822222222222222
AT1G07163	0.3
AT1G07167	1.6942307692307692
AT1G07170	19.69090909090909
AT1G07175	1.4931818181818182
AT1G07180	42.467272727272736
AT1G07183	0.6
AT1G07187	6.144230769230769
AT1G07190	0.2
AT1G07193	0.5333333333333333
AT1G07197	0.3
AT1G07200	14.796296296296296
AT1G07210	48.29090909090909
AT1G07220	13.836363636363636
AT1G07230	30.365454545454543
AT1G07233	0.1
AT1G07237	1.0
AT1G07240	26.38909090909091
AT1G07243	1.35
AT1G07250	36.61818181818182
AT1G07257	0.5
AT1G07260	6.138181818181818
AT1G07263	1.0
AT1G07267	0.13333333333333333
AT1G07270	1.5962962962962963
AT1G07273	0.1
AT1G07280	42.64181818181819
AT1G07283	0.3
AT1G07287	0.45294117647058824
AT1G07290	2.3181818181818183
AT1G07293	0.7666666666666666
AT1G07297	0.5
AT1G07300	4.887272727272728
AT1G07303	0.1
AT1G07310	40.78181818181818
AT1G07313	2.7311111111111113
AT1G07317	0.7
AT1G07320	364.6296296296296
AT1G07323	47.4
AT1G07327	0.3666666666666667
AT1G07330	4.086842105263157
AT1G07333	0.4
AT1G07337	0.1
AT1G07340	0.3181818181818182
AT1G07347	0.24
AT1G07350	41.56363636363636
AT1G07353	0.9
AT1G07357	0.32499999999999996
AT1G07360	46.07272727272727
AT1G07367	4.834883720930232
AT1G07370	31.166666666666668
AT1G07373	3.293023255813954
AT1G07380	9.203703703703704
AT1G07383	0.32857142857142857
AT1G07390	2.5518518518518523
AT1G07393	9.403125
AT1G07397	0.8333333333333334
AT1G07400	18.776363636363637
AT1G07407	0.9119999999999999
AT1G07410	5.818181818181818
AT1G07413	0.4083333333333334
AT1G07417	0.5076923076923077
AT1G07420	30.581818181818182
AT1G07423	0.51
AT1G07430	3.8333333333333335
AT1G07437	0.5
AT1G07440	42.038888888888884
AT1G07447	0.3
AT1G07450	4.946938775510205
AT1G07453	0.4
AT1G07457	0.19999999999999998
AT1G07460	0.26
AT1G07467	1.725
AT1G07470	15.818181818181818
AT1G07473	0.32352941176470584
AT1G07476	0.4181818181818182
AT1G07477	0.2090909090909091
AT1G07480	10.8
AT1G07483	1.1285714285714286
AT1G07485	0.26666666666666666
AT1G07490	0.56
AT1G07493	0.38
AT1G07497	3.6666666666666665
AT1G07503	0.2
AT1G07507	0.6
AT1G07510	10.709090909090909
AT1G07513	0.37058823529411766
AT1G07517	0.36046511627906974
AT1G07523	0.27499999999999997
AT1G07530	23.38888888888889
AT1G07533	0.75
AT1G07540	3.133333333333333
AT1G07543	0.884
AT1G07547	0.25333333333333335
AT1G07550	1.1310344827586205
AT1G07553	0.13333333333333333
AT1G07560	5.789655172413793
AT1G07570	13.75925925925926
AT1G07573	0.95
AT1G07583	0.45
AT1G07587	0.8897435897435896
AT1G07590	208.25454545454545
AT1G07593	72.14375000000001
AT1G07597	0.3666666666666667
AT1G07603	0.3470588235294118
AT1G07607	2.0943396226415096
AT1G07610	309.3127272727273
AT1G07615	9.583636363636364
AT1G07617	0.4000000000000001
AT1G07620	4.4369565217391305
AT1G07623	0.55
AT1G07627	0.2
AT1G07630	17.438181818181818
AT1G07633	0.6583333333333333
AT1G07637	0.8108108108108109
AT1G07640	13.925925925925926
AT1G07645	3.7736842105263158
AT1G07650	27.35185185185185
AT1G07653	1.4525000000000001
AT1G07657	0.38
AT1G07660	38.35454545454545
AT1G07663	0.37142857142857144
AT1G07670	28.436363636363637
AT1G07673	0.7
AT1G07680	0.39
AT1G07683	0.34285714285714286
AT1G07690	0.5
AT1G07693	0.9500000000000002
AT1G07697	0.3333333333333333
AT1G07700	39.654545454545456
AT1G07703	0.5038461538461538
AT1G07705	15.005454545454544
AT1G07707	0.5125000000000001
AT1G07710	1.0851851851851853
AT1G07717	0.1
AT1G07720	37.772222222222226
AT1G07723	0.2
AT1G07728	0.124
AT1G07730	0.14
AT1G07733	2.0
AT1G07740	1.9763636363636363
AT1G07743	4.516981132075471
AT1G07745	6.545454545454546
AT1G07747	0.55
AT1G07750	42.0
AT1G07757	0.425
AT1G07760	0.5
AT1G07763	0.26666666666666666
AT1G07767	0.8
AT1G07770	252.21636363636364
AT1G07777	0.6625
AT1G07780	4.235185185185185
AT1G07783	0.4000000000000001
AT1G07790	93.63818181818182
AT1G07793	0.24444444444444446
AT1G07795	1.125
AT1G07807	0.3266666666666667
AT1G07810	22.045454545454547
AT1G07820	104.83090909090909
AT1G07823	0.16666666666666666
AT1G07827	1.9
AT1G07830	31.14909090909091
AT1G07833	0.26666666666666666
AT1G07837	0.9
AT1G07840	20.037037037037038
AT1G07843	0.2
AT1G07850	1.076470588235294
AT1G07860	0.2333333333333333
AT1G07870	10.365454545454545
AT1G07873	0.7333333333333334
AT1G07877	0.7069767441860464
AT1G07880	6.574545454545455
AT1G07885	0.7044444444444443
AT1G07890	583.3636363636364
AT1G07897	10.217647058823527
AT1G07900	3.4934782608695656
AT1G07901	5.113207547169812
AT1G07902	5.39622641509434
AT1G07907	0.275
AT1G07910	8.872727272727273
AT1G07913	2.6
AT1G07917	0.4666666666666666
AT1G07920	153.38181818181818
AT1G07923	0.26
AT1G07930	246.5090909090909
AT1G07933	0.2333333333333333
AT1G07937	2.9086956521739133
AT1G07940	108.12727272727273
AT1G07943	0.30000000000000004
AT1G07947	0.4
AT1G07950	27.8
AT1G07957	3.9411764705882355
AT1G07960	29.272727272727273
AT1G07963	1.392105263157895
AT1G07967	0.55
AT1G07970	12.037037037037036
AT1G07973	1.0
AT1G07977	0.4666666666666666
AT1G07980	16.563636363636363
AT1G07985	4.733962264150944
AT1G07987	0.21111111111111114
AT1G07990	28.545454545454547
AT1G07993	0.7029411764705882
AT1G07997	0.4428571428571429
AT1G08000	8.085454545454546
AT1G08007	0.25
AT1G08010	22.618181818181817
AT1G08013	0.7
AT1G08027	0.38333333333333336
AT1G08030	17.327272727272728
AT1G08033	0.6333333333333333
AT1G08035	0.44042553191489353
AT1G08037	0.17500000000000002
AT1G08040	25.254545454545454
AT1G08043	0.16666666666666666
AT1G08047	0.7029411764705882
AT1G08050	6.181818181818182
AT1G08053	0.7
AT1G08057	0.35
AT1G08060	7.84909090909091
AT1G08063	0.25
AT1G08065	4.716666666666666
AT1G08070	1.4945454545454546
AT1G08077	0.5
AT1G08080	0.31153846153846154
AT1G08090	39.5936170212766
AT1G08097	1.2
AT1G08100	1.7285714285714284
AT1G08103	0.625
AT1G08110	105.76363636363637
AT1G08113	2.9357142857142864
AT1G08115	73.70227272727273
AT1G08117	30.964000000000002
AT1G08120	0.25
AT1G08123	5.1125
AT1G08125	20.254545454545454
AT1G08130	22.89090909090909
AT1G08135	5.857142857142857
AT1G08140	91.41111111111111
AT1G08143	0.1
AT1G08147	0.275
AT1G08150	90.15
AT1G08153	0.3
AT1G08160	19.333333333333332
AT1G08165	2.3115384615384618
AT1G08170	1.177777777777778
AT1G08173	1.6928571428571426
AT1G08177	0.44999999999999996
AT1G08180	7.962962962962963
AT1G08183	0.625
AT1G08190	59.85454545454545
AT1G08193	0.32
AT1G08200	215.05454545454546
AT1G08207	0.25
AT1G08210	17.59259259259259
AT1G08213	0.45581395348837206
AT1G08217	0.5461538461538461
AT1G08220	8.058181818181819
AT1G08227	0.1
AT1G08230	10.962962962962964
AT1G08237	0.3
AT1G08247	0.2
AT1G08253	0.4
AT1G08257	0.39999999999999997
AT1G08260	4.650909090909091
AT1G08267	0.6166666666666667
AT1G08270	2.1703703703703705
AT1G08273	0.33636363636363636
AT1G08277	1.0
AT1G08280	9.574545454545454
AT1G08283	6.224528301886792
AT1G08290	2.7622641509433965
AT1G08293	1.917391304347826
AT1G08300	3.870909090909091
AT1G08307	0.5
AT1G08310	3.2518518518518524
AT1G08313	0.4
AT1G08315	0.34
AT1G08320	7.22
AT1G08327	5.311111111111111
AT1G08333	1.2076923076923076
AT1G08340	6.814814814814815
AT1G08347	48.48888888888889
AT1G08350	8.074545454545454
AT1G08353	47.81428571428571
AT1G08357	0.9
AT1G08360	361.9218181818182
AT1G08363	0.3666666666666667
AT1G08370	37.14545454545455
AT1G08377	0.425
AT1G08380	3178.7654545454548
AT1G08383	1.25
AT1G08387	0.1
AT1G08390	7.018518518518518
AT1G08393	1.2652173913043478
AT1G08397	0.39999999999999997
AT1G08400	4.225454545454546
AT1G08403	0.3
AT1G08410	15.692727272727273
AT1G08413	0.9750000000000001
AT1G08417	3.283333333333333
AT1G08420	29.69090909090909
AT1G08427	0.8531249999999999
AT1G08430	5.513636363636364
AT1G08433	0.3
AT1G08440	0.775
AT1G08443	0.7157894736842105
AT1G08447	0.8
AT1G08450	92.9074074074074
AT1G08453	0.27999999999999997
AT1G08457	0.22727272727272727
AT1G08460	18.509090909090908
AT1G08465	20.302
AT1G08470	20.894545454545455
AT1G08473	0.3
AT1G08480	106.45454545454545
AT1G08483	0.42500000000000004
AT1G08487	0.72
AT1G08490	39.54909090909091
AT1G08493	0.9624999999999999
AT1G08500	8.748148148148148
AT1G08503	0.13333333333333333
AT1G08507	4.056603773584905
AT1G08510	108.72727272727273
AT1G08517	0.43333333333333335
AT1G08520	141.91272727272727
AT1G08523	0.5
AT1G08530	12.52909090909091
AT1G08540	89.40545454545455
AT1G08550	55.018181818181816
AT1G08560	41.27777777777778
AT1G08563	1.541025641025641
AT1G08567	0.4111111111111111
AT1G08570	80.78363636363638
AT1G08573	0.3333333333333333
AT1G08577	0.6166666666666666
AT1G08580	56.96727272727272
AT1G08590	0.5161290322580645
AT1G08600	15.054545454545455
AT1G08603	0.2
AT1G08607	0.20000000000000004
AT1G08610	7.62962962962963
AT1G08620	13.163636363636364
AT1G08623	1.0
AT1G08630	5.014545454545455
AT1G08633	0.2565217391304348
AT1G08637	0.5666666666666667
AT1G08640	79.60181818181819
AT1G08643	154.66
AT1G08645	0.2
AT1G08650	31.22
AT1G08653	0.45
AT1G08660	28.754545454545454
AT1G08663	0.2
AT1G08670	4.739393939393938
AT1G08673	0.7
AT1G08677	0.3
AT1G08680	23.745454545454546
AT1G08695	3.5833333333333335
AT1G08697	2.4045454545454543
AT1G08700	29.418181818181818
AT1G08703	0.4666666666666666
AT1G08710	11.036363636363637
AT1G08717	0.5
AT1G08720	15.018518518518519
AT1G08723	0.2
AT1G08730	0.9666666666666668
AT1G08733	0.4428571428571429
AT1G08743	0.4
AT1G08747	0.6275000000000001
AT1G08750	12.840000000000002
AT1G08753	0.3
AT1G08757	1.2736842105263158
AT1G08760	13.018181818181818
AT1G08763	4.570588235294117
AT1G08767	0.3
AT1G08770	23.363636363636363
AT1G08773	0.3
AT1G08777	0.54
AT1G08780	44.74545454545454
AT1G08790	0.4714285714285715
AT1G08800	13.547272727272727
AT1G08807	0.35
AT1G08810	12.201851851851854
AT1G08813	1.32
AT1G08817	0.5
AT1G08820	29.89090909090909
AT1G08823	1.0
AT1G08827	0.3333333333333333
AT1G08830	330.2
AT1G08833	0.684375
AT1G08840	3.5709090909090904
AT1G08843	0.7000000000000001
AT1G08845	8.722222222222221
AT1G08847	20.29591836734694
AT1G08857	0.42599999999999993
AT1G08860	0.859090909090909
AT1G08863	0.32
AT1G08877	0.27499999999999997
AT1G08880	107.72222222222223
AT1G08887	0.8
AT1G08890	20.92962962962963
AT1G08893	0.2
AT1G08900	14.642592592592594
AT1G08903	15.7625
AT1G08907	0.5
AT1G08910	15.925925925925926
AT1G08913	0.4
AT1G08920	27.03090909090909
AT1G08923	0.38571428571428573
AT1G08927	0.5
AT1G08930	126.79629629629629
AT1G08933	0.41999999999999993
AT1G08937	12.617021276595745
AT1G08940	14.925925925925926
AT1G08947	2.2199999999999998
AT1G08950	1.1333333333333333
AT1G08960	9.50925925925926
AT1G08967	0.4333333333333333
AT1G08970	35.851851851851855
AT1G08973	0.4307692307692308
AT1G08977	0.4333333333333333
AT1G08980	71.16666666666667
AT1G08983	0.1
AT1G08985	0.75
AT1G08987	2.315384615384615
AT1G08990	7.552631578947367
AT1G08993	0.4
AT1G08997	0.775
AT1G09000	4.263636363636364
AT1G09007	0.1
AT1G09010	40.370370370370374
AT1G09017	0.3666666666666667
AT1G09020	35.54545454545455
AT1G09023	0.266
AT1G09030	0.325
AT1G09037	0.3
AT1G09040	2.8290909090909095
AT1G09043	0.8833333333333334
AT1G09047	0.25
AT1G09050	2.9854545454545454
AT1G09060	24.90909090909091
AT1G09063	0.2
AT1G09070	208.5090909090909
AT1G09080	2.9041666666666663
AT1G09083	20.955555555555552
AT1G09087	19.2921568627451
AT1G09090	6.996969696969696
AT1G09097	0.4866666666666667
AT1G09100	32.98909090909091
AT1G09103	1.7307692307692308
AT1G09110	0.75
AT1G09113	0.45
AT1G09117	0.1
AT1G09127	0.2
AT1G09130	159.4181818181818
AT1G09133	0.2
AT1G09137	0.36
AT1G09140	52.92727272727273
AT1G09143	0.5
AT1G09147	0.3
AT1G09150	46.32727272727273
AT1G09153	0.6
AT1G09155	3.3882352941176475
AT1G09157	0.5777777777777777
AT1G09160	27.04
AT1G09163	0.41111111111111115
AT1G09170	1.9519230769230766
AT1G09176	1.0578947368421052
AT1G09180	3.7807692307692307
AT1G09187	0.1
AT1G09190	4.16
AT1G09193	0.2277777777777778
AT1G09195	4.946296296296297
AT1G09197	0.1
AT1G09200	192.31272727272727
AT1G09210	161.25454545454545
AT1G09213	0.4333333333333333
AT1G09217	0.6833333333333333
AT1G09220	1.7735849056603774
AT1G09223	0.56
AT1G09227	0.2
AT1G09230	14.456363636363637
AT1G09240	15.795744680851065
AT1G09243	0.1
AT1G09245	3.3199999999999994
AT1G09247	0.1
AT1G09250	29.12962962962963
AT1G09253	0.6384615384615385
AT1G09260	0.54
AT1G09263	0.5
AT1G09267	1.125581395348837
AT1G09270	52.14545454545455
AT1G09273	0.5000000000000001
AT1G09280	17.145454545454545
AT1G09287	1.55
AT1G09290	11.944444444444445
AT1G09293	0.3909090909090909
AT1G09297	0.8941176470588235
AT1G09300	7.96909090909091
AT1G09307	0.26666666666666666
AT1G09310	1085.4727272727273
AT1G09313	0.6
AT1G09320	7.618181818181818
AT1G09330	34.21818181818182
AT1G09337	0.6
AT1G09340	496.71454545454543
AT1G09343	0.8181818181818182
AT1G09350	11.012500000000001
AT1G09353	0.39999999999999997
AT1G09357	0.2333333333333333
AT1G09360	0.3
AT1G09363	0.6
AT1G09367	2.3255813953488373
AT1G09370	0.8483870967741935
AT1G09373	0.3
AT1G09377	0.37142857142857144
AT1G09380	3.681578947368421
AT1G09387	0.6
AT1G09390	16.703703703703702
AT1G09400	0.552
AT1G09407	0.5
AT1G09410	1.3370370370370368
AT1G09415	34.092592592592595
AT1G09417	1.1333333333333333
AT1G09420	5.43888888888889
AT1G09421	0.15555555555555556
AT1G09427	0.7523809523809524
AT1G09430	66.0925925925926
AT1G09437	0.34444444444444444
AT1G09440	7.592592592592593
AT1G09447	0.8925000000000001
AT1G09450	4.59433962264151
AT1G09453	0.2
AT1G09457	1.0374999999999999
AT1G09460	14.57777777777778
AT1G09463	0.8095238095238095
AT1G09467	49.166666666666664
AT1G09470	8.842592592592593
AT1G09477	0.33749999999999997
AT1G09480	3.0
AT1G09483	0.45
AT1G09487	0.1
AT1G09490	25.462962962962962
AT1G09493	0.2444444444444444
AT1G09497	0.6857142857142857
AT1G09500	6.920754716981131
AT1G09507	0.2
AT1G09510	0.5363636363636364
AT1G09513	1.5266666666666668
AT1G09517	0.23076923076923078
AT1G09520	20.681818181818183
AT1G09527	0.6615384615384615
AT1G09530	11.481481481481481
AT1G09533	26.35185185185185
AT1G09537	1.7304347826086959
AT1G09540	2.840816326530612
AT1G09543	1.3345454545454547
AT1G09547	0.3
AT1G09550	0.6333333333333333
AT1G09553	0.37058823529411766
AT1G09560	187.4018181818182
AT1G09570	47.46296296296296
AT1G09573	0.9909090909090907
AT1G09575	4.574545454545454
AT1G09577	0.26666666666666666
AT1G09580	17.672727272727272
AT1G09583	1.28
AT1G09590	318.2127272727273
AT1G09593	0.17500000000000002
AT1G09600	2.5274509803921568
AT1G09603	0.1
AT1G09607	0.884375
AT1G09610	0.43703703703703706
AT1G09613	0.5
AT1G09620	71.19090909090909
AT1G09630	34.20727272727273
AT1G09633	0.36
AT1G09637	0.9166666666666666
AT1G09640	198.4090909090909
AT1G09645	34.03818181818182
AT1G09647	2.3204545454545453
AT1G09650	0.684
AT1G09653	0.425
AT1G09660	34.72727272727273
AT1G09663	0.5
AT1G09665	0.13333333333333333
AT1G09667	0.2166666666666667
AT1G09677	0.5694444444444444
AT1G09680	2.1925925925925926
AT1G09683	0.42500000000000004
AT1G09687	74.72727272727273
AT1G09690	490.4727272727273
AT1G09693	0.7178571428571429
AT1G09697	0.3071428571428572
AT1G09700	11.481481481481481
AT1G09703	0.38571428571428573
AT1G09710	6.090909090909091
AT1G09717	0.2
AT1G09720	0.3
AT1G09723	0.65
AT1G09730	19.98181818181818
AT1G09733	0.35454545454545455
AT1G09737	0.575
AT1G09740	52.93888888888888
AT1G09743	0.25
AT1G09747	0.3
AT1G09750	182.62962962962962
AT1G09753	5.229411764705883
AT1G09757	0.2636363636363636
AT1G09760	62.661818181818184
AT1G09763	0.7
AT1G09767	0.2
AT1G09770	75.14545454545454
AT1G09773	0.1
AT1G09777	0.3789473684210526
AT1G09780	151.7018181818182
AT1G09783	0.2766666666666666
AT1G09787	8.846808510638297
AT1G09790	0.7857142857142857
AT1G09793	0.1
AT1G09794	8.309090909090909
AT1G09795	91.2
AT1G09797	0.3277777777777777
AT1G09800	5.194545454545454
AT1G09803	0.4222222222222222
AT1G09810	10.018181818181818
AT1G09812	2.3648148148148147
AT1G09813	0.6
AT1G09815	44.07272727272727
AT1G09820	4.881481481481482
AT1G09823	0.6303030303030304
AT1G09830	29.330909090909092
AT1G09837	0.6578947368421053
AT1G09840	28.962962962962962
AT1G09850	27.145454545454545
AT1G09853	0.3
AT1G09857	1.0
AT1G09860	0.15000000000000002
AT1G09863	0.8452830188679245
AT1G09867	39.57647058823529
AT1G09870	23.743636363636366
AT1G09880	0.716
AT1G09890	1.987037037037037
AT1G09897	1.1307692307692305
AT1G09900	20.347272727272724
AT1G09907	0.35
AT1G09910	11.072727272727272
AT1G09913	0.508695652173913
AT1G09917	0.8999999999999999
AT1G09920	50.236363636363635
AT1G09923	0.48333333333333334
AT1G09930	0.5266666666666666
AT1G09932	10.169090909090908
AT1G09935	0.2666666666666667
AT1G09937	3.293103448275862
AT1G09940	28.145454545454545
AT1G09947	0.9285714285714287
AT1G09950	3.354901960784314
AT1G09953	0.5
AT1G09960	7.216666666666667
AT1G09963	0.25000000000000006
AT1G09967	0.3
AT1G09970	127.23636363636363
AT1G09973	1.0
AT1G09977	0.3
AT1G09980	17.87272727272727
AT1G09983	1.0
AT1G09987	0.17142857142857146
AT1G09993	0.6682926829268292
AT1G09995	6.612727272727272
AT1G10000	1.5555555555555556
AT1G10010	0.7749999999999999
AT1G10020	24.574074074074073
AT1G10030	24.765454545454542
AT1G10040	3.587037037037037
AT1G10050	8.007272727272726
AT1G10060	14.160000000000002
AT1G10070	15.096363636363638
AT1G10090	23.418181818181818
AT1G10095	3.2462962962962965
AT1G10100	0.5615384615384615
AT1G10110	0.1875
AT1G10120	14.987272727272726
AT1G10130	22.443636363636365
AT1G10140	18.87037037037037
AT1G10155	0.4739130434782609
AT1G10170	27.70909090909091
AT1G10180	17.85185185185185
AT1G10190	0.35
AT1G10200	98.53703703703704
AT1G10210	8.053703703703704
AT1G10220	0.9723404255319149
AT1G10225	0.3294117647058824
AT1G10230	36.981818181818184
AT1G10240	6.565454545454545
AT1G10250	0.2
AT1G10270	11.018518518518519
AT1G10280	5.5181818181818185
AT1G10290	51.4
AT1G10300	1.388372093023256
AT1G10310	26.96909090909091
AT1G10320	14.0
AT1G10330	2.259259259259259
AT1G10340	7.35
AT1G10350	13.37037037037037
AT1G10360	50.31090909090909
AT1G10370	105.48148148148148
AT1G10380	14.087037037037037
AT1G10385	1.1916666666666667
AT1G10390	41.0
AT1G10400	1.7536585365853656
AT1G10410	33.69090909090909
AT1G10417	1.1388888888888888
AT1G10430	30.927272727272726
AT1G10440	2.0
AT1G10450	13.696363636363635
AT1G10455	0.4555555555555555
AT1G10460	1.9962962962962965
AT1G10470	65.7090909090909
AT1G10480	3.8977777777777787
AT1G10490	13.43818181818182
AT1G10500	81.77454545454546
AT1G10510	40.32727272727273
AT1G10520	2.130909090909091
AT1G10522	52.06181818181818
AT1G10530	1.3653061224489793
AT1G10540	2.5291666666666663
AT1G10550	4.558490566037736
AT1G10560	3.174545454545455
AT1G10570	15.883333333333335
AT1G10580	37.836363636363636
AT1G10585	16.317647058823532
AT1G10586	0.36428571428571427
AT1G10588	0.3
AT1G10590	144.5818181818182
AT1G10600	22.236363636363638
AT1G10610	7.541818181818182
AT1G10620	22.2875
AT1G10630	82.45454545454545
AT1G10640	18.943396226415093
AT1G10650	20.509090909090908
AT1G10657	17.194339622641508
AT1G10660	36.90909090909091
AT1G10670	164.72727272727272
AT1G10680	1.4000000000000001
AT1G10682	142.7962962962963
AT1G10690	5.622222222222223
AT1G10700	22.89090909090909
AT1G10710	0.5404255319148936
AT1G10715	0.2
AT1G10720	23.163636363636364
AT1G10730	8.676363636363636
AT1G10740	33.92727272727273
AT1G10745	0.9375
AT1G10747	0.36666666666666664
AT1G10750	3.461111111111111
AT1G10760	117.85454545454546
AT1G10770	135.02499999999998
AT1G10780	7.592727272727273
AT1G10790	1.0960784313725491
AT1G10800	1.4403846153846156
AT1G10810	1.7333333333333332
AT1G10820	21.185185185185187
AT1G10830	22.296296296296298
AT1G10840	95.81818181818181
AT1G10850	15.685185185185185
AT1G10865	29.418181818181818
AT1G10870	16.823636363636364
AT1G10875	0.25
AT1G10880	0.15000000000000002
AT1G10890	38.69090909090909
AT1G10900	22.296296296296298
AT1G10910	28.62962962962963
AT1G10920	4.861111111111111
AT1G10930	10.654545454545454
AT1G10940	60.69090909090909
AT1G10950	91.2909090909091
AT1G10960	479.56545454545454
AT1G10970	15.507272727272726
AT1G10980	1.8256410256410258
AT1G10990	8.45
AT1G11000	10.074074074074074
AT1G11020	17.509090909090908
AT1G11040	2.95
AT1G11050	0.1
AT1G11060	10.301818181818183
AT1G11070	0.9018181818181817
AT1G11080	14.518367346938778
AT1G11100	1.641818181818182
AT1G11110	0.5666666666666667
AT1G11112	3.0
AT1G11120	6.616666666666667
AT1G11125	2.4
AT1G11130	16.424074074074074
AT1G11145	0.3
AT1G11160	2.435185185185185
AT1G11170	3.06
AT1G11175	21.70909090909091
AT1G11180	14.356363636363637
AT1G11185	10.423529411764704
AT1G11190	11.114545454545453
AT1G11200	17.574074074074073
AT1G11210	21.68909090909091
AT1G11220	4.54
AT1G11230	0.26666666666666666
AT1G11240	18.825454545454548
AT1G11250	0.24999999999999997
AT1G11260	135.42000000000002
AT1G11270	3.390909090909091
AT1G11280	17.963636363636365
AT1G11290	4.646296296296296
AT1G11300	3.009259259259259
AT1G11303	4.808
AT1G11310	78.70370370370371
AT1G11320	3.9781818181818185
AT1G11330	15.86851851851852
AT1G11340	1.73265306122449
AT1G11350	18.296296296296298
AT1G11360	27.990909090909092
AT1G11362	1.072
AT1G11370	0.7222222222222221
AT1G11380	15.872727272727273
AT1G11390	13.309090909090909
AT1G11400	18.327272727272728
AT1G11410	10.876363636363637
AT1G11420	4.198148148148148
AT1G11430	181.22
AT1G11440	14.962962962962964
AT1G11450	9.421153846153846
AT1G11460	1.1820512820512818
AT1G11470	0.3
AT1G11475	66.9509090909091
AT1G11480	50.25454545454546
AT1G11490	0.5255319148936171
AT1G11500	0.8245283018867925
AT1G11510	2.5625
AT1G11520	0.9999999999999999
AT1G11530	35.870370370370374
AT1G11540	2.889130434782609
AT1G11545	45.238181818181815
AT1G11560	0.2962962962962963
AT1G11570	1.4836363636363636
AT1G11572	2.748
AT1G11580	94.18518518518519
AT1G11590	0.2
AT1G11591	0.17500000000000002
AT1G11592	6.452830188679245
AT1G11593	0.4833333333333334
AT1G11600	21.860416666666666
AT1G11608	0.3333333333333333
AT1G11610	1.9714285714285713
AT1G11620	0.2
AT1G11630	9.114545454545455
AT1G11640	2.4066666666666667
AT1G11650	248.63636363636363
AT1G11655	1.7703703703703704
AT1G11660	25.545454545454547
AT1G11670	26.14814814814815
AT1G11680	82.16363636363636
AT1G11684	0.8500000000000001
AT1G11690	0.34615384615384615
AT1G11700	24.962962962962962
AT1G11710	2.562962962962963
AT1G11720	25.51851851851852
AT1G11730	2.9622641509433962
AT1G11735	4.583333333333333
AT1G11740	2.351923076923077
AT1G11750	113.57407407407408
AT1G11755	11.61111111111111
AT1G11760	13.145454545454545
AT1G11765	242.5
AT1G11770	17.7375
AT1G11780	10.472727272727273
AT1G11785	0.8804347826086957
AT1G11790	23.865454545454543
AT1G11800	8.727272727272727
AT1G11810	0.20000000000000004
AT1G11820	42.166666666666664
AT1G11840	323.05454545454546
AT1G11850	61.934
AT1G11860	645.9818181818182
AT1G11870	21.794545454545457
AT1G11880	5.444444444444445
AT1G11890	50.36363636363637
AT1G11900	1.1333333333333333
AT1G11905	17.636363636363637
AT1G11910	290.74545454545455
AT1G11915	1.1735849056603773
AT1G11920	0.77
AT1G11925	2.055
AT1G11930	67.54545454545455
AT1G11940	6.7272727272727275
AT1G11950	4.632727272727273
AT1G11960	10.925925925925926
AT1G11970	0.375
AT1G11980	0.4
AT1G11990	4.99090909090909
AT1G12000	90.24363636363636
AT1G12010	9.437037037037037
AT1G12013	34.18
AT1G12015	3.7199999999999998
AT1G12020	7.833333333333333
AT1G12030	3.3770833333333328
AT1G12040	26.933333333333334
AT1G12050	44.907407407407405
AT1G12060	7.5
AT1G12064	0.556
AT1G12070	5.589999999999999
AT1G12080	176.64814814814815
AT1G12090	716.6666666666666
AT1G12100	3.1679999999999997
AT1G12110	117.77777777777777
AT1G12120	46.49090909090909
AT1G12130	0.4575757575757576
AT1G12140	27.53272727272727
AT1G12150	0.9888888888888888
AT1G12160	6.4
AT1G12170	0.6
AT1G12180	6.48888888888889
AT1G12190	0.5
AT1G12200	16.118867924528303
AT1G12210	0.4653846153846154
AT1G12211	0.1
AT1G12220	5.488888888888888
AT1G12230	80.85636363636364
AT1G12240	112.30909090909091
AT1G12244	16.369090909090907
AT1G12250	57.03703703703704
AT1G12260	3.5309090909090908
AT1G12270	51.71818181818182
AT1G12280	6.7555555555555555
AT1G12290	2.277777777777778
AT1G12300	2.4240740740740736
AT1G12320	3.5018181818181824
AT1G12330	22.98148148148148
AT1G12340	0.445
AT1G12350	17.036363636363635
AT1G12360	42.945454545454545
AT1G12370	7.598181818181818
AT1G12380	9.925925925925926
AT1G12390	17.29090909090909
AT1G12400	11.94909090909091
AT1G12410	163.7072727272727
AT1G12411	0.5
AT1G12420	12.645454545454545
AT1G12430	17.099999999999998
AT1G12440	74.41272727272727
AT1G12450	15.418181818181818
AT1G12460	9.387037037037036
AT1G12470	23.30909090909091
AT1G12480	1.9673076923076922
AT1G12490	0.2870967741935484
AT1G12500	47.666666666666664
AT1G12520	59.92909090909091
AT1G12530	26.763636363636362
AT1G12540	0.48571428571428577
AT1G12550	7.327272727272727
AT1G12560	23.551612903225806
AT1G12570	7.946666666666667
AT1G12580	34.03703703703704
AT1G12590	0.9
AT1G12600	0.8078431372549019
AT1G12610	7.663636363636364
AT1G12615	0.30000000000000004
AT1G12620	4.450909090909091
AT1G12630	0.5583333333333332
AT1G12640	30.181818181818183
AT1G12650	26.712727272727275
AT1G12660	0.72
AT1G12663	0.3714285714285714
AT1G12665	0.9999999999999998
AT1G12672	0.7586206896551724
AT1G12680	17.745454545454546
AT1G12700	2.975925925925926
AT1G12710	14.24909090909091
AT1G12730	7.996363636363637
AT1G12740	11.670731707317074
AT1G12750	15.363636363636363
AT1G12760	53.63636363636363
AT1G12770	37.54545454545455
AT1G12775	2.7454545454545456
AT1G12780	60.63636363636363
AT1G12790	4.412727272727272
AT1G12800	120.85185185185185
AT1G12805	7.632352941176471
AT1G12810	42.85454545454545
AT1G12820	21.12909090909091
AT1G12840	85.81818181818181
AT1G12845	21.185185185185187
AT1G12850	39.30909090909091
AT1G12855	0.2457142857142857
AT1G12860	30.63518518518519
AT1G12870	0.2375
AT1G12880	11.321818181818182
AT1G12890	1.3131578947368423
AT1G12900	1179.4927272727273
AT1G12910	35.0
AT1G12920	94.36
AT1G12930	12.565454545454546
AT1G12940	0.9606060606060606
AT1G12950	7.028301886792453
AT1G12960	0.85
AT1G12970	10.10909090909091
AT1G12980	0.34411764705882353
AT1G12990	18.654545454545456
AT1G13000	16.925925925925927
AT1G13010	2.0
AT1G13020	30.818181818181817
AT1G13030	9.63090909090909
AT1G13040	3.6777777777777776
AT1G13050	5.207407407407407
AT1G13060	112.28727272727274
AT1G13080	29.24814814814815
AT1G13090	45.27777777777778
AT1G13100	9.39074074074074
AT1G13110	87.5
AT1G13120	15.563636363636364
AT1G13130	2.3510204081632655
AT1G13140	0.823076923076923
AT1G13150	1.4538461538461538
AT1G13160	21.916363636363638
AT1G13170	18.287272727272725
AT1G13180	10.043636363636363
AT1G13190	36.69090909090909
AT1G13195	9.127272727272727
AT1G13200	0.19444444444444445
AT1G13210	28.24074074074074
AT1G13220	14.587272727272726
AT1G13230	0.7431818181818183
AT1G13240	2.0
AT1G13245	77.42592592592592
AT1G13250	21.01851851851852
AT1G13260	49.388888888888886
AT1G13270	61.7037037037037
AT1G13280	52.2037037037037
AT1G13290	0.7142857142857143
AT1G13300	28.98333333333333
AT1G13310	0.5525
AT1G13320	46.54545454545455
AT1G13330	3.90188679245283
AT1G13340	9.903703703703703
AT1G13350	23.436363636363637
AT1G13360	57.472727272727276
AT1G13370	0.6145833333333334
AT1G13380	38.648148148148145
AT1G13390	25.418181818181818
AT1G13400	0.77
AT1G13410	2.132727272727273
AT1G13420	7.970588235294118
AT1G13430	3.2448979591836733
AT1G13440	1099.0181818181818
AT1G13448	3.0611111111111113
AT1G13450	26.036363636363635
AT1G13460	14.327272727272728
AT1G13470	16.185294117647057
AT1G13480	2.802380952380952
AT1G13485	0.7
AT1G13490	0.4272727272727273
AT1G13500	1.2647058823529413
AT1G13510	2.996969696969697
AT1G13520	6.475510204081634
AT1G13530	3.508888888888889
AT1G13540	1.544
AT1G13550	1.0133333333333332
AT1G13560	63.89090909090909
AT1G13570	13.836363636363636
AT1G13580	9.34909090909091
AT1G13590	13.66451612903226
AT1G13600	3.2830188679245285
AT1G13605	4.08
AT1G13607	1.3
AT1G13608	3.5999999999999996
AT1G13609	91.37142857142857
AT1G13610	0.8894736842105262
AT1G13620	1.4620689655172414
AT1G13630	2.062962962962963
AT1G13635	4.148979591836735
AT1G13640	33.6
AT1G13650	25.908510638297873
AT1G13670	10.30754716981132
AT1G13680	0.31379310344827593
AT1G13690	31.819999999999997
AT1G13700	9.555555555555555
AT1G13710	7.885416666666667
AT1G13730	26.84
AT1G13740	6.666666666666667
AT1G13750	9.5
AT1G13755	1.2142857142857142
AT1G13760	0.4
AT1G13770	10.603636363636365
AT1G13780	5.6
AT1G13790	4.324074074074074
AT1G13800	1.112962962962963
AT1G13810	8.88888888888889
AT1G13820	43.25636363636364
AT1G13825	0.49230769230769234
AT1G13830	5.059615384615384
AT1G13840	2.0
AT1G13860	11.465454545454547
AT1G13870	18.474545454545456
AT1G13880	22.654545454545456
AT1G13890	21.63
AT1G13900	22.945454545454545
AT1G13910	6.479629629629629
AT1G13920	7.22037037037037
AT1G13930	903.5490909090909
AT1G13940	9.783636363636363
AT1G13950	20.29090909090909
AT1G13960	16.945454545454545
AT1G13970	28.8462962962963
AT1G13980	21.87272727272727
AT1G13990	48.945454545454545
AT1G14000	59.12
AT1G14010	48.69090909090909
AT1G14020	16.78181818181818
AT1G14030	26.138181818181817
AT1G14040	8.040740740740741
AT1G14048	0.20000000000000004
AT1G14060	21.444444444444443
AT1G14071	3.977551020408163
AT1G14080	4.806521739130434
AT1G14100	0.3147058823529412
AT1G14110	0.6
AT1G14120	25.724528301886796
AT1G14130	13.129090909090909
AT1G14140	17.670909090909092
AT1G14150	76.96727272727273
AT1G14160	9.006451612903225
AT1G14170	18.14181818181818
AT1G14180	7.220000000000001
AT1G14185	3.130769230769231
AT1G14190	2.696296296296296
AT1G14200	20.89090909090909
AT1G14205	10.24909090909091
AT1G14210	46.60909090909091
AT1G14220	4.140000000000001
AT1G14230	17.527272727272727
AT1G14240	6.454901960784314
AT1G14250	31.746938775510202
AT1G14260	2.727272727272727
AT1G14270	45.72727272727273
AT1G14280	35.425925925925924
AT1G14290	28.236363636363638
AT1G14300	16.185185185185187
AT1G14310	18.672727272727272
AT1G14315	0.19999999999999998
AT1G14320	655.6727272727272
AT1G14330	12.763636363636364
AT1G14340	20.574074074074073
AT1G14345	104.79629629629629
AT1G14350	15.314814814814815
AT1G14360	35.45454545454545
AT1G14370	13.651851851851852
AT1G14380	22.962962962962962
AT1G14390	1.6185185185185185
AT1G14400	116.9090909090909
AT1G14410	30.61111111111111
AT1G14420	110.88888888888889
AT1G14430	4.721818181818182
AT1G14440	14.486792452830187
AT1G14450	19.37636363636364
AT1G14453	0.26666666666666666
AT1G14455	1.523684210526316
AT1G14460	10.4
AT1G14470	1.6703703703703705
AT1G14480	4.62962962962963
AT1G14490	1.7092592592592593
AT1G14500	0.29230769230769227
AT1G14510	45.70909090909091
AT1G14518	0.20000000000000004
AT1G14520	8.125925925925925
AT1G14530	7.734545454545454
AT1G14540	13.255102040816327
AT1G14550	3.072413793103448
AT1G14560	14.145454545454545
AT1G14570	49.07272727272727
AT1G14580	15.663636363636364
AT1G14590	11.236363636363636
AT1G14600	5.048148148148148
AT1G14610	64.67272727272727
AT1G14620	28.365454545454543
AT1G14630	5.771698113207547
AT1G14640	4.253703703703703
AT1G14642	6.939215686274509
AT1G14650	35.54545454545455
AT1G14660	4.547272727272727
AT1G14670	98.05454545454545
AT1G14680	2.5254545454545454
AT1G14685	33.54545454545455
AT1G14686	1.2923076923076924
AT1G14687	4.131481481481481
AT1G14688	0.14545454545454548
AT1G14690	29.62962962962963
AT1G14700	22.89814814814815
AT1G14710	50.06727272727272
AT1G14720	55.05555555555556
AT1G14730	13.392592592592594
AT1G14740	57.021818181818176
AT1G14750	1.3641509433962264
AT1G14755	3.4777777777777774
AT1G14760	1.2212765957446807
AT1G14770	6.192727272727273
AT1G14780	7.08867924528302
AT1G14790	8.059259259259258
AT1G14800	0.2
AT1G14810	77.03818181818183
AT1G14820	18.944444444444443
AT1G14830	65.18181818181819
AT1G14840	21.88888888888889
AT1G14850	15.245454545454546
AT1G14860	11.76346153846154
AT1G14870	103.21509433962264
AT1G14880	140.7655172413793
AT1G14890	39.129629629629626
AT1G14900	61.074074074074076
AT1G14910	28.563636363636363
AT1G14920	35.333333333333336
AT1G14930	0.7217391304347827
AT1G14940	0.43333333333333335
AT1G14950	0.32500000000000007
AT1G14960	35.78333333333333
AT1G14970	7.347272727272728
AT1G14980	143.83333333333334
AT1G14990	17.292727272727273
AT1G15002	0.8275
AT1G15010	34.07222222222222
AT1G15015	0.19999999999999998
AT1G15020	13.454545454545455
AT1G15030	28.78909090909091
AT1G15040	4.1160000000000005
AT1G15050	0.7282608695652174
AT1G15060	16.70909090909091
AT1G15080	6.181481481481482
AT1G15085	16.12222222222222
AT1G15090	1.5789473684210527
AT1G15100	35.36363636363637
AT1G15110	11.154545454545454
AT1G15120	125.74545454545455
AT1G15125	57.46545454545454
AT1G15130	48.67272727272727
AT1G15140	89.23636363636363
AT1G15150	0.5934782608695652
AT1G15160	4.575925925925926
AT1G15165	7.401818181818182
AT1G15170	7.585454545454546
AT1G15175	4.064814814814815
AT1G15180	24.581481481481482
AT1G15190	1.1981132075471699
AT1G15200	62.07272727272727
AT1G15210	19.246
AT1G15215	10.222222222222221
AT1G15220	8.861818181818181
AT1G15230	29.636363636363637
AT1G15240	17.509090909090908
AT1G15250	40.7037037037037
AT1G15260	66.86851851851851
AT1G15270	412.25454545454545
AT1G15280	45.67272727272727
AT1G15290	47.0
AT1G15310	6.6836363636363645
AT1G15320	0.21481481481481485
AT1G15330	1.6853658536585368
AT1G15340	126.56909090909092
AT1G15350	38.03636363636364
AT1G15360	6.3888888888888875
AT1G15370	49.27272727272727
AT1G15380	41.157407407407405
AT1G15385	3.076923076923077
AT1G15390	35.72727272727273
AT1G15400	44.056363636363635
AT1G15410	14.54909090909091
AT1G15415	20.305769230769233
AT1G15420	28.02
AT1G15430	11.618181818181819
AT1G15440	18.947272727272725
AT1G15460	3.8564102564102565
AT1G15470	20.036363636363635
AT1G15480	11.092727272727274
AT1G15490	8.2
AT1G15500	155.65454545454546
AT1G15510	8.588888888888889
AT1G15520	4.38
AT1G15530	13.925925925925926
AT1G15540	1.0739130434782609
AT1G15550	7.944444444444445
AT1G15570	14.790740740740741
AT1G15580	3.1490566037735843
AT1G15590	0.16
AT1G15600	0.4
AT1G15610	0.375
AT1G15620	0.2571428571428572
AT1G15625	1.8976190476190478
AT1G15630	0.6882352941176471
AT1G15640	1.5666666666666664
AT1G15660	14.518518518518519
AT1G15670	30.89272727272727
AT1G15680	0.45
AT1G15690	428.41818181818184
AT1G15710	18.78181818181818
AT1G15720	0.1806451612903226
AT1G15730	46.166666666666664
AT1G15740	56.96296296296296
AT1G15750	68.96363636363637
AT1G15757	0.8666666666666667
AT1G15760	4.450909090909091
AT1G15770	0.2619047619047619
AT1G15772	0.8724137931034484
AT1G15780	21.054545454545455
AT1G15790	7.058181818181818
AT1G15800	8.363636363636363
AT1G15810	24.763636363636362
AT1G15820	2234.5872727272726
AT1G15825	2.554347826086956
AT1G15830	6.277777777777778
AT1G15840	1.8758620689655172
AT1G15850	0.5
AT1G15860	37.527272727272724
AT1G15870	3.4826923076923078
AT1G15880	46.90909090909091
AT1G15885	12.166666666666666
AT1G15890	2.587037037037037
AT1G15900	1.635294117647059
AT1G15910	18.574074074074073
AT1G15920	19.363636363636363
AT1G15930	298.56363636363636
AT1G15940	22.952727272727273
AT1G15950	25.07962962962963
AT1G15960	3.922641509433962
AT1G15970	14.25925925925926
AT1G15980	151.61111111111111
AT1G15990	0.5161290322580645
AT1G16000	57.46181818181818
AT1G16010	39.872727272727275
AT1G16020	14.962962962962964
AT1G16022	0.7377777777777776
AT1G16025	0.4
AT1G16030	7.443636363636363
AT1G16040	11.674545454545456
AT1G16060	2.522222222222222
AT1G16070	2.039622641509434
AT1G16080	120.60181818181819
AT1G16090	5.9148148148148145
AT1G16110	6.748148148148148
AT1G16120	0.9171428571428569
AT1G16130	3.573584905660377
AT1G16150	1.1787234042553192
AT1G16160	0.9457142857142857
AT1G16170	25.854545454545455
AT1G16180	127.92727272727272
AT1G16190	23.114545454545453
AT1G16210	72.6
AT1G16220	4.96111111111111
AT1G16225	0.5222222222222223
AT1G16230	0.4642857142857143
AT1G16240	71.78181818181818
AT1G16250	8.090909090909092
AT1G16260	14.212962962962964
AT1G16270	14.236363636363636
AT1G16280	8.947272727272727
AT1G16290	3.1999999999999997
AT1G16300	12.854545454545455
AT1G16310	4.4763636363636365
AT1G16320	56.39090909090909
AT1G16330	4.647272727272727
AT1G16340	16.555555555555557
AT1G16350	58.03818181818182
AT1G16360	1.7354166666666664
AT1G16370	5.30188679245283
AT1G16380	3.333333333333334
AT1G16390	8.614814814814814
AT1G16400	14.81851851851852
AT1G16410	68.72399999999999
AT1G16420	1.7387755102040814
AT1G16430	13.054545454545455
AT1G16440	1.8444444444444446
AT1G16445	6.683333333333333
AT1G16460	52.72222222222222
AT1G16470	72.74909090909091
AT1G16480	2.111111111111111
AT1G16489	0.20434782608695656
AT1G16500	10.24074074074074
AT1G16510	6.020370370370371
AT1G16515	3.711111111111111
AT1G16520	25.90181818181818
AT1G16530	4.662962962962963
AT1G16540	7.958181818181818
AT1G16560	36.90909090909091
AT1G16570	15.581818181818182
AT1G16590	5.783636363636364
AT1G16610	41.70363636363636
AT1G16630	8.522222222222222
AT1G16635	0.45384615384615384
AT1G16640	2.8716981132075468
AT1G16650	6.042592592592593
AT1G16670	13.82
AT1G16680	17.06
AT1G16690	6.9818181818181815
AT1G16700	78.4
AT1G16705	5.515217391304348
AT1G16710	12.176363636363638
AT1G16720	95.04363636363635
AT1G16730	8.449056603773585
AT1G16740	63.46296296296296
AT1G16750	9.770370370370369
AT1G16760	12.87
AT1G16770	0.7685185185185185
AT1G16780	10.587272727272726
AT1G16790	0.15555555555555556
AT1G16800	2.8945454545454545
AT1G16810	102.52727272727273
AT1G16820	1.6592592592592594
AT1G16825	8.727272727272727
AT1G16830	2.124074074074074
AT1G16840	39.89090909090909
AT1G16850	13.125925925925925
AT1G16860	39.03818181818182
AT1G16870	26.747272727272726
AT1G16880	307.9836363636363
AT1G16890	92.69090909090909
AT1G16900	17.98181818181818
AT1G16905	2.0999999999999996
AT1G16910	0.23333333333333334
AT1G16916	18.244444444444444
AT1G16920	54.407407407407405
AT1G16930	5.916666666666667
AT1G16940	0.39999999999999997
AT1G16945	0.55
AT1G16950	15.5125
AT1G16960	15.472222222222221
AT1G16970	13.332727272727272
AT1G16980	0.39999999999999997
AT1G17000	0.3333333333333333
AT1G17010	0.2222222222222222
AT1G17020	8.769090909090908
AT1G17030	4.882692307692308
AT1G17040	4.970909090909091
AT1G17050	41.48148148148148
AT1G17060	3.642592592592593
AT1G17065	0.6599999999999999
AT1G17070	9.272727272727273
AT1G17080	72.2909090909091
AT1G17090	5.264814814814815
AT1G17100	115.45454545454545
AT1G17110	29.555555555555557
AT1G17120	20.510909090909088
AT1G17130	40.29090909090909
AT1G17140	42.82
AT1G17145	20.545454545454547
AT1G17147	8.59811320754717
AT1G17150	0.19999999999999998
AT1G17160	26.55818181818182
AT1G17170	40.9
AT1G17180	33.215384615384615
AT1G17190	36.42363636363636
AT1G17200	68.03703703703704
AT1G17210	38.21090909090909
AT1G17220	153.42592592592592
AT1G17235	0.6115384615384615
AT1G17240	0.8403846153846154
AT1G17255	0.4722222222222222
AT1G17260	1.762962962962963
AT1G17270	5.5636363636363635
AT1G17280	26.381818181818183
AT1G17285	3.3461538461538463
AT1G17290	119.12727272727273
AT1G17300	3.411111111111111
AT1G17310	0.7571428571428572
AT1G17330	19.365454545454543
AT1G17340	16.227272727272727
AT1G17345	1.0020833333333332
AT1G17350	9.765454545454546
AT1G17360	22.89272727272727
AT1G17370	62.127272727272725
AT1G17380	11.575925925925924
AT1G17400	0.4857142857142857
AT1G17410	9.2
AT1G17420	42.65471698113208
AT1G17430	11.483636363636364
AT1G17440	28.927272727272726
AT1G17450	6.720000000000001
AT1G17455	14.709090909090909
AT1G17460	5.421818181818183
AT1G17470	82.76363636363637
AT1G17480	4.748148148148148
AT1G17490	29.509090909090908
AT1G17500	16.547272727272727
AT1G17510	18.46727272727273
AT1G17520	15.272727272727273
AT1G17530	27.036363636363635
AT1G17540	41.79565217391305
AT1G17545	0.8
AT1G17550	32.654545454545456
AT1G17560	13.462962962962964
AT1G17580	15.601818181818182
AT1G17590	5.925925925925926
AT1G17600	1.2679245283018865
AT1G17610	0.20714285714285716
AT1G17615	0.48125
AT1G17620	59.29272727272727
AT1G17630	2.3685185185185187
AT1G17640	5.407407407407407
AT1G17650	41.45272727272727
AT1G17660	0.3
AT1G17665	12.398113207547167
AT1G17680	14.125454545454545
AT1G17690	17.247272727272726
AT1G17700	6.362745098039215
AT1G17710	5.935555555555554
AT1G17720	47.61818181818182
AT1G17730	45.89090909090909
AT1G17744	0.22000000000000003
AT1G17745	50.870370370370374
AT1G17750	2.652830188679246
AT1G17760	14.718181818181819
AT1G17770	0.9
AT1G17780	12.8
AT1G17790	8.5
AT1G17800	0.35
AT1G17810	1.40625
AT1G17830	4.249090909090909
AT1G17840	50.470370370370375
AT1G17850	14.24074074074074
AT1G17860	0.46774193548387094
AT1G17870	5.581818181818182
AT1G17880	331.74545454545455
AT1G17890	41.56363636363636
AT1G17910	0.39999999999999997
AT1G17920	4.156363636363637
AT1G17930	8.445454545454545
AT1G17940	8.981481481481481
AT1G17950	2.1634615384615388
AT1G17960	2.1823529411764704
AT1G17970	13.074074074074074
AT1G17980	20.53090909090909
AT1G17990	0.246875
AT1G18000	0.2
AT1G18010	0.14666666666666667
AT1G18020	0.34761904761904766
AT1G18030	9.801818181818183
AT1G18040	11.49090909090909
AT1G18050	0.3833333333333333
AT1G18060	99.79818181818182
AT1G18070	98.92727272727272
AT1G18075	18.232075471698113
AT1G18080	530.6181818181818
AT1G18090	5.010909090909092
AT1G18100	2.6606060606060606
AT1G18130	0.3
AT1G18140	5.462000000000001
AT1G18150	39.0
AT1G18160	24.555555555555557
AT1G18170	47.239999999999995
AT1G18180	6.072727272727272
AT1G18190	16.347272727272728
AT1G18193	0.2823529411764706
AT1G18197	0.617948717948718
AT1G18200	8.662264150943397
AT1G18210	93.9
AT1G18220	0.6499999999999999
AT1G18250	42.61296296296296
AT1G18260	41.10909090909091
AT1G18265	4.4833333333333325
AT1G18270	23.69090909090909
AT1G18280	3.6666666666666665
AT1G18290	1.8333333333333333
AT1G18300	39.018181818181816
AT1G18310	0.18333333333333335
AT1G18320	2.5518518518518523
AT1G18330	5.07962962962963
AT1G18335	8.654545454545454
AT1G18340	13.147272727272728
AT1G18350	0.6414634146341464
AT1G18360	22.35185185185185
AT1G18370	15.912962962962963
AT1G18382	0.35454545454545455
AT1G18390	6.724074074074075
AT1G18400	7.935849056603774
AT1G18410	1.3770833333333334
AT1G18415	0.8666666666666667
AT1G18430	3.075
AT1G18440	17.632727272727273
AT1G18450	44.474545454545456
AT1G18460	22.583636363636362
AT1G18470	27.930909090909093
AT1G18480	24.763636363636362
AT1G18485	8.725925925925926
AT1G18486	1.1666666666666667
AT1G18490	14.407407407407407
AT1G18500	62.407407407407405
AT1G18510	0.4
AT1G18520	3.1714285714285713
AT1G18540	303.27272727272725
AT1G18550	5.898148148148148
AT1G18560	4.009090909090909
AT1G18570	17.68888888888889
AT1G18580	14.456363636363637
AT1G18590	35.98148148148148
AT1G18600	17.110909090909093
AT1G18610	8.272727272727273
AT1G18620	27.35185185185185
AT1G18630	16.62181818181818
AT1G18640	31.0
AT1G18650	31.166666666666668
AT1G18660	35.38545454545454
AT1G18670	9.374545454545455
AT1G18680	11.072727272727272
AT1G18690	4.474545454545455
AT1G18700	18.85090909090909
AT1G18710	10.542592592592591
AT1G18720	99.43636363636364
AT1G18730	57.93333333333334
AT1G18735	0.2529411764705883
AT1G18740	51.44444444444444
AT1G18745	4.2320754716981135
AT1G18750	5.138888888888889
AT1G18760	0.3
AT1G18770	0.3
AT1G18773	5.685185185185185
AT1G18780	0.20000000000000004
AT1G18790	0.175
AT1G18800	52.38181818181818
AT1G18810	14.30204081632653
AT1G18820	1.0
AT1G18830	0.4108695652173914
AT1G18835	1.7191489361702128
AT1G18840	21.62181818181818
AT1G18850	13.37037037037037
AT1G18860	4.225
AT1G18870	8.04909090909091
AT1G18879	0.6
AT1G18880	15.694444444444445
AT1G18890	17.74074074074074
AT1G18900	9.659999999999998
AT1G18910	7.537037037037037
AT1G18940	1.4925925925925927
AT1G18950	20.945454545454545
AT1G18960	0.41562499999999997
AT1G18970	10.954054054054053
AT1G18980	2.3375000000000004
AT1G18990	24.139583333333334
AT1G19000	166.9690909090909
AT1G19010	7.763636363636364
AT1G19020	45.68518518518518
AT1G19025	2.8259259259259264
AT1G19040	0.5933333333333333
AT1G19050	41.974074074074075
AT1G19060	0.23333333333333334
AT1G19070	2.9509433962264153
AT1G19080	6.64
AT1G19086	0.4000000000000001
AT1G19090	9.85
AT1G19100	8.218181818181819
AT1G19110	39.0
AT1G19115	0.5310344827586206
AT1G19120	42.63999999999999
AT1G19130	43.78727272727273
AT1G19140	24.01818181818182
AT1G19150	134.36415094339623
AT1G19160	0.5289473684210526
AT1G19170	13.874545454545455
AT1G19180	70.66666666666667
AT1G19190	2.8037037037037034
AT1G19200	3.8703703703703702
AT1G19210	2.3217391304347825
AT1G19220	8.774074074074074
AT1G19230	3.9245283018867925
AT1G19240	16.165454545454544
AT1G19250	3.2844444444444445
AT1G19260	0.2
AT1G19270	13.036363636363637
AT1G19290	5.155555555555555
AT1G19300	19.555555555555557
AT1G19310	24.509090909090908
AT1G19320	1.6435897435897437
AT1G19330	19.5
AT1G19340	4.116666666666667
AT1G19350	86.24074074074075
AT1G19360	20.14814814814815
AT1G19370	18.55636363636364
AT1G19371	1.216
AT1G19373	17.831428571428567
AT1G19376	12.866666666666667
AT1G19380	39.736363636363635
AT1G19390	0.325
AT1G19394	4.498
AT1G19396	4.685185185185185
AT1G19397	6.303636363636364
AT1G19400	36.69090909090909
AT1G19410	0.24444444444444446
AT1G19430	16.61111111111111
AT1G19440	19.036363636363635
AT1G19450	53.54545454545455
AT1G19460	0.15000000000000002
AT1G19464	1.3941176470588235
AT1G19470	0.20000000000000004
AT1G19480	6.055555555555555
AT1G19485	15.398181818181818
AT1G19490	4.512727272727273
AT1G19500	76.52105263157895
AT1G19510	3.5812500000000007
AT1G19520	21.74909090909091
AT1G19530	19.183673469387756
AT1G19540	4.228846153846154
AT1G19565	1.0153846153846153
AT1G19570	477.61999999999995
AT1G19580	34.13090909090909
AT1G19600	52.29636363636364
AT1G19610	8.410204081632653
AT1G19630	0.780392156862745
AT1G19640	6.905882352941176
AT1G19650	15.363636363636363
AT1G19660	120.32909090909092
AT1G19670	124.90943396226416
AT1G19680	25.963636363636365
AT1G19690	14.62962962962963
AT1G19700	23.31090909090909
AT1G19710	15.274545454545455
AT1G19715	47.2037037037037
AT1G19720	37.61666666666667
AT1G19730	25.236363636363638
AT1G19740	109.35185185185185
AT1G19750	0.8673076923076923
AT1G19770	103.44363636363636
AT1G19780	1.6625000000000003
AT1G19790	1.7347826086956522
AT1G19800	29.40740740740741
AT1G19830	3.9499999999999997
AT1G19835	37.407407407407405
AT1G19840	5.488888888888888
AT1G19850	16.296296296296298
AT1G19860	13.50909090909091
AT1G19870	45.60545454545455
AT1G19880	37.763636363636365
AT1G19890	25.616666666666664
AT1G19900	12.875862068965516
AT1G19910	187.6
AT1G19920	81.81818181818181
AT1G19930	0.6
AT1G19940	3.290909090909091
AT1G19950	11.203636363636365
AT1G19960	35.60925925925926
AT1G19968	0.6102564102564102
AT1G19970	10.272727272727273
AT1G19980	6.692727272727273
AT1G19990	18.21818181818182
AT1G20000	0.39999999999999997
AT1G20010	191.5
AT1G20015	17.22093023255814
AT1G20020	716.3148148148148
AT1G20030	12.074074074074074
AT1G20040	0.6666666666666666
AT1G20050	79.71272727272726
AT1G20060	3.5872727272727274
AT1G20065	0.6583333333333333
AT1G20070	0.1
AT1G20080	0.9212765957446809
AT1G20090	79.35185185185185
AT1G20100	67.41818181818182
AT1G20110	55.61818181818182
AT1G20120	1.4588235294117649
AT1G20130	2.372727272727273
AT1G20132	0.4000000000000001
AT1G20135	13.34
AT1G20140	12.181818181818182
AT1G20150	0.2782608695652174
AT1G20160	17.38888888888889
AT1G20180	1.5
AT1G20190	48.925925925925924
AT1G20200	62.42363636363637
AT1G20210	14.0
AT1G20220	82.05454545454545
AT1G20225	58.10909090909091
AT1G20230	2.411111111111111
AT1G20240	0.6
AT1G20260	159.2
AT1G20270	13.909090909090908
AT1G20280	0.55
AT1G20290	0.175
AT1G20300	10.296296296296296
AT1G20310	1.9864864864864864
AT1G20320	0.4799999999999999
AT1G20330	125.22222222222223
AT1G20340	2790.747272727273
AT1G20350	3.1319999999999992
AT1G20360	0.35
AT1G20370	14.985454545454546
AT1G20375	1.4
AT1G20380	13.12037037037037
AT1G20400	0.5078947368421053
AT1G20405	0.25
AT1G20410	13.347272727272728
AT1G20420	1.2
AT1G20430	39.71636363636364
AT1G20440	458.9490909090909
AT1G20450	390.80181818181813
AT1G20460	9.218181818181819
AT1G20470	1.430188679245283
AT1G20480	3.970909090909091
AT1G20490	6.678181818181819
AT1G20500	0.17
AT1G20510	45.05555555555556
AT1G20515	0.46304347826086956
AT1G20530	0.9153846153846152
AT1G20540	24.672727272727272
AT1G20550	4.156363636363637
AT1G20560	27.31090909090909
AT1G20570	0.8999999999999999
AT1G20575	27.6
AT1G20580	91.45636363636365
AT1G20590	0.2333333333333333
AT1G20600	0.2833333333333333
AT1G20610	9.674545454545456
AT1G20620	1042.709090909091
AT1G20630	59.836363636363636
AT1G20640	12.581818181818182
AT1G20650	21.765454545454542
AT1G20670	18.327272727272728
AT1G20680	1.394871794871795
AT1G20683	0.3
AT1G20687	0.8
AT1G20691	0.12
AT1G20693	346.42545454545456
AT1G20696	160.92727272727274
AT1G20700	1.583673469387755
AT1G20710	0.3333333333333333
AT1G20720	3.2454545454545456
AT1G20730	1.25
AT1G20735	0.30000000000000004
AT1G20740	0.525
AT1G20750	0.18181818181818182
AT1G20760	30.745454545454546
AT1G20770	29.818181818181817
AT1G20780	16.074074074074073
AT1G20790	2.2928571428571423
AT1G20795	0.20714285714285713
AT1G20800	0.39999999999999997
AT1G20803	0.7333333333333334
AT1G20810	55.888888888888886
AT1G20816	17.074074074074073
AT1G20820	5.75
AT1G20823	23.90740740740741
AT1G20830	18.683636363636364
AT1G20840	50.163636363636364
AT1G20850	65.38888888888889
AT1G20860	0.35
AT1G20870	2.712727272727273
AT1G20875	0.45
AT1G20880	10.218181818181819
AT1G20890	11.836363636363636
AT1G20900	15.894117647058824
AT1G20910	15.055555555555555
AT1G20920	27.09090909090909
AT1G20923	0.4
AT1G20925	0.375
AT1G20930	15.145454545454545
AT1G20940	0.2
AT1G20950	54.092592592592595
AT1G20960	49.652727272727276
AT1G20970	38.4
AT1G20980	44.77777777777778
AT1G20990	1.212
AT1G21000	46.765454545454546
AT1G21010	15.234545454545454
AT1G21050	18.74074074074074
AT1G21060	16.712727272727275
AT1G21065	134.87272727272727
AT1G21070	10.218181818181819
AT1G21080	38.03636363636364
AT1G21090	11.403703703703703
AT1G21100	34.07962962962963
AT1G21110	24.306250000000002
AT1G21120	10.865384615384615
AT1G21130	121.99444444444444
AT1G21140	6.594339622641509
AT1G21150	3.8796296296296298
AT1G21160	12.540000000000001
AT1G21170	11.454545454545455
AT1G21190	55.31454545454546
AT1G21200	10.0
AT1G21210	0.7886792452830188
AT1G21230	0.9714285714285713
AT1G21240	4.646153846153846
AT1G21245	0.2571428571428571
AT1G21250	67.01346153846154
AT1G21270	23.660377358490567
AT1G21310	773.6481481481482
AT1G21320	0.5078947368421052
AT1G21323	0.3333333333333333
AT1G21326	1.3651162790697673
AT1G21340	0.58125
AT1G21350	38.592592592592595
AT1G21360	3.3391304347826085
AT1G21370	15.981818181818182
AT1G21380	45.90181818181818
AT1G21390	9.192727272727273
AT1G21395	0.4000000000000001
AT1G21400	19.825454545454548
AT1G21410	15.656363636363636
AT1G21430	0.2333333333333333
AT1G21440	67.0925925925926
AT1G21450	23.71090909090909
AT1G21460	29.447272727272725
AT1G21470	0.5634146341463415
AT1G21475	0.65
AT1G21480	13.558181818181819
AT1G21500	223.5537037037037
AT1G21510	1.149056603773585
AT1G21520	13.478181818181817
AT1G21528	0.8454545454545456
AT1G21529	0.39375
AT1G21530	0.4161290322580646
AT1G21540	5.073469387755102
AT1G21550	10.331481481481482
AT1G21560	18.856363636363636
AT1G21580	20.4
AT1G21590	37.925925925925924
AT1G21600	97.01851851851852
AT1G21610	17.472727272727273
AT1G21620	0.2923076923076923
AT1G21630	42.10909090909091
AT1G21640	32.96363636363636
AT1G21650	6.022222222222222
AT1G21651	0.3081632653061224
AT1G21660	40.10909090909091
AT1G21670	23.256363636363634
AT1G21680	90.32909090909092
AT1G21690	26.925454545454546
AT1G21695	1.7490909090909093
AT1G21700	22.472727272727273
AT1G21710	15.363636363636363
AT1G21720	91.04363636363635
AT1G21722	0.9857142857142858
AT1G21730	13.814814814814815
AT1G21740	5.757407407407407
AT1G21750	171.14545454545456
AT1G21760	24.89090909090909
AT1G21770	10.314814814814815
AT1G21780	31.425925925925927
AT1G21790	13.563636363636364
AT1G21810	3.2222222222222223
AT1G21830	27.055555555555557
AT1G21835	0.5
AT1G21840	6.3109090909090915
AT1G21850	0.8899999999999999
AT1G21860	0.2416666666666667
AT1G21864	1.1
AT1G21866	0.375
AT1G21870	0.42500000000000004
AT1G21880	20.22222222222222
AT1G21890	0.7700000000000001
AT1G21900	50.836363636363636
AT1G21910	15.272222222222224
AT1G21920	44.93818181818182
AT1G21925	0.3666666666666667
AT1G21928	0.23333333333333336
AT1G21930	38.29090909090909
AT1G21940	0.2625
AT1G21950	0.6166666666666667
AT1G21960	0.7
AT1G21970	0.58
AT1G21980	25.994545454545456
AT1G21990	0.25999999999999995
AT1G22000	0.2064516129032258
AT1G22010	0.38749999999999996
AT1G22015	1.5
AT1G22020	15.745454545454546
AT1G22030	6.268518518518518
AT1G22040	12.078181818181818
AT1G22050	10.107407407407406
AT1G22060	17.12962962962963
AT1G22065	10.40576923076923
AT1G22070	31.84
AT1G22080	0.45
AT1G22090	0.2285714285714286
AT1G22100	0.6076923076923078
AT1G22110	2.2599999999999993
AT1G22120	0.15
AT1G22130	7.81764705882353
AT1G22140	31.581818181818182
AT1G22150	1.0210526315789474
AT1G22160	29.22
AT1G22170	10.118181818181819
AT1G22180	10.25925925925926
AT1G22190	40.72222222222222
AT1G22200	49.70909090909091
AT1G22210	0.3866666666666667
AT1G22220	3.6480769230769234
AT1G22230	6.268518518518518
AT1G22240	1.3705882352941174
AT1G22250	1.64
AT1G22260	0.8269230769230769
AT1G22270	47.40181818181818
AT1G22275	0.9166666666666666
AT1G22280	39.945454545454545
AT1G22290	0.45416666666666666
AT1G22300	217.47272727272727
AT1G22310	10.932727272727272
AT1G22330	21.27777777777778
AT1G22340	0.8884615384615385
AT1G22360	55.27777777777778
AT1G22370	10.018518518518519
AT1G22380	5.918367346938775
AT1G22400	38.470909090909096
AT1G22403	6.858181818181818
AT1G22410	164.63272727272727
AT1G22420	0.18571428571428572
AT1G22430	44.166666666666664
AT1G22440	23.625
AT1G22450	99.81818181818181
AT1G22460	2.8684210526315788
AT1G22470	5.458490566037736
AT1G22480	5.456410256410256
AT1G22490	2.0407407407407407
AT1G22500	11.47037037037037
AT1G22510	11.165454545454546
AT1G22520	37.74545454545454
AT1G22530	90.0
AT1G22540	10.722222222222221
AT1G22550	11.294444444444444
AT1G22570	11.735185185185184
AT1G22590	11.346296296296295
AT1G22600	0.5754716981132075
AT1G22620	8.6
AT1G22630	95.93333333333332
AT1G22640	31.185185185185187
AT1G22650	7.963636363636364
AT1G22660	8.5
AT1G22670	0.15555555555555556
AT1G22680	0.24473684210526317
AT1G22690	84.22745098039216
AT1G22700	85.05555555555556
AT1G22710	98.07454545454546
AT1G22720	0.43333333333333335
AT1G22730	23.327272727272728
AT1G22740	25.529090909090908
AT1G22750	48.25454545454546
AT1G22760	4.139130434782609
AT1G22770	31.733333333333334
AT1G22780	325.9418181818182
AT1G22790	24.425925925925927
AT1G22800	0.1
AT1G22810	0.2
AT1G22830	3.5111111111111115
AT1G22840	216.65454545454546
AT1G22850	111.2
AT1G22860	10.314814814814815
AT1G22870	9.7
AT1G22880	12.807272727272727
AT1G22882	19.863636363636363
AT1G22885	33.31481481481482
AT1G22890	41.49818181818182
AT1G22900	6.325925925925926
AT1G22910	22.62962962962963
AT1G22920	30.934545454545457
AT1G22930	68.2909090909091
AT1G22940	18.947272727272725
AT1G22950	18.0
AT1G22960	6.050909090909091
AT1G22970	15.444444444444445
AT1G22980	0.9921568627450981
AT1G22985	6.234545454545454
AT1G22990	4.808163265306123
AT1G23000	9.63888888888889
AT1G23010	5.625925925925926
AT1G23020	28.836363636363636
AT1G23030	27.472727272727273
AT1G23037	0.1
AT1G23040	15.775925925925925
AT1G23060	4.361818181818181
AT1G23070	0.828
AT1G23080	51.611111111111114
AT1G23090	20.99259259259259
AT1G23100	21.003636363636364
AT1G23110	1.8558139534883717
AT1G23120	6.4944444444444445
AT1G23130	615.4705882352941
AT1G23140	7.596363636363637
AT1G23145	0.9333333333333332
AT1G23147	0.6333333333333333
AT1G23150	32.11454545454546
AT1G23160	0.6416666666666667
AT1G23170	8.092592592592593
AT1G23180	17.37037037037037
AT1G23190	90.14545454545454
AT1G23200	3.8481481481481485
AT1G23201	0.711111111111111
AT1G23205	22.60185185185185
AT1G23210	0.9684210526315788
AT1G23220	31.365454545454543
AT1G23230	13.927272727272728
AT1G23240	26.46
AT1G23250	2.3428571428571425
AT1G23260	47.58181818181818
AT1G23270	0.7
AT1G23280	39.833333333333336
AT1G23300	0.18
AT1G23310	1077.7818181818182
AT1G23320	0.55
AT1G23330	14.074074074074074
AT1G23340	4.138888888888889
AT1G23350	40.55416666666667
AT1G23360	25.90740740740741
AT1G23380	7.642592592592593
AT1G23390	94.44181818181819
AT1G23400	32.7037037037037
AT1G23420	13.874999999999998
AT1G23440	31.619999999999997
AT1G23450	1.172
AT1G23460	9.796296296296296
AT1G23465	2.3462962962962965
AT1G23480	16.537037037037038
AT1G23490	332.1636363636364
AT1G23500	0.5571428571428572
AT1G23510	1.18125
AT1G23520	0.8699999999999999
AT1G23530	5.581818181818182
AT1G23540	5.080952380952381
AT1G23550	3.6
AT1G23560	4.603921568627451
AT1G23570	7.4
AT1G23580	0.8578947368421053
AT1G23590	3.6333333333333333
AT1G23600	1.2043478260869562
AT1G23610	4.6000000000000005
AT1G23640	1.56
AT1G23645	1.2
AT1G23650	11.0
AT1G23660	3.716666666666667
AT1G23670	2.7600000000000002
AT1G23680	0.30000000000000004
AT1G23690	2.8
AT1G23700	0.259375
AT1G23710	25.272727272727273
AT1G23720	120.5054054054054
AT1G23730	7.663636363636364
AT1G23740	139.49272727272728
AT1G23750	21.345454545454544
AT1G23760	3.9745098039215683
AT1G23770	0.24444444444444446
AT1G23780	27.881818181818183
AT1G23790	6.95925925925926
AT1G23800	20.652727272727276
AT1G23810	0.24285714285714288
AT1G23820	111.27272727272727
AT1G23830	0.31500000000000006
AT1G23840	4.61
AT1G23850	6.296226415094339
AT1G23860	29.74909090909091
AT1G23870	34.67272727272727
AT1G23880	3.9472727272727273
AT1G23890	10.040000000000001
AT1G23900	23.8
AT1G23910	0.33636363636363636
AT1G23915	0.24000000000000005
AT1G23935	2.514814814814815
AT1G23950	27.529090909090908
AT1G23960	44.85454545454545
AT1G23965	0.39999999999999997
AT1G23970	10.236363636363636
AT1G23980	3.4074074074074074
AT1G24000	0.7
AT1G24010	1.34375
AT1G24020	152.87454545454543
AT1G24030	3.1518518518518515
AT1G24040	17.666666666666668
AT1G24050	86.89090909090909
AT1G24062	1.0333333333333334
AT1G24068	0.38947368421052636
AT1G24070	10.367307692307692
AT1G24090	3.5555555555555554
AT1G24095	5.851851851851852
AT1G24100	78.57407407407408
AT1G24110	15.542857142857144
AT1G24120	26.61111111111111
AT1G24130	1.5279999999999998
AT1G24140	4.435849056603773
AT1G24145	11.336170212765957
AT1G24147	45.55434782608695
AT1G24148	16.227450980392156
AT1G24150	8.645454545454545
AT1G24159	0.31428571428571433
AT1G24160	43.25925925925926
AT1G24170	47.592592592592595
AT1G24180	103.61818181818182
AT1G24190	20.29272727272727
AT1G24200	0.39999999999999997
AT1G24210	2.392452830188679
AT1G24220	0.65
AT1G24230	0.22000000000000003
AT1G24240	17.165454545454544
AT1G24250	0.27647058823529413
AT1G24256	0.32
AT1G24260	25.222
AT1G24265	3.8518518518518516
AT1G24267	36.04727272727273
AT1G24270	0.48541666666666666
AT1G24280	19.383636363636363
AT1G24290	2.456363636363636
AT1G24300	18.672727272727272
AT1G24310	23.69272727272727
AT1G24320	2.3477272727272727
AT1G24330	3.9436363636363634
AT1G24340	12.190909090909091
AT1G24350	17.036363636363635
AT1G24360	143.48
AT1G24380	0.10000000000000002
AT1G24388	0.31666666666666665
AT1G24390	0.4
AT1G24400	4.964814814814814
AT1G24405	4.046808510638298
AT1G24420	0.7944444444444444
AT1G24430	4.9270270270270276
AT1G24440	14.418181818181818
AT1G24450	16.421818181818182
AT1G24460	20.818181818181817
AT1G24470	2.376
AT1G24480	0.5235294117647059
AT1G24485	0.9833333333333333
AT1G24490	29.132727272727273
AT1G24510	132.4
AT1G24520	371.21538461538455
AT1G24530	9.545454545454545
AT1G24540	3.092
AT1G24545	0.1
AT1G24560	26.418181818181818
AT1G24570	0.3195121951219513
AT1G24575	20.446296296296296
AT1G24577	4.69
AT1G24580	6.491489361702128
AT1G24590	0.21666666666666667
AT1G24600	6.836363636363636
AT1G24610	28.12727272727273
AT1G24620	14.797435897435898
AT1G24625	25.96666666666667
AT1G24650	0.4600000000000001
AT1G24660	2.0
AT1G24706	17.907272727272726
AT1G24735	1.9314814814814818
AT1G24764	22.819999999999997
AT1G24793	0.1388888888888889
AT1G24800	0.1863636363636364
AT1G24807	0.1
AT1G24851	0.1
AT1G24880	0.13333333333333333
AT1G24996	3.4199999999999995
AT1G25098	0.6870967741935483
AT1G25180	0.1
AT1G25220	22.861818181818183
AT1G25230	48.0
AT1G25240	31.685185185185187
AT1G25250	3.32962962962963
AT1G25260	64.81481481481481
AT1G25270	0.30000000000000004
AT1G25275	164.29454545454547
AT1G25277	2.99622641509434
AT1G25280	34.14363636363637
AT1G25290	15.036363636363637
AT1G25300	0.4000000000000001
AT1G25310	0.2714285714285714
AT1G25320	7.514814814814815
AT1G25330	27.5
AT1G25340	10.385714285714284
AT1G25350	45.91818181818182
AT1G25360	2.061111111111111
AT1G25370	9.76
AT1G25375	9.407407407407407
AT1G25380	22.30909090909091
AT1G25390	14.407407407407407
AT1G25400	15.341818181818182
AT1G25410	0.25
AT1G25420	24.345454545454544
AT1G25422	2.372340425531915
AT1G25425	3.983018867924528
AT1G25440	169.49272727272728
AT1G25450	33.5
AT1G25460	1.5437500000000002
AT1G25470	13.870909090909091
AT1G25480	10.652727272727272
AT1G25490	80.14545454545454
AT1G25500	6.169090909090909
AT1G25510	10.001851851851852
AT1G25520	32.5
AT1G25530	11.653703703703703
AT1G25540	19.70909090909091
AT1G25550	60.85818181818181
AT1G25560	44.28
AT1G25570	26.24074074074074
AT1G25580	13.110909090909091
AT1G25682	28.29090909090909
AT1G25988	0.18571428571428572
AT1G26090	10.74074074074074
AT1G26100	9.592592592592593
AT1G26110	126.81636363636363
AT1G26120	12.345454545454546
AT1G26130	7.4
AT1G26140	0.25263157894736843
AT1G26150	49.056363636363635
AT1G26160	27.825454545454548
AT1G26170	14.214545454545453
AT1G26180	22.69090909090909
AT1G26190	9.459999999999999
AT1G26200	1.2226415094339622
AT1G26208	1.2
AT1G26218	1.872222222222222
AT1G26225	0.8999999999999999
AT1G26230	16.62962962962963
AT1G26233	2.7885714285714283
AT1G26240	3.636666666666667
AT1G26250	1.7037037037037037
AT1G26255	0.7333333333333334
AT1G26260	5.37037037037037
AT1G26270	39.54909090909091
AT1G26300	9.636363636363637
AT1G26310	2.2925925925925927
AT1G26320	12.983333333333333
AT1G26330	1.9333333333333333
AT1G26340	27.51851851851852
AT1G26350	0.35
AT1G26355	0.8
AT1G26360	0.9906250000000001
AT1G26370	13.765454545454546
AT1G26380	7.544897959183674
AT1G26390	6.795833333333333
AT1G26400	0.21000000000000002
AT1G26410	2.4692307692307693
AT1G26420	4.010204081632653
AT1G26440	21.185185185185187
AT1G26450	16.962962962962962
AT1G26460	31.403636363636366
AT1G26470	33.85454545454545
AT1G26480	45.525
AT1G26500	1.1872727272727273
AT1G26510	0.23703703703703702
AT1G26515	0.24444444444444446
AT1G26520	6.87037037037037
AT1G26530	0.9921568627450982
AT1G26540	4.064814814814815
AT1G26550	164.84727272727272
AT1G26558	0.5230769230769231
AT1G26560	30.056363636363635
AT1G26570	9.727272727272727
AT1G26580	57.56363636363636
AT1G26590	0.5041666666666667
AT1G26600	2.242857142857143
AT1G26610	0.7439999999999999
AT1G26620	8.858181818181817
AT1G26630	880.7818181818182
AT1G26640	27.727272727272727
AT1G26650	24.036363636363635
AT1G26660	11.2
AT1G26665	53.345454545454544
AT1G26670	85.61818181818182
AT1G26680	0.7256410256410256
AT1G26690	30.545454545454547
AT1G26700	1.3300000000000003
AT1G26710	0.41428571428571426
AT1G26720	0.7071428571428573
AT1G26730	5.649056603773585
AT1G26740	31.51851851851852
AT1G26750	34.81272727272727
AT1G26760	4.635185185185185
AT1G26761	23.245283018867923
AT1G26762	0.7476190476190476
AT1G26770	44.425925925925924
AT1G26773	0.7
AT1G26780	1.4955555555555555
AT1G26790	2.5975
AT1G26795	3.6
AT1G26796	0.35
AT1G26798	0.7
AT1G26799	0.3
AT1G26800	16.574074074074073
AT1G26810	4.88
AT1G26815	0.43333333333333335
AT1G26820	14.033333333333333
AT1G26830	43.127272727272725
AT1G26840	8.02909090909091
AT1G26850	154.6
AT1G26870	0.6451612903225806
AT1G26880	128.6
AT1G26890	0.5711538461538461
AT1G26900	5.9
AT1G26910	25.236363636363638
AT1G26920	52.74727272727272
AT1G26921	0.3
AT1G26930	13.38888888888889
AT1G26940	14.620000000000001
AT1G26945	25.055555555555557
AT1G26960	10.92909090909091
AT1G26970	1.3902439024390243
AT1G26973	0.4
AT1G26975	1.2333333333333334
AT1G26976	0.27
AT1G26985	1.2
AT1G27000	77.32727272727273
AT1G27008	0.325
AT1G27020	36.27407407407407
AT1G27030	41.18518518518518
AT1G27040	0.9799999999999999
AT1G27045	6.168421052631579
AT1G27050	16.38888888888889
AT1G27060	4.8314814814814815
AT1G27070	10.836363636363636
AT1G27080	0.2916666666666667
AT1G27090	118.07818181818182
AT1G27100	50.27818181818182
AT1G27110	1.6075471698113206
AT1G27120	10.914545454545454
AT1G27130	95.4074074074074
AT1G27140	9.752631578947367
AT1G27150	27.080000000000002
AT1G27160	0.19375
AT1G27170	1.8537037037037039
AT1G27180	2.943636363636364
AT1G27190	34.48148148148148
AT1G27200	15.381818181818181
AT1G27210	30.166666666666668
AT1G27220	0.2
AT1G27240	0.24285714285714285
AT1G27250	0.2
AT1G27260	0.55
AT1G27270	0.10000000000000002
AT1G27280	0.6499999999999999
AT1G27290	71.72727272727273
AT1G27300	29.04181818181818
AT1G27310	154.38181818181818
AT1G27320	42.24074074074074
AT1G27330	87.8
AT1G27340	33.30909090909091
AT1G27350	77.63636363636364
AT1G27360	8.25
AT1G27370	7.692592592592592
AT1G27380	3.4169811320754717
AT1G27385	39.30909090909091
AT1G27390	49.06545454545454
AT1G27400	290.16181818181815
AT1G27410	6.565454545454545
AT1G27420	5.324528301886792
AT1G27430	17.472727272727273
AT1G27435	57.13454545454545
AT1G27440	11.88888888888889
AT1G27450	176.38181818181818
AT1G27460	21.40740740740741
AT1G27461	0.40555555555555556
AT1G27470	16.90740740740741
AT1G27480	35.538888888888884
AT1G27490	0.6
AT1G27500	7.7272727272727275
AT1G27510	40.6
AT1G27520	26.509090909090908
AT1G27530	102.78181818181818
AT1G27535	1.0
AT1G27540	9.743636363636364
AT1G27550	0.7
AT1G27555	0.3
AT1G27565	0.4727272727272727
AT1G27570	0.6
AT1G27580	0.25862068965517243
AT1G27595	14.363636363636363
AT1G27600	29.763636363636362
AT1G27610	0.4173913043478262
AT1G27620	2.272222222222222
AT1G27630	24.78181818181818
AT1G27640	0.481578947368421
AT1G27650	61.25454545454546
AT1G27660	6.07962962962963
AT1G27670	4.394
AT1G27680	15.983636363636364
AT1G27690	11.981481481481481
AT1G27695	25.94909090909091
AT1G27700	13.145454545454545
AT1G27720	0.8115384615384615
AT1G27730	48.888888888888886
AT1G27740	3.537931034482759
AT1G27750	13.02
AT1G27752	19.618181818181817
AT1G27760	53.32727272727273
AT1G27770	40.333333333333336
AT1G27820	0.19999999999999998
AT1G27840	15.75818181818182
AT1G27850	16.80181818181818
AT1G27860	0.25
AT1G27870	0.4
AT1G27880	2.9072727272727272
AT1G27890	0.1896551724137931
AT1G27900	13.838181818181818
AT1G27910	12.907272727272726
AT1G27920	0.30425531914893617
AT1G27921	1.5574074074074074
AT1G27930	32.8
AT1G27940	1.8254901960784313
AT1G27950	251.96296296296296
AT1G27960	6.201818181818182
AT1G27970	101.16363636363636
AT1G27980	18.661818181818184
AT1G27990	0.5750000000000001
AT1G28000	0.13333333333333333
AT1G28010	4.8584905660377355
AT1G28020	0.9
AT1G28030	0.3444444444444444
AT1G28040	0.1875
AT1G28050	31.803636363636365
AT1G28060	26.763636363636362
AT1G28070	8.152727272727272
AT1G28080	0.6408163265306123
AT1G28090	15.254545454545454
AT1G28100	9.314814814814815
AT1G28110	15.351851851851851
AT1G28120	39.09090909090909
AT1G28130	22.414545454545458
AT1G28135	0.5444444444444445
AT1G28140	47.77777777777778
AT1G28150	41.833333333333336
AT1G28160	0.48
AT1G28170	0.5722222222222223
AT1G28180	0.6571428571428571
AT1G28190	15.777777777777779
AT1G28200	38.654545454545456
AT1G28210	4.758181818181819
AT1G28220	0.41851851851851857
AT1G28230	12.872727272727273
AT1G28240	25.727272727272727
AT1G28250	33.07272727272727
AT1G28260	9.518518518518519
AT1G28270	266.53999999999996
AT1G28280	37.629629629629626
AT1G28290	457.77777777777777
AT1G28300	0.16818181818181818
AT1G28305	67.68333333333332
AT1G28306	55.82857142857143
AT1G28310	11.38888888888889
AT1G28320	24.836363636363636
AT1G28327	0.2222222222222222
AT1G28330	196.25925925925927
AT1G28335	62.91428571428572
AT1G28340	38.24074074074074
AT1G28350	19.856363636363636
AT1G28360	2.2423076923076923
AT1G28370	10.066666666666666
AT1G28375	2.269230769230769
AT1G28380	35.75925925925926
AT1G28390	6.453703703703703
AT1G28395	21.66
AT1G28400	122.44444444444444
AT1G28410	13.781818181818181
AT1G28420	17.236363636363638
AT1G28430	2.6000000000000005
AT1G28440	40.2037037037037
AT1G28450	0.5541666666666667
AT1G28460	0.23333333333333334
AT1G28470	4.044444444444444
AT1G28480	14.645283018867925
AT1G28490	33.54545454545455
AT1G28500	0.36
AT1G28510	29.296363636363637
AT1G28520	24.638181818181817
AT1G28530	7.925925925925926
AT1G28540	8.892727272727273
AT1G28550	3.377272727272727
AT1G28560	4.267272727272727
AT1G28570	10.290909090909091
AT1G28580	59.7037037037037
AT1G28590	0.43809523809523804
AT1G28600	54.10740740740741
AT1G28610	13.605555555555556
AT1G28630	0.15
AT1G28640	0.21666666666666667
AT1G28650	0.33636363636363636
AT1G28660	21.548148148148147
AT1G28670	36.611111111111114
AT1G28680	7.535185185185185
AT1G28685	0.3609756097560976
AT1G28690	2.149090909090909
AT1G28695	0.26
AT1G28700	0.28888888888888886
AT1G28710	10.236363636363636
AT1G28715	3.894444444444445
AT1G28730	2.631034482758621
AT1G28740	0.58
AT1G28750	1.157142857142857
AT1G28760	4.925925925925926
AT1G28765	4.135185185185185
AT1G28770	0.4
AT1G28780	1.6666666666666667
AT1G28800	0.9
AT1G28810	1.557142857142857
AT1G28815	0.2833333333333334
AT1G28820	2.6285714285714286
AT1G28830	2.9566666666666666
AT1G28840	2.5416666666666665
AT1G28850	1.7083333333333333
AT1G28860	1.3125
AT1G28870	2.0
AT1G28880	2.0
AT1G28890	2.25
AT1G28900	1.0
AT1G28910	1.4000000000000001
AT1G28920	3.43125
AT1G28930	4.2
AT1G28940	4.4795454545454545
AT1G28950	3.659375
AT1G28960	25.90909090909091
AT1G28970	2.9333333333333336
AT1G28980	2.4535714285714287
AT1G28990	2.3555555555555556
AT1G29000	1.7848484848484851
AT1G29005	0.3
AT1G29010	0.6000000000000001
AT1G29020	3.10625
AT1G29025	15.24
AT1G29030	10.222222222222221
AT1G29040	17.667272727272728
AT1G29041	0.14444444444444443
AT1G29050	35.24074074074074
AT1G29060	15.345454545454546
AT1G29070	414.96
AT1G29071	31.988571428571426
AT1G29080	0.6
AT1G29090	3.1714285714285717
AT1G29100	0.36875
AT1G29110	0.7928571428571428
AT1G29120	25.963636363636365
AT1G29140	212.6
AT1G29150	84.52727272727273
AT1G29160	8.512962962962963
AT1G29170	10.079629629629629
AT1G29179	0.6535714285714286
AT1G29180	0.7392857142857144
AT1G29195	4.87037037037037
AT1G29200	1.1454545454545455
AT1G29210	2.0
AT1G29220	21.70909090909091
AT1G29230	2.958490566037736
AT1G29240	7.229629629629629
AT1G29250	90.66181818181818
AT1G29260	26.529090909090908
AT1G29265	0.7666666666666666
AT1G29270	3.7170212765957444
AT1G29280	29.02075471698113
AT1G29290	2.725925925925926
AT1G29300	7.666666666666667
AT1G29310	36.36363636363637
AT1G29320	17.05818181818182
AT1G29330	16.70909090909091
AT1G29340	38.21818181818182
AT1G29350	10.072727272727272
AT1G29357	4.37962962962963
AT1G29370	9.854545454545455
AT1G29380	2.914814814814815
AT1G29390	51.836363636363636
AT1G29395	113.99636363636364
AT1G29400	61.054545454545455
AT1G29410	5.7407407407407405
AT1G29418	24.88909090909091
AT1G29420	0.5818181818181818
AT1G29430	11.950980392156863
AT1G29435	0.20000000000000004
AT1G29440	10.202
AT1G29450	10.042
AT1G29460	7.463265306122449
AT1G29465	13.092592592592593
AT1G29470	142.49272727272728
AT1G29480	0.8
AT1G29490	1.7475
AT1G29500	12.779629629629628
AT1G29510	8.409615384615384
AT1G29520	24.40740740740741
AT1G29530	26.0
AT1G29535	0.6461538461538462
AT1G29550	11.209090909090909
AT1G29560	4.10377358490566
AT1G29570	0.8
AT1G29580	0.5
AT1G29590	3.3018181818181818
AT1G29600	3.312244897959184
AT1G29630	5.872727272727273
AT1G29640	7.955555555555556
AT1G29660	110.14814814814815
AT1G29670	194.02
AT1G29680	0.506896551724138
AT1G29690	21.25925925925926
AT1G29700	39.5
AT1G29710	5.401818181818182
AT1G29720	10.077083333333334
AT1G29730	1.6127272727272728
AT1G29740	0.4811320754716981
AT1G29750	10.4
AT1G29760	14.727272727272727
AT1G29770	1.9365384615384615
AT1G29775	0.5
AT1G29785	6.037037037037037
AT1G29790	25.5
AT1G29800	11.945454545454545
AT1G29810	15.2
AT1G29820	12.165454545454546
AT1G29830	0.6046511627906976
AT1G29840	7.201851851851852
AT1G29850	67.0
AT1G29860	1.1073170731707318
AT1G29870	0.45
AT1G29880	78.78363636363638
AT1G29890	20.114545454545453
AT1G29900	64.49636363636364
AT1G29910	3599.5309090909095
AT1G29920	2768.2472727272725
AT1G29930	12267.123636363638
AT1G29940	19.462962962962962
AT1G29950	35.554545454545455
AT1G29960	6.7407407407407405
AT1G29962	0.25
AT1G29965	2.217307692307692
AT1G29970	26.054545454545455
AT1G29980	18.555555555555557
AT1G29990	59.14727272727273
AT1G30000	18.78181818181818
AT1G30010	3.8166666666666664
AT1G30020	0.4
AT1G30040	8.057407407407409
AT1G30050	1.6838709677419357
AT1G30060	0.54
AT1G30070	22.98148148148148
AT1G30080	3.53695652173913
AT1G30090	21.314545454545453
AT1G30100	0.5
AT1G30110	16.51851851851852
AT1G30120	126.7090909090909
AT1G30130	23.418181818181818
AT1G30135	5.851219512195121
AT1G30140	0.3904761904761904
AT1G30160	1.8826923076923079
AT1G30170	0.75625
AT1G30190	1.317948717948718
AT1G30200	35.74545454545454
AT1G30210	35.15925925925926
AT1G30220	1.5588235294117647
AT1G30230	462.8181818181818
AT1G30240	7.074074074074074
AT1G30250	23.142857142857142
AT1G30260	20.055555555555557
AT1G30270	38.03636363636364
AT1G30280	3.531481481481481
AT1G30282	0.15384615384615385
AT1G30290	5.781818181818182
AT1G30300	11.781818181818181
AT1G30320	18.87037037037037
AT1G30330	40.370370370370374
AT1G30350	7.885714285714285
AT1G30360	231.89454545454547
AT1G30370	4.102083333333334
AT1G30380	2317.5672727272727
AT1G30400	55.94
AT1G30410	11.324074074074074
AT1G30420	6.37962962962963
AT1G30440	40.2962962962963
AT1G30450	17.6
AT1G30455	0.2761904761904762
AT1G30460	10.883636363636365
AT1G30470	36.09090909090909
AT1G30473	0.15000000000000002
AT1G30475	2.069090909090909
AT1G30480	17.236363636363638
AT1G30490	21.77777777777778
AT1G30500	14.007407407407406
AT1G30510	100.13454545454545
AT1G30515	1.951851851851852
AT1G30520	18.444444444444443
AT1G30530	49.27777777777778
AT1G30540	10.709090909090909
AT1G30545	4.140740740740741
AT1G30550	3.693548387096774
AT1G30560	0.348
AT1G30570	11.296296296296296
AT1G30580	180.98181818181817
AT1G30590	24.494545454545456
AT1G30600	11.564814814814815
AT1G30610	14.52962962962963
AT1G30620	10.472727272727273
AT1G30630	130.05454545454546
AT1G30640	10.636363636363637
AT1G30650	8.718367346938777
AT1G30660	0.6061224489795918
AT1G30670	0.6
AT1G30680	23.827272727272728
AT1G30690	73.85636363636364
AT1G30700	29.579245283018867
AT1G30710	130.11
AT1G30720	16.055102040816326
AT1G30730	12.08867924528302
AT1G30740	0.5756756756756757
AT1G30750	21.173529411764704
AT1G30755	7.883333333333334
AT1G30760	11.60740740740741
AT1G30780	0.2285714285714286
AT1G30790	0.26666666666666666
AT1G30795	39.5875
AT1G30810	9.454545454545455
AT1G30814	0.19999999999999998
AT1G30820	57.018181818181816
AT1G30825	13.676363636363638
AT1G30840	8.273584905660377
AT1G30845	6.623636363636364
AT1G30850	1.4425
AT1G30860	1.7722222222222224
AT1G30870	56.846875
AT1G30880	85.72727272727273
AT1G30890	20.945454545454545
AT1G30900	12.203703703703704
AT1G30910	28.425925925925927
AT1G30920	0.17058823529411768
AT1G30925	0.5
AT1G30930	0.275
AT1G30950	0.2387096774193548
AT1G30960	7.2290909090909095
AT1G30970	28.472727272727273
AT1G30972	1.44
AT1G30974	1.25
AT1G30990	3.916129032258065
AT1G31000	0.275
AT1G31010	7.665454545454546
AT1G31020	15.454545454545455
AT1G31040	2.734
AT1G31050	7.68
AT1G31070	26.78181818181818
AT1G31080	0.39999999999999997
AT1G31090	0.6
AT1G31095	0.5
AT1G31120	11.77090909090909
AT1G31130	83.20181818181818
AT1G31140	0.5466666666666666
AT1G31150	8.805454545454547
AT1G31160	33.623636363636365
AT1G31163	0.45000000000000007
AT1G31170	28.29272727272727
AT1G31173	10.091836734693878
AT1G31175	7.181818181818182
AT1G31180	59.48148148148148
AT1G31190	43.23090909090909
AT1G31200	1.769811320754717
AT1G31220	11.481481481481481
AT1G31230	42.45636363636363
AT1G31240	1.1418181818181818
AT1G31243	0.9714285714285714
AT1G31250	0.29411764705882354
AT1G31255	0.4
AT1G31258	25.444444444444443
AT1G31260	0.6
AT1G31270	0.3466666666666666
AT1G31280	10.61111111111111
AT1G31290	1.1166666666666667
AT1G31300	31.418181818181818
AT1G31310	5.847916666666667
AT1G31320	7.40925925925926
AT1G31330	3131.5490909090913
AT1G31335	16.44
AT1G31340	79.85454545454546
AT1G31350	12.436363636363636
AT1G31360	7.594545454545456
AT1G31370	0.55
AT1G31380	0.3
AT1G31390	0.30000000000000004
AT1G31400	0.18461538461538465
AT1G31410	19.672727272727272
AT1G31420	72.82
AT1G31430	1.6740740740740743
AT1G31440	34.77777777777778
AT1G31450	0.8666666666666667
AT1G31460	4.437037037037037
AT1G31470	5.267272727272727
AT1G31480	7.4
AT1G31490	0.14347826086956522
AT1G31500	17.063636363636363
AT1G31510	0.3
AT1G31520	0.1
AT1G31530	1.22
AT1G31540	14.072222222222221
AT1G31550	22.818867924528302
AT1G31555	0.1
AT1G31580	1434.5192307692307
AT1G31600	20.29272727272727
AT1G31620	0.4
AT1G31630	0.6
AT1G31640	1.0
AT1G31650	20.27777777777778
AT1G31660	32.838181818181816
AT1G31670	0.22000000000000003
AT1G31690	26.063043478260873
AT1G31710	27.89818181818182
AT1G31720	1.1660377358490568
AT1G31730	42.981818181818184
AT1G31740	0.3
AT1G31750	7.274074074074075
AT1G31760	4.6648148148148145
AT1G31770	24.166666666666668
AT1G31772	0.7599999999999999
AT1G31780	32.70909090909091
AT1G31790	3.4672727272727273
AT1G31800	76.6509090909091
AT1G31810	13.527272727272727
AT1G31812	582.6909090909091
AT1G31814	5.6
AT1G31817	35.2
AT1G31820	6.3
AT1G31830	17.818181818181817
AT1G31835	21.929090909090906
AT1G31840	0.96
AT1G31850	42.75925925925926
AT1G31860	21.656363636363636
AT1G31870	18.09090909090909
AT1G31880	2.4963636363636366
AT1G31885	2.654166666666667
AT1G31910	59.0
AT1G31930	19.938181818181818
AT1G31935	17.066666666666666
AT1G31940	23.537037037037038
AT1G31950	6.801851851851853
AT1G31960	0.25
AT1G31970	75.4109090909091
AT1G31990	3.258333333333333
AT1G32000	0.6
AT1G32010	0.3
AT1G32020	0.6
AT1G32030	0.25
AT1G32050	123.94545454545455
AT1G32060	955.0185185185185
AT1G32070	81.53703703703704
AT1G32080	200.30545454545452
AT1G32090	23.40740740740741
AT1G32100	26.88888888888889
AT1G32120	14.223636363636363
AT1G32127	7.921818181818183
AT1G32130	63.18181818181818
AT1G32140	0.2333333333333333
AT1G32150	13.701818181818183
AT1G32160	69.34727272727272
AT1G32170	29.036363636363635
AT1G32172	0.27804878048780485
AT1G32180	0.20869565217391303
AT1G32190	9.966666666666667
AT1G32200	55.53703703703704
AT1G32210	45.472727272727276
AT1G32220	72.47272727272727
AT1G32225	0.19999999999999998
AT1G32230	91.56363636363636
AT1G32240	6.025925925925925
AT1G32250	3.3000000000000007
AT1G32260	20.145454545454545
AT1G32270	0.21944444444444444
AT1G32280	3.1571428571428575
AT1G32300	4.544444444444445
AT1G32310	18.01818181818182
AT1G32320	0.36000000000000004
AT1G32330	11.89090909090909
AT1G32337	0.3
AT1G32340	11.840000000000002
AT1G32350	2.5977777777777775
AT1G32360	26.509090909090908
AT1G32361	2.675
AT1G32370	13.309090909090909
AT1G32375	0.28837209302325584
AT1G32380	14.6
AT1G32385	7.971111111111111
AT1G32400	81.52727272727273
AT1G32410	40.25454545454546
AT1G32415	2.3703703703703702
AT1G32420	0.3
AT1G32430	2.08
AT1G32440	32.67272727272727
AT1G32450	124.73636363636363
AT1G32460	2.893333333333333
AT1G32470	583.9381818181818
AT1G32480	0.30000000000000004
AT1G32490	24.527272727272727
AT1G32500	62.79090909090909
AT1G32510	0.5115384615384616
AT1G32520	21.814545454545453
AT1G32530	22.636363636363637
AT1G32540	13.218518518518518
AT1G32550	59.0
AT1G32560	2.5772727272727276
AT1G32570	1.0555555555555556
AT1G32575	1.177142857142857
AT1G32580	51.845454545454544
AT1G32582	1.5409090909090912
AT1G32583	1.1574074074074074
AT1G32585	0.45
AT1G32600	0.18333333333333335
AT1G32610	2.6399999999999997
AT1G32620	1.25
AT1G32630	1.1425925925925926
AT1G32650	0.4800000000000001
AT1G32660	0.35
AT1G32690	6.796363636363637
AT1G32700	48.55555555555556
AT1G32710	0.4375
AT1G32713	0.6749999999999999
AT1G32720	0.2
AT1G32730	8.15090909090909
AT1G32740	4.789090909090909
AT1G32750	18.545454545454547
AT1G32760	5.492727272727273
AT1G32763	0.425
AT1G32770	5.3375
AT1G32780	3.4120000000000004
AT1G32790	78.92909090909092
AT1G32810	15.445454545454545
AT1G32850	0.27187500000000003
AT1G32860	12.347272727272728
AT1G32870	12.254545454545454
AT1G32880	0.6303030303030304
AT1G32900	78.01296296296296
AT1G32910	2.0913043478260867
AT1G32920	52.55555555555556
AT1G32928	16.19090909090909
AT1G32930	8.618181818181819
AT1G32940	8.730909090909092
AT1G32950	0.7759999999999999
AT1G32960	2.1390243902439026
AT1G32970	0.5449999999999999
AT1G32975	0.5
AT1G32980	0.39999999999999997
AT1G32990	302.9074074074074
AT1G32992	0.5
AT1G33010	0.4
AT1G33020	0.3
AT1G33030	1.96304347826087
AT1G33040	104.36545454545455
AT1G33050	37.54545454545455
AT1G33055	4.989583333333333
AT1G33060	11.110909090909091
AT1G33070	0.6
AT1G33080	6.05
AT1G33090	1.0857142857142859
AT1G33100	0.7838709677419355
AT1G33102	3.177358490566038
AT1G33110	40.7037037037037
AT1G33120	136.4909090909091
AT1G33140	220.85454545454544
AT1G33170	32.14545454545455
AT1G33220	0.31666666666666665
AT1G33230	29.543636363636367
AT1G33240	49.111111111111114
AT1G33250	21.29090909090909
AT1G33260	6.618518518518518
AT1G33265	30.11090909090909
AT1G33270	18.98181818181818
AT1G33280	2.2896551724137932
AT1G33290	38.85454545454545
AT1G33320	0.6181818181818183
AT1G33330	18.563636363636363
AT1G33340	3.089090909090909
AT1G33350	2.1018181818181816
AT1G33360	14.6
AT1G33370	7.285714285714286
AT1G33390	7.998148148148148
AT1G33400	8.97962962962963
AT1G33410	18.11111111111111
AT1G33415	1.0727272727272728
AT1G33440	3.1
AT1G33470	66.18518518518519
AT1G33475	2.360377358490566
AT1G33480	10.101851851851851
AT1G33490	26.329090909090908
AT1G33500	0.7545454545454546
AT1G33520	33.92727272727273
AT1G33530	0.7
AT1G33540	1.0625
AT1G33560	9.981481481481481
AT1G33590	110.66666666666667
AT1G33600	39.525925925925925
AT1G33607	0.1888888888888889
AT1G33610	8.9
AT1G33612	1.0203703703703706
AT1G33615	1.246938775510204
AT1G33640	0.1
AT1G33670	0.4444444444444444
AT1G33680	38.552727272727275
AT1G33700	6.475925925925925
AT1G33710	0.6
AT1G33720	3.9533333333333336
AT1G33730	0.5157894736842106
AT1G33750	7.672727272727273
AT1G33760	3.5205882352941176
AT1G33770	2.4862745098039216
AT1G33780	16.765454545454546
AT1G33790	5.562962962962963
AT1G33800	16.925925925925927
AT1G33810	98.25818181818181
AT1G33811	39.088
AT1G33820	0.4
AT1G33830	0.4
AT1G33840	0.8066666666666668
AT1G33850	0.6666666666666666
AT1G33860	1.225
AT1G33870	0.7818181818181817
AT1G33880	0.48571428571428577
AT1G33890	0.3444444444444444
AT1G33900	0.3375
AT1G33910	0.34285714285714286
AT1G33920	0.9
AT1G33930	2.7058823529411766
AT1G33940	0.15000000000000002
AT1G33950	1.17
AT1G33960	17.43421052631579
AT1G33970	37.166666666666664
AT1G33980	30.90909090909091
AT1G33990	60.092592592592595
AT1G34000	158.88888888888889
AT1G34010	19.66
AT1G34015	0.3
AT1G34020	12.458181818181819
AT1G34030	274.66545454545457
AT1G34040	5.901851851851852
AT1G34042	0.4142857142857143
AT1G34046	0.5
AT1G34047	4.46875
AT1G34049	1.0
AT1G34050	0.5421052631578948
AT1G34060	10.37547169811321
AT1G34065	8.038181818181819
AT1G34070	0.6
AT1G34095	210.98749999999998
AT1G34110	9.61111111111111
AT1G34120	7.46
AT1G34130	33.60181818181818
AT1G34140	0.27999999999999997
AT1G34150	10.690909090909091
AT1G34160	3.976363636363636
AT1G34170	0.25
AT1G34180	1.761111111111111
AT1G34190	36.527272727272724
AT1G34200	13.185185185185185
AT1G34210	19.924074074074074
AT1G34220	26.8
AT1G34245	7.822916666666667
AT1G34260	9.558181818181819
AT1G34270	8.801818181818183
AT1G34290	0.3
AT1G34300	16.703703703703702
AT1G34310	0.4
AT1G34315	6.953703703703703
AT1G34317	4.189583333333333
AT1G34320	31.666666666666668
AT1G34340	19.921818181818182
AT1G34350	18.425925925925927
AT1G34355	3.84
AT1G34360	9.052727272727273
AT1G34370	56.96181818181818
AT1G34380	8.685185185185185
AT1G34390	0.2
AT1G34392	0.2
AT1G34400	1.0
AT1G34410	0.1
AT1G34418	65.6490909090909
AT1G34420	3.1944444444444446
AT1G34430	90.65818181818182
AT1G34440	1.1058823529411765
AT1G34460	0.9580000000000001
AT1G34470	12.781818181818181
AT1G34480	0.32499999999999996
AT1G34490	0.5111111111111111
AT1G34500	0.44705882352941173
AT1G34510	5.517857142857143
AT1G34520	0.595
AT1G34540	0.6941176470588235
AT1G34550	23.829090909090908
AT1G34560	0.64
AT1G34570	17.874545454545455
AT1G34575	1.157142857142857
AT1G34580	1.4020408163265308
AT1G34630	10.4
AT1G34640	15.072222222222225
AT1G34650	0.14444444444444446
AT1G34670	6.278048780487804
AT1G34750	17.27777777777778
AT1G34760	13.005454545454544
AT1G34770	7.336363636363636
AT1G34780	22.78181818181818
AT1G34790	1.8800000000000001
AT1G34792	0.1
AT1G34844	5.545454545454546
AT1G34910	0.2
AT1G34930	0.3
AT1G35030	0.28
AT1G35035	0.1
AT1G35040	0.7
AT1G35140	24.555555555555557
AT1G35150	0.25
AT1G35160	131.0909090909091
AT1G35170	0.4214285714285714
AT1G35180	8.64074074074074
AT1G35183	0.5394736842105263
AT1G35190	30.472727272727273
AT1G35210	6.720754716981133
AT1G35215	0.20833333333333334
AT1G35220	12.616363636363635
AT1G35230	7.774545454545455
AT1G35240	0.8758620689655172
AT1G35242	0.6529411764705882
AT1G35250	5.48695652173913
AT1G35255	1.1617021276595745
AT1G35260	22.42222222222222
AT1G35290	5.853061224489796
AT1G35310	111.3851851851852
AT1G35320	11.347272727272728
AT1G35330	3.791428571428571
AT1G35340	38.56363636363636
AT1G35350	13.167924528301887
AT1G35353	0.4
AT1G35365	0.4000000000000001
AT1G35375	0.1
AT1G35400	1.875
AT1G35410	0.5
AT1G35420	57.24074074074074
AT1G35430	10.092592592592593
AT1G35435	1.5
AT1G35440	0.4000000000000001
AT1G35460	17.22222222222222
AT1G35467	1.3599999999999999
AT1G35470	16.256363636363638
AT1G35490	203.24615384615385
AT1G35500	1.42
AT1G35501	0.8
AT1G35510	19.0
AT1G35515	5.783673469387755
AT1G35516	59.10727272727273
AT1G35520	0.1
AT1G35530	1.7454545454545454
AT1G35537	0.65
AT1G35540	1.575
AT1G35545	0.1
AT1G35550	0.2
AT1G35560	16.48148148148148
AT1G35580	101.66666666666667
AT1G35610	0.4555555555555556
AT1G35614	0.5
AT1G35617	0.3
AT1G35620	51.07636363636363
AT1G35625	0.47058823529411764
AT1G35630	0.17
AT1G35660	4.9907407407407405
AT1G35670	27.854545454545455
AT1G35680	497.5472727272727
AT1G35710	30.139999999999997
AT1G35720	416.92727272727274
AT1G35730	0.2527777777777777
AT1G35750	0.3
AT1G35780	17.51851851851852
AT1G35820	0.2
AT1G35830	2.832692307692308
AT1G35850	0.3
AT1G35860	0.8
AT1G35880	0.28
AT1G35890	0.26
AT1G35895	0.15000000000000002
AT1G35910	6.994230769230769
AT1G36005	0.9
AT1G36020	0.26666666666666666
AT1G36030	0.4
AT1G36050	39.72727272727273
AT1G36060	9.914814814814813
AT1G36070	8.838181818181818
AT1G36078	1.0
AT1G36085	0.24
AT1G36095	0.6
AT1G36100	1.0
AT1G36150	0.36666666666666664
AT1G36160	49.80363636363636
AT1G36180	2.770909090909091
AT1G36230	0.7
AT1G36240	15.033333333333335
AT1G36280	14.814814814814815
AT1G36310	32.056363636363635
AT1G36320	83.85636363636364
AT1G36325	0.3
AT1G36340	1.875
AT1G36370	41.63636363636363
AT1G36380	16.816363636363636
AT1G36390	39.75925925925926
AT1G36510	0.6
AT1G36580	0.21428571428571427
AT1G36622	5.581632653061225
AT1G36627	0.3333333333333333
AT1G36640	2.552777777777778
AT1G36675	0.7536585365853659
AT1G36730	126.7090909090909
AT1G36745	0.46666666666666673
AT1G36756	0.9
AT1G36920	0.5666666666666667
AT1G36922	0.6368421052631579
AT1G36925	0.16666666666666666
AT1G36940	4.662962962962963
AT1G36942	0.5
AT1G36950	0.2
AT1G36960	0.5
AT1G36970	0.35
AT1G36980	95.72727272727273
AT1G36990	13.472727272727273
AT1G36992	0.1
AT1G37000	0.2571428571428572
AT1G37010	0.625
AT1G37020	0.7
AT1G37113	2.1
AT1G37130	532.2545454545455
AT1G37140	0.22
AT1G37150	0.8653846153846154
AT1G38131	3.1074074074074076
AT1G38790	0.8
AT1G40083	0.3
AT1G40087	0.15000000000000002
AT1G40090	0.5
AT1G40104	19.0
AT1G40390	0.4
AT1G41820	0.8
AT1G41830	86.12962962962963
AT1G41880	185.49818181818182
AT1G41920	0.4
AT1G42080	0.625
AT1G42120	1.3333333333333333
AT1G42190	0.6
AT1G42430	21.51851851851852
AT1G42440	29.241818181818182
AT1G42470	14.909090909090908
AT1G42480	27.380000000000003
AT1G42525	0.7
AT1G42540	13.785454545454547
AT1G42550	54.351851851851855
AT1G42560	0.8379310344827585
AT1G42615	0.525
AT1G42680	0.1
AT1G42700	0.44999999999999996
AT1G42710	0.5
AT1G42960	219.44444444444446
AT1G42970	1331.7962962962963
AT1G42980	0.9755555555555557
AT1G42990	56.018181818181816
AT1G43000	0.4395348837209302
AT1G43005	0.24
AT1G43010	1.1360000000000001
AT1G43020	3.594117647058823
AT1G43040	0.7321428571428571
AT1G43080	0.1
AT1G43130	25.463636363636365
AT1G43140	0.5709677419354838
AT1G43145	0.4166666666666667
AT1G43160	36.73265306122449
AT1G43170	661.2545454545455
AT1G43171	0.2
AT1G43190	58.872727272727275
AT1G43245	5.361818181818181
AT1G43260	0.20000000000000004
AT1G43310	1.1705882352941177
AT1G43320	0.30000000000000004
AT1G43330	0.5
AT1G43415	0.4
AT1G43560	107.78363636363638
AT1G43580	33.46296296296296
AT1G43600	0.17142857142857146
AT1G43605	1.2730769230769232
AT1G43610	0.1
AT1G43620	14.272727272727273
AT1G43630	13.183333333333332
AT1G43640	2.470967741935484
AT1G43650	5.4111111111111105
AT1G43665	1.2
AT1G43666	0.6
AT1G43667	0.35
AT1G43670	132.6909090909091
AT1G43680	0.2857142857142857
AT1G43690	37.78181818181818
AT1G43700	50.7490909090909
AT1G43710	89.47272727272727
AT1G43720	0.4
AT1G43722	0.4
AT1G43730	0.39999999999999997
AT1G43760	0.5
AT1G43765	3.5137254901960784
AT1G43770	3.058181818181818
AT1G43780	0.21249999999999997
AT1G43790	24.444444444444443
AT1G43800	17.847916666666666
AT1G43810	0.86
AT1G43815	0.9333333333333332
AT1G43820	10.5
AT1G43825	2.0
AT1G43850	16.474545454545456
AT1G43860	10.623636363636363
AT1G43890	80.01818181818182
AT1G43900	40.36363636363637
AT1G43910	15.807407407407409
AT1G43950	0.39999999999999997
AT1G43970	0.2
AT1G43980	1.348148148148148
AT1G44000	116.36363636363636
AT1G44010	0.26666666666666666
AT1G44020	0.42499999999999993
AT1G44030	0.2583333333333333
AT1G44050	1.6642857142857144
AT1G44080	0.5
AT1G44085	0.5
AT1G44090	0.23076923076923078
AT1G44100	27.945454545454545
AT1G44110	14.192727272727273
AT1G44120	0.9222222222222223
AT1G44125	0.1
AT1G44130	1.2775510204081635
AT1G44160	17.744897959183675
AT1G44170	35.19090909090909
AT1G44180	1.314705882352941
AT1G44191	1.214285714285714
AT1G44224	1.4555555555555555
AT1G44318	0.5454545454545454
AT1G44350	26.256363636363634
AT1G44414	0.924
AT1G44446	109.02000000000001
AT1G44478	0.4749999999999999
AT1G44542	19.1962962962963
AT1G44575	928.8927272727273
AT1G44608	3.652083333333333
AT1G44740	3.3074074074074074
AT1G44750	17.241818181818182
AT1G44760	36.666666666666664
AT1G44770	58.27272727272727
AT1G44780	9.894545454545455
AT1G44790	42.08545454545454
AT1G44800	63.49272727272727
AT1G44810	37.592592592592595
AT1G44820	22.527272727272727
AT1G44830	3.55
AT1G44835	26.70181818181818
AT1G44890	4.574545454545455
AT1G44895	0.30000000000000004
AT1G44900	16.581818181818182
AT1G44910	18.87454545454545
AT1G44920	94.31481481481481
AT1G44940	0.525
AT1G44941	0.4166666666666667
AT1G44960	15.581818181818182
AT1G44970	30.171739130434784
AT1G44980	0.3
AT1G44990	0.7
AT1G45000	97.23636363636363
AT1G45010	11.281132075471698
AT1G45015	7.560714285714285
AT1G45050	16.30909090909091
AT1G45063	0.17500000000000002
AT1G45100	0.17500000000000002
AT1G45110	5.703703703703703
AT1G45130	35.7962962962963
AT1G45145	130.36363636363637
AT1G45150	10.909090909090908
AT1G45160	21.327272727272728
AT1G45163	0.24
AT1G45170	19.974545454545453
AT1G45180	8.10909090909091
AT1G45190	0.4
AT1G45191	8.49622641509434
AT1G45201	80.8433962264151
AT1G45207	11.38888888888889
AT1G45215	0.1
AT1G45221	0.225
AT1G45223	1.02
AT1G45229	4.694339622641509
AT1G45230	56.58363636363636
AT1G45231	8.700000000000001
AT1G45233	9.530909090909091
AT1G45234	7.18139534883721
AT1G45238	2.8846153846153846
AT1G45240	3.2346153846153842
AT1G45242	1.0
AT1G45243	0.22000000000000003
AT1G45244	0.3
AT1G45248	6.198181818181817
AT1G45249	18.72222222222222
AT1G45332	14.962962962962964
AT1G45403	0.2333333333333333
AT1G45474	162.59272727272727
AT1G45545	1.669811320754717
AT1G45616	0.853191489361702
AT1G45688	93.22222222222223
AT1G45976	32.78181818181818
AT1G46264	10.074074074074074
AT1G46408	0.9
AT1G46480	7.468518518518518
AT1G46554	10.0
AT1G46696	0.3
AT1G46768	4.681481481481482
AT1G46840	0.9
AT1G46912	0.4
AT1G46984	0.225
AT1G47056	12.532727272727271
AT1G47128	484.17636363636365
AT1G47130	6.34
AT1G47200	66.18181818181819
AT1G47210	18.11111111111111
AT1G47220	0.325
AT1G47230	12.8
AT1G47240	14.963636363636363
AT1G47250	13.074074074074074
AT1G47260	69.0909090909091
AT1G47265	0.28888888888888886
AT1G47270	33.50909090909091
AT1G47271	3.005882352941176
AT1G47278	28.12727272727273
AT1G47280	15.40625
AT1G47290	19.944444444444443
AT1G47300	0.16666666666666666
AT1G47310	18.327272727272728
AT1G47317	0.875
AT1G47330	18.59259259259259
AT1G47340	5.4363636363636365
AT1G47350	0.2333333333333333
AT1G47370	1.1891304347826088
AT1G47380	24.30909090909091
AT1G47389	3.0200000000000005
AT1G47390	0.35
AT1G47395	19.09433962264151
AT1G47400	14.947169811320753
AT1G47410	8.272222222222222
AT1G47420	197.3090909090909
AT1G47450	1.4000000000000001
AT1G47470	1.3
AT1G47480	12.572222222222221
AT1G47485	1.4333333333333333
AT1G47490	41.21818181818182
AT1G47495	1.125
AT1G47497	0.125
AT1G47500	26.963636363636365
AT1G47510	2.645283018867925
AT1G47530	69.4074074074074
AT1G47540	0.7449999999999999
AT1G47550	26.054545454545455
AT1G47560	1.6618181818181819
AT1G47570	9.945454545454545
AT1G47578	2.8566037735849057
AT1G47580	27.77777777777778
AT1G47600	19.055172413793105
AT1G47603	0.4066666666666666
AT1G47610	1.5344827586206897
AT1G47620	0.5269230769230769
AT1G47640	50.77090909090909
AT1G47655	4.632075471698113
AT1G47657	0.25
AT1G47660	0.7
AT1G47670	20.074074074074073
AT1G47680	0.7
AT1G47690	0.16666666666666666
AT1G47695	2.0
AT1G47700	0.25
AT1G47710	37.514545454545456
AT1G47720	12.418181818181818
AT1G47730	0.2
AT1G47740	29.880000000000003
AT1G47750	17.836363636363636
AT1G47760	3.3673076923076923
AT1G47765	0.3
AT1G47770	0.40625000000000006
AT1G47780	0.6900000000000001
AT1G47786	0.325
AT1G47790	0.3
AT1G47800	0.3
AT1G47810	0.8
AT1G47813	0.6375
AT1G47820	11.166666666666666
AT1G47830	48.81818181818182
AT1G47840	7.7592592592592595
AT1G47845	0.30833333333333335
AT1G47870	11.727272727272727
AT1G47885	0.3
AT1G47890	1.1071428571428572
AT1G47900	18.24074074074074
AT1G47915	0.2846153846153846
AT1G47920	0.1625
AT1G47940	0.7
AT1G47960	12.24074074074074
AT1G47970	97.5109090909091
AT1G47980	5.66
AT1G47990	1.1044444444444443
AT1G48000	2.8615384615384625
AT1G48010	0.375
AT1G48020	119.55862068965519
AT1G48030	167.05454545454546
AT1G48040	7.945454545454545
AT1G48050	13.37037037037037
AT1G48060	0.43488372093023253
AT1G48070	1.2944444444444445
AT1G48090	14.236363636363636
AT1G48095	0.5
AT1G48100	3.838888888888889
AT1G48110	27.10909090909091
AT1G48120	6.283636363636364
AT1G48130	5.334615384615384
AT1G48140	23.6
AT1G48145	1.1
AT1G48150	0.1285714285714286
AT1G48160	41.0
AT1G48170	10.592592592592593
AT1G48175	8.907407407407407
AT1G48180	0.5499999999999999
AT1G48190	0.8
AT1G48195	0.25
AT1G48200	19.39818181818182
AT1G48210	22.656363636363636
AT1G48220	0.25
AT1G48230	32.30909090909091
AT1G48240	22.581818181818182
AT1G48260	4.047272727272728
AT1G48267	0.9851851851851853
AT1G48270	7.356363636363636
AT1G48280	7.148148148148148
AT1G48285	0.2
AT1G48300	344.3454545454546
AT1G48310	9.836363636363636
AT1G48315	0.7134615384615385
AT1G48325	1.66
AT1G48330	22.936363636363637
AT1G48350	308.1111111111111
AT1G48360	6.094545454545455
AT1G48370	6.883333333333333
AT1G48380	11.703636363636365
AT1G48390	1.9433962264150944
AT1G48400	0.28809523809523807
AT1G48405	0.40555555555555556
AT1G48410	89.78545454545454
AT1G48420	47.69636363636364
AT1G48430	28.87037037037037
AT1G48440	118.8
AT1G48450	105.9090909090909
AT1G48460	13.462962962962964
AT1G48470	1.5708333333333335
AT1G48480	45.53703703703704
AT1G48490	17.527272727272727
AT1G48500	2.9169811320754717
AT1G48510	3.4225806451612906
AT1G48520	49.43818181818182
AT1G48530	0.3361111111111111
AT1G48540	20.763636363636362
AT1G48550	13.836363636363636
AT1G48560	0.8481481481481481
AT1G48570	14.796296296296296
AT1G48580	2.4072727272727272
AT1G48590	10.88421052631579
AT1G48600	182.23636363636365
AT1G48605	3.5472727272727274
AT1G48610	21.296296296296298
AT1G48620	59.425925925925924
AT1G48630	123.30545454545455
AT1G48635	19.88888888888889
AT1G48640	1.372972972972973
AT1G48650	27.62363636363636
AT1G48660	0.8977272727272727
AT1G48670	1.4212121212121214
AT1G48690	4.36
AT1G48698	0.19523809523809527
AT1G48700	0.13333333333333333
AT1G48720	0.16666666666666666
AT1G48725	0.3
AT1G48730	0.3222222222222222
AT1G48740	2.6122448979591835
AT1G48742	0.3333333333333333
AT1G48745	10.237037037037036
AT1G48760	12.709090909090909
AT1G48770	7.803636363636365
AT1G48780	4.351851851851852
AT1G48790	37.56363636363636
AT1G48800	0.5249999999999999
AT1G48820	0.6121951219512195
AT1G48830	182.66363636363636
AT1G48840	10.037037037037036
AT1G48850	90.36363636363636
AT1G48860	44.96545454545454
AT1G48870	1.4074074074074074
AT1G48880	4.125454545454546
AT1G48900	54.27272727272727
AT1G48910	0.5
AT1G48912	0.65
AT1G48920	315.8963636363636
AT1G48930	9.13529411764706
AT1G48940	0.39999999999999997
AT1G48950	15.563636363636364
AT1G48953	2.92
AT1G48960	8.28
AT1G48970	13.885454545454547
AT1G48980	0.13000000000000003
AT1G48990	0.34615384615384615
AT1G49000	3.57037037037037
AT1G49005	0.3657142857142857
AT1G49010	28.02592592592593
AT1G49015	0.7
AT1G49020	2.0
AT1G49030	2.6142857142857143
AT1G49032	28.843636363636364
AT1G49040	21.036363636363635
AT1G49050	20.19272727272727
AT1G49100	0.26153846153846155
AT1G49110	0.2714285714285714
AT1G49120	0.48999999999999994
AT1G49130	14.427777777777775
AT1G49140	60.872727272727275
AT1G49160	5.905454545454545
AT1G49170	8.68
AT1G49180	11.257407407407406
AT1G49190	0.3
AT1G49200	1.6183673469387754
AT1G49205	0.21666666666666665
AT1G49210	2.332
AT1G49220	0.6815789473684211
AT1G49225	0.3466666666666667
AT1G49230	11.56851851851852
AT1G49240	294.9818181818182
AT1G49245	9.176363636363636
AT1G49250	0.20666666666666664
AT1G49260	0.3666666666666667
AT1G49270	79.22857142857143
AT1G49290	50.712500000000006
AT1G49300	68.01818181818182
AT1G49310	22.150943396226417
AT1G49320	11.53888888888889
AT1G49330	0.28529411764705886
AT1G49340	22.363636363636363
AT1G49350	8.238181818181818
AT1G49360	8.454545454545455
AT1G49380	34.18181818181818
AT1G49390	2.1127659574468085
AT1G49400	29.927272727272726
AT1G49405	1.2568627450980394
AT1G49410	80.84727272727274
AT1G49420	0.5
AT1G49430	30.166666666666668
AT1G49435	0.3
AT1G49450	8.446153846153846
AT1G49460	2.18
AT1G49470	19.02037037037037
AT1G49475	1.9660377358490566
AT1G49480	37.74074074074074
AT1G49490	66.65818181818182
AT1G49500	60.39622641509434
AT1G49510	31.183636363636364
AT1G49520	7.1018181818181825
AT1G49530	2.5134615384615384
AT1G49540	8.907407407407407
AT1G49560	10.981481481481481
AT1G49570	18.356666666666666
AT1G49580	27.01851851851852
AT1G49590	19.05090909090909
AT1G49600	81.03090909090909
AT1G49610	0.4956521739130435
AT1G49620	5.589090909090909
AT1G49630	11.833333333333334
AT1G49640	0.609090909090909
AT1G49650	24.16
AT1G49660	47.14727272727273
AT1G49670	34.6
AT1G49700	4.609090909090909
AT1G49710	17.296363636363637
AT1G49715	6.6000000000000005
AT1G49720	27.49074074074074
AT1G49730	22.444444444444443
AT1G49740	23.654545454545456
AT1G49750	147.75185185185185
AT1G49760	96.36545454545455
AT1G49770	0.25
AT1G49780	13.781818181818181
AT1G49790	0.7622641509433962
AT1G49800	21.714285714285715
AT1G49810	0.19999999999999998
AT1G49820	30.11111111111111
AT1G49830	1.1355555555555557
AT1G49832	2.576923076923076
AT1G49840	9.22
AT1G49850	15.783636363636363
AT1G49860	21.19285714285714
AT1G49870	7.465454545454546
AT1G49880	7.537037037037037
AT1G49890	16.485454545454548
AT1G49900	0.44999999999999996
AT1G49910	4.210909090909091
AT1G49920	0.75
AT1G49930	0.6
AT1G49938	0.4634146341463415
AT1G49940	1.9380000000000002
AT1G49950	35.03636363636364
AT1G49952	1.1733333333333333
AT1G49960	4.018367346938775
AT1G49970	191.60181818181817
AT1G49975	45.44259259259258
AT1G49980	8.836363636363636
AT1G49990	3.4296296296296296
AT1G50000	8.252727272727272
AT1G50010	334.3454545454546
AT1G50020	62.472727272727276
AT1G50030	16.6
AT1G50040	5.605555555555555
AT1G50050	1.4225806451612903
AT1G50055	9.74074074074074
AT1G50060	17.826470588235296
AT1G50080	0.37777777777777777
AT1G50090	0.675
AT1G50110	10.285454545454547
AT1G50120	19.1
AT1G50140	20.10909090909091
AT1G50160	0.55
AT1G50170	22.963636363636365
AT1G50180	2.0830188679245283
AT1G50190	0.32368421052631574
AT1G50200	108.54545454545455
AT1G50220	0.525
AT1G50240	6.849090909090909
AT1G50250	125.53703703703704
AT1G50260	9.962962962962964
AT1G50270	2.740740740740741
AT1G50280	3.656603773584906
AT1G50290	13.138181818181819
AT1G50300	18.4
AT1G50310	2.950980392156863
AT1G50320	227.23818181818183
AT1G50325	0.9199999999999999
AT1G50340	0.19999999999999998
AT1G50350	0.33333333333333326
AT1G50360	12.209090909090909
AT1G50370	43.58181818181818
AT1G50380	21.14909090909091
AT1G50390	2.008888888888889
AT1G50400	1.0830188679245285
AT1G50410	13.2
AT1G50420	11.43818181818182
AT1G50430	84.00909090909092
AT1G50440	21.741818181818182
AT1G50450	45.129629629629626
AT1G50460	21.04181818181818
AT1G50470	0.2
AT1G50480	136.3090909090909
AT1G50490	44.09090909090909
AT1G50500	22.636363636363637
AT1G50510	21.86
AT1G50520	5.301851851851852
AT1G50530	0.45
AT1G50560	4.983636363636363
AT1G50570	34.55555555555556
AT1G50575	18.23818181818182
AT1G50580	2.5411764705882356
AT1G50590	4.5055555555555555
AT1G50600	33.7037037037037
AT1G50610	19.845454545454547
AT1G50620	11.874545454545455
AT1G50630	13.222222222222221
AT1G50640	45.63636363636363
AT1G50650	0.33636363636363636
AT1G50659	0.125
AT1G50660	31.365454545454543
AT1G50670	54.85454545454545
AT1G50680	0.3
AT1G50690	1.5714285714285712
AT1G50700	3.2462962962962965
AT1G50710	20.327272727272728
AT1G50720	1.1199999999999999
AT1G50730	14.301818181818183
AT1G50732	23.14807692307692
AT1G50740	34.654545454545456
AT1G50745	2.2627450980392156
AT1G50750	2.7518518518518515
AT1G50760	0.4428571428571429
AT1G50770	0.24814814814814812
AT1G50780	0.24166666666666667
AT1G50790	1.6777777777777776
AT1G50820	0.17647058823529413
AT1G50830	0.9714285714285714
AT1G50840	23.185185185185187
AT1G50870	0.25
AT1G50880	0.15000000000000002
AT1G50890	5.325454545454545
AT1G50900	77.0925925925926
AT1G50910	2.5629629629629638
AT1G50920	106.15818181818182
AT1G50930	2.312121212121212
AT1G50940	18.48181818181818
AT1G50950	4.7444444444444445
AT1G50960	0.4388888888888889
AT1G50970	8.969090909090909
AT1G50980	0.6
AT1G50990	6.8428571428571425
AT1G51000	0.47500000000000003
AT1G51010	0.3
AT1G51020	0.30000000000000004
AT1G51030	0.5900000000000001
AT1G51035	2.3033333333333337
AT1G51040	0.19999999999999998
AT1G51055	2.2581395348837208
AT1G51060	170.47272727272727
AT1G51070	84.55454545454545
AT1G51080	16.99074074074074
AT1G51090	19.59622641509434
AT1G51100	46.798148148148144
AT1G51110	93.31666666666668
AT1G51120	0.3
AT1G51130	5.8545454545454545
AT1G51140	34.03703703703704
AT1G51150	0.2
AT1G51160	47.92727272727273
AT1G51170	11.727272727272727
AT1G51172	0.9
AT1G51190	1.6142857142857143
AT1G51200	237.70909090909092
AT1G51210	1.575
AT1G51220	0.22142857142857145
AT1G51230	0.5
AT1G51240	0.8833333333333333
AT1G51250	265.6555555555555
AT1G51260	2.5694444444444446
AT1G51270	6.767272727272727
AT1G51290	0.10000000000000002
AT1G51300	1.0666666666666667
AT1G51310	19.98181818181818
AT1G51320	0.35
AT1G51330	0.2833333333333333
AT1G51340	6.163636363636364
AT1G51350	15.618181818181819
AT1G51355	2.637735849056604
AT1G51360	21.8
AT1G51370	3.9036363636363633
AT1G51380	3.2314814814814814
AT1G51390	12.218181818181819
AT1G51400	15.783018867924529
AT1G51402	0.6000000000000001
AT1G51405	3.1222222222222222
AT1G51410	10.029411764705882
AT1G51420	15.437209302325583
AT1G51430	24.11090909090909
AT1G51440	5.158490566037735
AT1G51450	9.290909090909091
AT1G51460	7.550943396226416
AT1G51470	18.586666666666662
AT1G51480	0.336
AT1G51490	8.471428571428572
AT1G51500	81.1574074074074
AT1G51510	108.21818181818182
AT1G51520	3.260377358490566
AT1G51530	0.31333333333333335
AT1G51538	0.5282051282051281
AT1G51540	15.418181818181818
AT1G51550	2.5611111111111113
AT1G51560	24.636363636363637
AT1G51570	66.16666666666667
AT1G51580	16.95090909090909
AT1G51590	30.672727272727272
AT1G51600	16.145454545454545
AT1G51610	25.729090909090907
AT1G51620	3.1872727272727275
AT1G51630	42.050909090909094
AT1G51645	0.15869565217391302
AT1G51650	206.25454545454545
AT1G51660	17.46
AT1G51670	1.3781818181818184
AT1G51680	107.0
AT1G51690	27.8
AT1G51700	28.796296296296298
AT1G51710	56.72727272727273
AT1G51720	19.38888888888889
AT1G51730	61.07272727272727
AT1G51740	14.636363636363637
AT1G51745	11.333333333333334
AT1G51760	66.74727272727273
AT1G51770	0.42368421052631583
AT1G51780	6.844444444444444
AT1G51790	6.815384615384615
AT1G51800	15.64074074074074
AT1G51805	50.48627450980393
AT1G51810	0.35
AT1G51820	5.56
AT1G51823	1.3
AT1G51830	27.64864864864865
AT1G51840	15.648387096774192
AT1G51850	9.316
AT1G51860	8.104255319148935
AT1G51870	0.5862068965517241
AT1G51880	1.010344827586207
AT1G51890	5.60625
AT1G51900	0.2375
AT1G51910	0.35
AT1G51913	1.1290322580645162
AT1G51915	2.305
AT1G51920	1.485
AT1G51930	0.3
AT1G51940	30.74074074074074
AT1G51950	33.81481481481482
AT1G51960	0.44418604651162796
AT1G51965	7.294545454545454
AT1G51970	0.4
AT1G51980	136.38181818181818
AT1G51990	0.3
AT1G52000	54.851851851851855
AT1G52030	51.25
AT1G52040	64.84230769230768
AT1G52050	19.587878787878786
AT1G52060	38.126666666666665
AT1G52070	76.37586206896552
AT1G52080	6.196296296296297
AT1G52100	37.153333333333336
AT1G52110	0.18333333333333335
AT1G52120	1.217241379310345
AT1G52130	0.4541666666666668
AT1G52140	14.166666666666666
AT1G52150	25.703703703703702
AT1G52155	5.498148148148148
AT1G52160	8.037037037037036
AT1G52180	0.4
AT1G52190	52.74074074074074
AT1G52191	0.2333333333333333
AT1G52200	38.01851851851852
AT1G52220	311.92909090909086
AT1G52230	1375.4363636363637
AT1G52240	7.743636363636363
AT1G52245	6.003703703703705
AT1G52260	10.777777777777779
AT1G52270	4.3
AT1G52280	42.14545454545455
AT1G52290	13.418518518518518
AT1G52300	582.8727272727273
AT1G52310	19.444444444444443
AT1G52315	2.1384615384615384
AT1G52320	14.444444444444445
AT1G52325	0.26666666666666666
AT1G52330	3.134
AT1G52340	13.74074074074074
AT1G52342	12.924528301886792
AT1G52343	3.4736842105263164
AT1G52347	9.927272727272728
AT1G52360	48.72727272727273
AT1G52370	17.69090909090909
AT1G52380	22.185185185185187
AT1G52390	0.672
AT1G52400	434.6388888888889
AT1G52410	64.03703703703704
AT1G52415	0.5076923076923077
AT1G52420	35.0
AT1G52430	0.32916666666666666
AT1G52440	0.275
AT1G52450	0.9211538461538462
AT1G52460	0.3
AT1G52470	0.3875
AT1G52490	0.8
AT1G52495	0.1
AT1G52500	11.963636363636363
AT1G52510	64.35185185185185
AT1G52520	5.1490909090909085
AT1G52530	1.001923076923077
AT1G52540	14.74074074074074
AT1G52550	9.292727272727273
AT1G52560	1.2553191489361701
AT1G52565	5.316666666666666
AT1G52570	3.7132075471698114
AT1G52580	4.133333333333334
AT1G52590	34.054545454545455
AT1G52600	45.98909090909091
AT1G52603	0.525
AT1G52615	0.19200000000000003
AT1G52618	6.068518518518518
AT1G52620	3.709090909090909
AT1G52630	9.976363636363637
AT1G52640	1.2452830188679245
AT1G52650	0.646938775510204
AT1G52660	2.5620689655172413
AT1G52670	62.29818181818182
AT1G52680	66.03076923076922
AT1G52690	10.314583333333335
AT1G52695	0.5
AT1G52700	3.15
AT1G52710	20.25925925925926
AT1G52720	35.627272727272725
AT1G52730	28.654545454545456
AT1G52740	212.34545454545454
AT1G52750	8.516666666666666
AT1G52760	76.53703703703704
AT1G52770	4.451020408163266
AT1G52780	16.5
AT1G52790	0.8851063829787236
AT1G52800	1.8304347826086957
AT1G52810	0.49411764705882355
AT1G52820	5.696296296296295
AT1G52825	15.927272727272728
AT1G52827	21.145454545454545
AT1G52830	3.0716981132075474
AT1G52855	5.226000000000002
AT1G52857	0.6875
AT1G52860	8.666666666666666
AT1G52870	127.0
AT1G52880	9.092592592592593
AT1G52890	39.037254901960786
AT1G52900	0.2
AT1G52905	10.592592592592593
AT1G52910	8.914814814814815
AT1G52920	1.062264150943396
AT1G52930	43.574074074074076
AT1G52940	1.15
AT1G52950	0.19375000000000003
AT1G52970	3.66
AT1G52980	73.02727272727273
AT1G52990	0.5020833333333333
AT1G53000	33.4
AT1G53010	0.5700000000000001
AT1G53023	0.21666666666666665
AT1G53025	4.172727272727273
AT1G53030	26.081818181818182
AT1G53035	11.383636363636365
AT1G53040	19.072727272727274
AT1G53050	23.705454545454543
AT1G53060	4.346296296296296
AT1G53070	16.30185185185185
AT1G53080	0.9166666666666666
AT1G53090	11.703703703703704
AT1G53100	1.313953488372093
AT1G53110	6.601851851851852
AT1G53120	23.40181818181818
AT1G53130	10.893939393939394
AT1G53140	7.24
AT1G53160	6.20188679245283
AT1G53163	1.5384615384615385
AT1G53165	16.345454545454544
AT1G53170	18.418181818181818
AT1G53180	9.399999999999999
AT1G53190	27.854545454545455
AT1G53200	7.62
AT1G53210	175.70909090909092
AT1G53220	1.0
AT1G53230	3.307547169811321
AT1G53233	0.63
AT1G53240	266.09090909090907
AT1G53250	13.230909090909092
AT1G53260	0.5166666666666667
AT1G53265	0.26666666666666666
AT1G53270	2.2547169811320753
AT1G53280	56.445454545454545
AT1G53282	0.3
AT1G53285	0.5
AT1G53290	13.6
AT1G53300	33.68518518518518
AT1G53310	93.62962962962963
AT1G53320	62.054545454545455
AT1G53325	0.4
AT1G53330	1.4745454545454544
AT1G53340	1.5529411764705883
AT1G53345	5.087037037037038
AT1G53350	6.657407407407407
AT1G53360	0.17
AT1G53366	0.9
AT1G53370	0.2285714285714286
AT1G53380	15.703703703703704
AT1G53390	16.37037037037037
AT1G53400	42.4
AT1G53410	18.140425531914893
AT1G53420	0.16470588235294117
AT1G53430	27.24074074074074
AT1G53440	24.90555555555556
AT1G53450	8.703703703703704
AT1G53460	13.794545454545455
AT1G53470	5.407407407407408
AT1G53480	0.1
AT1G53490	2.9745454545454546
AT1G53500	18.490909090909092
AT1G53510	42.2
AT1G53520	38.56545454545454
AT1G53530	12.072727272727272
AT1G53540	6.18139534883721
AT1G53542	2.342857142857143
AT1G53550	0.4000000000000001
AT1G53560	37.092592592592595
AT1G53570	33.165454545454544
AT1G53580	73.36909090909091
AT1G53590	19.240000000000002
AT1G53600	1.1481481481481481
AT1G53610	8.048387096774194
AT1G53620	1.7317073170731707
AT1G53625	13.108163265306121
AT1G53633	7.29795918367347
AT1G53635	4.003448275862069
AT1G53640	4.038888888888889
AT1G53645	27.145454545454545
AT1G53650	10.423636363636362
AT1G53655	0.3
AT1G53660	0.8142857142857144
AT1G53670	110.73454545454545
AT1G53680	7.826415094339623
AT1G53683	1.0
AT1G53687	0.8307692307692308
AT1G53690	2.023913043478261
AT1G53700	3.010909090909091
AT1G53705	0.9
AT1G53710	14.472727272727273
AT1G53720	14.834545454545454
AT1G53730	28.296296296296298
AT1G53750	147.3272727272727
AT1G53760	17.672727272727272
AT1G53770	10.272727272727273
AT1G53780	39.56363636363636
AT1G53790	3.909090909090909
AT1G53800	24.62962962962963
AT1G53801	0.1
AT1G53815	2.0
AT1G53820	0.2
AT1G53830	12.84423076923077
AT1G53840	69.38888888888889
AT1G53850	58.74727272727272
AT1G53860	1.9470588235294117
AT1G53870	0.1
AT1G53875	0.2
AT1G53880	0.1
AT1G53885	0.25999999999999995
AT1G53887	0.8170212765957446
AT1G53890	0.175
AT1G53903	0.5
AT1G53910	106.9090909090909
AT1G53920	12.034545454545457
AT1G53930	0.35714285714285715
AT1G53935	0.37
AT1G53940	2.806451612903226
AT1G53945	0.3666666666666667
AT1G53950	3.190909090909091
AT1G53970	0.27222222222222225
AT1G53990	3.6151515151515157
AT1G54000	89.25471698113208
AT1G54010	101.94999999999999
AT1G54020	12.210204081632652
AT1G54030	66.33333333333333
AT1G54040	22.97254901960784
AT1G54050	12.620000000000001
AT1G54060	30.490909090909092
AT1G54070	115.60714285714286
AT1G54080	93.58181818181818
AT1G54090	22.01851851851852
AT1G54095	2.1422222222222222
AT1G54100	82.0909090909091
AT1G54110	6.845454545454546
AT1G54115	17.30909090909091
AT1G54120	7.677777777777778
AT1G54130	54.14545454545455
AT1G54140	21.76727272727273
AT1G54150	16.181818181818183
AT1G54160	2.5018518518518515
AT1G54170	26.036363636363635
AT1G54180	5.696296296296297
AT1G54200	7.174074074074074
AT1G54210	17.39818181818182
AT1G54215	2.31
AT1G54217	4.418181818181818
AT1G54220	21.31090909090909
AT1G54230	0.25
AT1G54240	2.71
AT1G54250	19.65090909090909
AT1G54260	18.618181818181817
AT1G54270	120.32727272727273
AT1G54280	3.3736842105263154
AT1G54290	34.018181818181816
AT1G54300	0.325
AT1G54310	16.401818181818182
AT1G54320	76.27272727272727
AT1G54330	0.9127659574468087
AT1G54340	36.156363636363636
AT1G54350	36.443636363636365
AT1G54355	0.8488888888888889
AT1G54360	32.56545454545454
AT1G54370	28.729090909090907
AT1G54380	13.747272727272728
AT1G54385	8.401851851851852
AT1G54390	20.236363636363638
AT1G54400	0.8000000000000002
AT1G54410	1464.2545454545455
AT1G54420	0.65
AT1G54440	12.185185185185185
AT1G54445	1.55
AT1G54450	4.127272727272727
AT1G54460	39.70909090909091
AT1G54470	0.1814814814814815
AT1G54475	0.21578947368421056
AT1G54490	31.263636363636362
AT1G54500	210.89636363636362
AT1G54510	9.174074074074074
AT1G54520	95.12727272727273
AT1G54530	3.1358490566037736
AT1G54540	7.053488372093022
AT1G54550	0.3
AT1G54560	0.9413793103448276
AT1G54570	23.333333333333332
AT1G54575	25.925925925925927
AT1G54580	186.5818181818182
AT1G54590	0.19230769230769232
AT1G54610	41.592592592592595
AT1G54620	7.666666666666667
AT1G54630	127.74545454545455
AT1G54640	0.3333333333333333
AT1G54650	6.876363636363636
AT1G54670	0.6
AT1G54680	5.901851851851852
AT1G54690	32.44444444444444
AT1G54700	0.2
AT1G54710	16.854545454545455
AT1G54720	0.1
AT1G54730	9.777777777777779
AT1G54740	36.92727272727273
AT1G54760	0.4235294117647059
AT1G54770	19.37037037037037
AT1G54773	5.8307692307692305
AT1G54775	0.4
AT1G54780	386.1111111111111
AT1G54790	2.901818181818182
AT1G54820	21.548148148148147
AT1G54830	20.727272727272727
AT1G54840	2.3075471698113206
AT1G54850	16.24074074074074
AT1G54860	1.5263157894736843
AT1G54870	2.7250000000000005
AT1G54890	6.820454545454546
AT1G54920	34.41818181818182
AT1G54930	0.7204081632653062
AT1G54940	1.2258064516129032
AT1G54950	1.853846153846154
AT1G54953	0.35
AT1G54957	0.2
AT1G54960	3.7927272727272725
AT1G54970	20.57586206896552
AT1G54980	0.29473684210526313
AT1G54990	39.25925925925926
AT1G55000	44.14545454545455
AT1G55010	4.2976190476190474
AT1G55020	43.347272727272724
AT1G55030	0.22307692307692312
AT1G55040	4.833333333333333
AT1G55050	0.8924528301886792
AT1G55060	0.5666666666666667
AT1G55070	0.13333333333333333
AT1G55080	15.472727272727273
AT1G55090	31.074545454545454
AT1G55110	21.09259259259259
AT1G55120	8.92
AT1G55130	15.543636363636363
AT1G55140	48.5
AT1G55150	19.354545454545455
AT1G55160	18.274545454545454
AT1G55170	12.327272727272728
AT1G55175	0.5021739130434782
AT1G55180	5.04
AT1G55190	0.1
AT1G55200	3.894444444444445
AT1G55205	6.20925925925926
AT1G55207	0.5181818181818182
AT1G55210	97.03703703703704
AT1G55220	0.35555555555555557
AT1G55230	0.36538461538461536
AT1G55240	5.552777777777777
AT1G55250	13.374545454545455
AT1G55260	104.17407407407407
AT1G55265	0.12000000000000002
AT1G55270	14.656363636363636
AT1G55280	6.590909090909091
AT1G55290	0.9605263157894737
AT1G55300	12.854545454545455
AT1G55310	30.418181818181818
AT1G55320	8.4
AT1G55325	11.27090909090909
AT1G55330	19.85185185185185
AT1G55340	38.32909090909091
AT1G55350	21.130909090909093
AT1G55360	95.24074074074075
AT1G55365	0.2
AT1G55370	17.364814814814817
AT1G55380	0.8981132075471698
AT1G55390	0.7837837837837838
AT1G55420	1.1195652173913044
AT1G55430	1.4433333333333331
AT1G55440	0.30833333333333335
AT1G55450	74.92592592592592
AT1G55460	26.636363636363637
AT1G55475	4.2407407407407405
AT1G55480	167.16666666666666
AT1G55490	383.76545454545453
AT1G55500	25.14814814814815
AT1G55510	16.163636363636364
AT1G55520	27.454545454545453
AT1G55525	1.9583333333333333
AT1G55530	31.527272727272727
AT1G55535	12.090909090909092
AT1G55540	8.2
AT1G55546	0.5333333333333333
AT1G55550	2.286538461538462
AT1G55560	539.2666666666667
AT1G55570	201.61666666666667
AT1G55580	1.2565217391304346
AT1G55590	14.836363636363636
AT1G55591	1.075
AT1G55600	0.23076923076923078
AT1G55610	3.664814814814815
AT1G55620	13.127272727272727
AT1G55625	9.0
AT1G55630	5.481481481481482
AT1G55640	0.7000000000000001
AT1G55650	0.23333333333333336
AT1G55660	0.2
AT1G55670	669.7037037037037
AT1G55675	23.181818181818183
AT1G55680	80.7090909090909
AT1G55690	20.927272727272726
AT1G55700	0.3392857142857143
AT1G55710	0.675
AT1G55720	0.25
AT1G55730	13.648148148148149
AT1G55740	7.387037037037038
AT1G55750	9.616363636363639
AT1G55755	0.2777777777777778
AT1G55760	6.729629629629629
AT1G55770	0.3548387096774194
AT1G55775	1.1925000000000001
AT1G55790	0.26249999999999996
AT1G55800	0.6244444444444445
AT1G55803	0.35833333333333334
AT1G55805	37.127272727272725
AT1G55810	18.527272727272727
AT1G55820	9.127272727272727
AT1G55830	9.841818181818182
AT1G55840	62.31636363636364
AT1G55850	55.111111111111114
AT1G55860	19.556363636363635
AT1G55865	1.8673076923076921
AT1G55870	8.074545454545454
AT1G55880	11.781818181818181
AT1G55890	27.258181818181818
AT1G55900	22.674545454545452
AT1G55910	20.74074074074074
AT1G55915	3.3054545454545456
AT1G55917	0.8636363636363636
AT1G55920	61.51296296296296
AT1G55928	0.6
AT1G55930	9.527777777777779
AT1G55940	1.6272727272727272
AT1G55947	0.43333333333333335
AT1G55950	0.5256410256410257
AT1G55960	73.12727272727273
AT1G55970	5.416363636363636
AT1G55980	0.5288461538461539
AT1G55990	43.53829787234042
AT1G56000	6.958181818181818
AT1G56010	10.965454545454547
AT1G56020	5.812962962962962
AT1G56030	0.19999999999999998
AT1G56040	0.43333333333333335
AT1G56045	378.7818181818182
AT1G56050	49.05555555555556
AT1G56060	6.1899999999999995
AT1G56070	520.9818181818182
AT1G56080	5.349090909090909
AT1G56085	0.45
AT1G56090	9.678181818181818
AT1G56100	11.85
AT1G56110	127.38888888888889
AT1G56120	4.916666666666667
AT1G56130	1.7636363636363637
AT1G56140	16.14814814814815
AT1G56145	11.092727272727274
AT1G56150	10.260377358490565
AT1G56160	0.3
AT1G56165	0.774074074074074
AT1G56170	0.2
AT1G56180	11.218181818181819
AT1G56190	166.5090909090909
AT1G56200	187.14545454545456
AT1G56210	12.981481481481481
AT1G56220	240.92592592592592
AT1G56225	0.6
AT1G56230	14.907407407407407
AT1G56233	0.33999999999999997
AT1G56240	0.9333333333333332
AT1G56242	0.30000000000000004
AT1G56250	2.2613636363636367
AT1G56260	4.9944444444444445
AT1G56270	0.3772727272727273
AT1G56280	451.8181818181818
AT1G56290	8.527272727272727
AT1G56300	50.3074074074074
AT1G56310	8.666666666666666
AT1G56320	9.416666666666666
AT1G56330	183.9090909090909
AT1G56340	235.8181818181818
AT1G56345	5.5
AT1G56350	7.018518518518518
AT1G56360	0.43333333333333335
AT1G56380	0.1
AT1G56385	1.48
AT1G56400	0.39999999999999997
AT1G56410	0.21818181818181817
AT1G56415	7.928571428571429
AT1G56418	2.8600000000000003
AT1G56420	8.981818181818182
AT1G56423	17.678181818181816
AT1G56430	23.12452830188679
AT1G56440	9.755555555555555
AT1G56450	102.46000000000001
AT1G56460	24.27777777777778
AT1G56500	49.4
AT1G56510	18.390384615384615
AT1G56520	5.713461538461539
AT1G56530	0.8
AT1G56540	1.6259259259259258
AT1G56550	8.621153846153847
AT1G56553	6.82
AT1G56555	1.1361702127659576
AT1G56560	16.10909090909091
AT1G56570	2.1454545454545455
AT1G56590	19.490909090909092
AT1G56600	19.29245283018868
AT1G56610	4.1072727272727265
AT1G56612	4.754545454545455
AT1G56620	0.7571428571428572
AT1G56630	4.137931034482759
AT1G56650	7.86923076923077
AT1G56660	35.57636363636364
AT1G56670	4.198148148148148
AT1G56680	6.7
AT1G56690	2.375925925925926
AT1G56700	56.052727272727275
AT1G56710	1.7156862745098038
AT1G56720	15.851851851851851
AT1G56990	1.0
AT1G57520	1.0
AT1G57540	10.851851851851851
AT1G57550	8.466666666666667
AT1G57560	3.605555555555555
AT1G57565	0.4
AT1G57570	0.8093750000000001
AT1G57580	0.4
AT1G57590	6.564814814814816
AT1G57600	8.912727272727272
AT1G57610	20.166666666666668
AT1G57613	2.0
AT1G57620	35.0
AT1G57630	9.588888888888889
AT1G57650	0.362962962962963
AT1G57660	171.6909090909091
AT1G57670	0.38918918918918927
AT1G57680	83.87272727272727
AT1G57690	0.5
AT1G57700	6.290909090909091
AT1G57720	245.61818181818182
AT1G57730	0.27999999999999997
AT1G57750	73.57894736842105
AT1G57760	1.3199999999999998
AT1G57765	27.418181818181818
AT1G57770	29.325454545454548
AT1G57775	0.6
AT1G57777	1.28
AT1G57780	0.30666666666666664
AT1G57790	7.727777777777778
AT1G57800	0.2333333333333333
AT1G57820	23.363636363636363
AT1G57830	0.35555555555555557
AT1G57835	0.36
AT1G57850	0.5892857142857143
AT1G57860	90.54545454545455
AT1G57870	16.965454545454545
AT1G57906	0.15000000000000002
AT1G57943	0.47105263157894733
AT1G57980	6.885185185185185
AT1G57990	59.94444444444444
AT1G58007	1.0020833333333334
AT1G58025	20.772727272727273
AT1G58030	72.65454545454546
AT1G58037	1.012121212121212
AT1G58050	0.3
AT1G58055	6.6571428571428575
AT1G58060	11.17090909090909
AT1G58070	9.11111111111111
AT1G58080	115.09272727272727
AT1G58090	0.275
AT1G58100	32.833333333333336
AT1G58110	28.61111111111111
AT1G58120	111.79642857142858
AT1G58150	18.555555555555557
AT1G58160	6.874545454545455
AT1G58170	4.210909090909091
AT1G58180	29.87037037037037
AT1G58190	1.8160000000000003
AT1G58200	34.236363636363635
AT1G58210	9.34909090909091
AT1G58215	1.3216216216216217
AT1G58220	4.636363636363637
AT1G58225	5.8820512820512825
AT1G58230	10.843636363636364
AT1G58235	18.01818181818182
AT1G58242	0.35
AT1G58245	0.25
AT1G58248	0.1
AT1G58250	13.537037037037036
AT1G58260	0.6
AT1G58265	0.39999999999999997
AT1G58270	86.29629629629629
AT1G58280	14.383333333333335
AT1G58290	220.72727272727272
AT1G58300	0.6976190476190476
AT1G58310	0.16666666666666666
AT1G58320	9.339285714285714
AT1G58330	0.225
AT1G58340	6.0777777777777775
AT1G58350	14.963636363636363
AT1G58360	62.2037037037037
AT1G58370	6.192592592592592
AT1G58380	45.261818181818185
AT1G58390	0.3756756756756756
AT1G58400	2.9346153846153844
AT1G58410	1.6307692307692307
AT1G58420	5.492156862745098
AT1G58430	13.22857142857143
AT1G58440	34.63636363636363
AT1G58450	0.3
AT1G58460	2.0488372093023255
AT1G58470	5.3127272727272725
AT1G58520	14.085454545454546
AT1G58590	11.74
AT1G58602	46.64259259259259
AT1G58807	0.168
AT1G58848	0.45454545454545453
AT1G58983	0.6305555555555556
AT1G59124	0.27692307692307694
AT1G59171	0.25
AT1G59218	0.11000000000000001
AT1G59460	0.6
AT1G59470	0.3
AT1G59500	0.3
AT1G59510	2.97037037037037
AT1G59520	15.012727272727274
AT1G59530	0.41304347826086957
AT1G59540	8.123636363636363
AT1G59550	0.35
AT1G59560	6.172727272727273
AT1G59570	2.0
AT1G59580	32.127272727272725
AT1G59590	12.512962962962964
AT1G59600	18.27777777777778
AT1G59610	52.74545454545454
AT1G59620	9.064150943396227
AT1G59630	0.275
AT1G59640	16.81296296296296
AT1G59650	14.072727272727272
AT1G59660	4.945454545454545
AT1G59670	0.38235294117647056
AT1G59675	0.25
AT1G59680	0.55
AT1G59690	0.15000000000000002
AT1G59700	30.181818181818183
AT1G59710	24.85185185185185
AT1G59720	3.9685185185185183
AT1G59722	0.8
AT1G59723	0.4
AT1G59724	1.05
AT1G59725	0.7611111111111111
AT1G59730	5.790000000000001
AT1G59740	9.275925925925925
AT1G59750	43.765454545454546
AT1G59760	22.10909090909091
AT1G59780	1.3236842105263158
AT1G59790	0.196875
AT1G59800	0.5
AT1G59810	0.19
AT1G59820	16.563636363636363
AT1G59830	43.054545454545455
AT1G59833	0.4
AT1G59835	1.5
AT1G59840	15.275925925925925
AT1G59850	0.8260000000000001
AT1G59860	6.324074074074074
AT1G59865	2.0282608695652176
AT1G59870	275.14814814814815
AT1G59885	0.44999999999999996
AT1G59890	17.581818181818182
AT1G59900	136.83636363636364
AT1G59910	18.01818181818182
AT1G59920	0.48
AT1G59930	0.6727272727272727
AT1G59940	4.597674418604651
AT1G59950	0.8857142857142858
AT1G59960	25.703703703703702
AT1G59970	11.2
AT1G59980	2.8618181818181814
AT1G59990	28.40740740740741
AT1G60000	87.5
AT1G60010	68.12962962962963
AT1G60030	1.488888888888889
AT1G60040	0.2
AT1G60050	1.0368421052631578
AT1G60060	9.092452830188678
AT1G60070	45.70545454545455
AT1G60080	9.981481481481481
AT1G60090	0.4
AT1G60095	3.2216216216216216
AT1G60110	0.723529411764706
AT1G60130	0.7628571428571428
AT1G60140	29.00181818181818
AT1G60160	19.462962962962962
AT1G60170	46.90909090909091
AT1G60190	6.816666666666667
AT1G60200	42.67272727272727
AT1G60220	22.456363636363633
AT1G60230	22.51851851851852
AT1G60240	30.350000000000005
AT1G60250	0.39999999999999997
AT1G60260	37.656603773584905
AT1G60270	12.050943396226415
AT1G60280	0.20000000000000004
AT1G60300	0.2333333333333333
AT1G60320	0.6
AT1G60340	0.12000000000000002
AT1G60350	0.225
AT1G60360	1.3555555555555556
AT1G60370	0.2
AT1G60380	0.2777777777777778
AT1G60390	10.103703703703705
AT1G60400	0.4
AT1G60410	10.757142857142856
AT1G60420	29.927272727272726
AT1G60430	15.381818181818181
AT1G60440	19.527272727272727
AT1G60450	0.5714285714285714
AT1G60460	1.044230769230769
AT1G60470	4.235897435897436
AT1G60490	25.854545454545455
AT1G60500	0.17333333333333337
AT1G60505	7.17962962962963
AT1G60525	2.6296296296296298
AT1G60530	0.2
AT1G60545	5.92037037037037
AT1G60550	64.85454545454546
AT1G60560	7.072222222222222
AT1G60570	0.26666666666666666
AT1G60580	2.0
AT1G60590	20.73272727272727
AT1G60600	30.934545454545457
AT1G60610	9.618181818181819
AT1G60620	8.512727272727272
AT1G60625	0.1
AT1G60630	4.159259259259259
AT1G60640	28.758181818181818
AT1G60650	14.318181818181818
AT1G60660	22.72222222222222
AT1G60670	14.074545454545454
AT1G60680	19.222641509433963
AT1G60690	11.681818181818182
AT1G60700	4.885454545454547
AT1G60710	112.90363636363637
AT1G60720	0.1411764705882353
AT1G60730	32.092592592592595
AT1G60740	188.43333333333334
AT1G60750	7.6689655172413795
AT1G60760	7.33888888888889
AT1G60770	30.821818181818184
AT1G60780	81.85454545454546
AT1G60783	0.175
AT1G60787	0.7620689655172415
AT1G60790	15.721818181818183
AT1G60800	37.75925925925926
AT1G60810	36.625454545454545
AT1G60815	0.3
AT1G60830	0.7032258064516129
AT1G60840	8.73076923076923
AT1G60850	13.603636363636365
AT1G60860	10.943636363636363
AT1G60870	51.833333333333336
AT1G60880	0.3
AT1G60890	12.092592592592593
AT1G60900	52.21818181818182
AT1G60910	1.0
AT1G60913	0.86
AT1G60920	0.28666666666666674
AT1G60930	2.5036363636363634
AT1G60940	62.18181818181818
AT1G60950	1841.0618181818181
AT1G60960	24.619999999999997
AT1G60970	0.7525000000000001
AT1G60980	0.20833333333333334
AT1G60983	0.1
AT1G60985	1.7833333333333332
AT1G60986	0.4
AT1G60987	0.35
AT1G60989	22.72222222222222
AT1G60990	25.547272727272727
AT1G60995	18.683636363636364
AT1G61000	8.418181818181818
AT1G61010	21.329090909090908
AT1G61030	8.9
AT1G61040	19.29090909090909
AT1G61050	4.617647058823529
AT1G61060	0.375
AT1G61065	7.735185185185185
AT1G61070	1.8555555555555554
AT1G61080	1.4736842105263157
AT1G61090	0.5
AT1G61093	0.21666666666666667
AT1G61095	0.16666666666666666
AT1G61097	0.3333333333333333
AT1G61100	51.836363636363636
AT1G61105	0.2
AT1G61110	5.486363636363637
AT1G61120	7.2875000000000005
AT1G61130	1.18125
AT1G61140	12.018181818181818
AT1G61150	24.485454545454548
AT1G61165	1.1541666666666668
AT1G61170	13.055555555555555
AT1G61180	10.777777777777779
AT1G61190	20.98333333333333
AT1G61200	0.45
AT1G61210	13.872727272727273
AT1G61215	3.610909090909091
AT1G61224	0.97
AT1G61226	0.6647058823529413
AT1G61230	0.6297297297297297
AT1G61240	9.694545454545455
AT1G61250	73.5909090909091
AT1G61255	4.957407407407408
AT1G61260	8.944444444444445
AT1G61270	0.19999999999999996
AT1G61275	8.674000000000001
AT1G61280	2.1433962264150943
AT1G61290	13.97058823529412
AT1G61300	14.60576923076923
AT1G61310	4.0055555555555555
AT1G61320	0.19
AT1G61330	0.8
AT1G61340	16.892727272727274
AT1G61350	13.407407407407407
AT1G61360	9.222222222222221
AT1G61370	2.88
AT1G61380	13.72909090909091
AT1G61390	0.5490566037735849
AT1G61400	2.0528301886792457
AT1G61410	0.9568627450980393
AT1G61415	0.3931818181818182
AT1G61420	1.6264150943396225
AT1G61430	4.962962962962963
AT1G61440	0.31489361702127666
AT1G61450	6.7
AT1G61460	1.9092592592592592
AT1G61470	3.2314814814814814
AT1G61475	0.32
AT1G61480	1.562857142857143
AT1G61490	1.95
AT1G61500	4.216363636363637
AT1G61520	2662.585454545455
AT1G61540	0.72
AT1G61550	0.3369565217391305
AT1G61560	4.9148148148148145
AT1G61562	0.15000000000000002
AT1G61563	638.725
AT1G61566	488.3583333333333
AT1G61570	52.93090909090909
AT1G61575	0.7250000000000001
AT1G61580	39.36545454545455
AT1G61590	14.611627906976743
AT1G61600	6.757407407407407
AT1G61610	2.0122448979591834
AT1G61620	43.70909090909091
AT1G61630	0.30666666666666664
AT1G61640	7.454545454545454
AT1G61660	26.24074074074074
AT1G61667	13.925925925925926
AT1G61670	24.666666666666668
AT1G61680	20.137500000000003
AT1G61688	5.766666666666667
AT1G61690	17.272727272727273
AT1G61700	1.2200000000000002
AT1G61710	0.4
AT1G61720	7.944444444444445
AT1G61730	44.71454545454546
AT1G61732	4.583333333333333
AT1G61740	91.27777777777777
AT1G61750	1.2827586206896553
AT1G61760	2.371698113207547
AT1G61770	62.63636363636363
AT1G61780	76.83636363636364
AT1G61790	71.78181818181818
AT1G61795	9.185185185185185
AT1G61800	7.954
AT1G61810	2.3433962264150945
AT1G61820	15.107407407407406
AT1G61840	1.1837837837837837
AT1G61850	15.327272727272728
AT1G61860	28.149056603773587
AT1G61870	36.31481481481482
AT1G61880	3.2
AT1G61890	53.425925925925924
AT1G61900	32.925925925925924
AT1G61920	0.9208333333333333
AT1G61930	3.9148148148148154
AT1G61940	0.78
AT1G61950	0.7666666666666666
AT1G61960	5.472222222222222
AT1G61970	4.205555555555556
AT1G61980	6.777777777777778
AT1G61990	15.537037037037036
AT1G62000	0.24666666666666667
AT1G62010	5.12962962962963
AT1G62020	39.49090909090909
AT1G62030	5.3538461538461535
AT1G62035	3.6714285714285713
AT1G62040	36.72727272727273
AT1G62045	9.22
AT1G62050	9.0
AT1G62060	0.3333333333333333
AT1G62070	0.2333333333333333
AT1G62080	0.22499999999999998
AT1G62085	4.7592592592592595
AT1G62110	4.683333333333334
AT1G62120	3.82962962962963
AT1G62130	4.6036363636363635
AT1G62150	5.140740740740741
AT1G62160	0.26666666666666666
AT1G62170	0.15555555555555556
AT1G62180	43.62
AT1G62190	0.25
AT1G62200	11.763636363636364
AT1G62210	0.2
AT1G62220	0.32
AT1G62225	0.33749999999999997
AT1G62250	16.527272727272727
AT1G62260	3.307407407407408
AT1G62262	0.8384615384615385
AT1G62270	0.3
AT1G62280	6.7894736842105265
AT1G62290	8.707272727272727
AT1G62300	19.21818181818182
AT1G62305	6.387272727272728
AT1G62310	8.690909090909091
AT1G62320	2.1755102040816325
AT1G62330	21.51851851851852
AT1G62333	1.6633333333333333
AT1G62340	0.7
AT1G62350	3.4444444444444446
AT1G62355	2.625581395348837
AT1G62360	9.754347826086958
AT1G62370	9.329090909090908
AT1G62380	451.7472727272727
AT1G62390	85.07272727272728
AT1G62400	2.9814814814814814
AT1G62410	0.4916666666666667
AT1G62420	3.9023255813953486
AT1G62421	0.44999999999999996
AT1G62422	12.166666666666666
AT1G62430	34.44
AT1G62440	8.575471698113208
AT1G62450	8.61111111111111
AT1G62480	418.02
AT1G62490	0.4295454545454546
AT1G62500	34.270833333333336
AT1G62510	19.408333333333335
AT1G62520	6.888888888888889
AT1G62530	0.2678571428571429
AT1G62540	10.558490566037737
AT1G62560	25.528301886792452
AT1G62570	33.925925925925924
AT1G62580	0.8142857142857143
AT1G62590	1.2944444444444443
AT1G62600	17.963636363636365
AT1G62610	4.947272727272727
AT1G62620	0.3368421052631579
AT1G62630	8.33469387755102
AT1G62640	37.347272727272724
AT1G62660	62.6
AT1G62670	3.1792452830188678
AT1G62680	3.043636363636364
AT1G62690	0.5785714285714286
AT1G62700	1.5388888888888888
AT1G62710	10.459259259259259
AT1G62720	0.6865384615384614
AT1G62730	7.381818181818182
AT1G62740	51.07636363636363
AT1G62750	288.26363636363635
AT1G62760	3.3442307692307693
AT1G62770	19.835849056603774
AT1G62780	160.22222222222223
AT1G62790	78.44444444444444
AT1G62800	16.344444444444445
AT1G62810	15.351851851851851
AT1G62820	24.927272727272726
AT1G62830	9.018518518518519
AT1G62840	0.6891304347826087
AT1G62850	15.518181818181818
AT1G62870	4.343396226415094
AT1G62880	7.972727272727273
AT1G62895	0.4
AT1G62900	0.2605263157894737
AT1G62910	0.7092592592592593
AT1G62914	3.6905660377358496
AT1G62915	5.232692307692308
AT1G62920	3.9909090909090907
AT1G62930	3.689090909090909
AT1G62935	1.1851063829787234
AT1G62940	0.7150000000000001
AT1G62950	3.6709090909090905
AT1G62960	36.74545454545454
AT1G62970	9.303703703703704
AT1G62975	14.08867924528302
AT1G62978	0.5
AT1G62980	25.358620689655172
AT1G62981	1.6592592592592592
AT1G62990	12.574074074074074
AT1G63000	105.76363636363637
AT1G63005	1.2
AT1G63010	26.361818181818183
AT1G63020	2.4545454545454546
AT1G63030	2.76875
AT1G63050	15.340000000000002
AT1G63055	1.5058823529411764
AT1G63057	1.6307692307692307
AT1G63060	50.942857142857136
AT1G63070	0.17142857142857146
AT1G63080	1.8555555555555556
AT1G63090	30.072727272727274
AT1G63100	12.927272727272728
AT1G63105	0.24285714285714285
AT1G63110	24.618181818181817
AT1G63120	19.40740740740741
AT1G63130	5.061111111111111
AT1G63140	0.31428571428571433
AT1G63150	2.572222222222222
AT1G63160	10.672727272727272
AT1G63170	34.981818181818184
AT1G63180	12.690909090909091
AT1G63190	1.95
AT1G63200	0.43999999999999995
AT1G63205	0.22499999999999998
AT1G63206	0.5285714285714286
AT1G63210	0.2916666666666667
AT1G63220	35.54545454545455
AT1G63230	2.5703703703703704
AT1G63240	13.266666666666666
AT1G63245	2.8479166666666664
AT1G63250	4.54
AT1G63260	14.74074074074074
AT1G63270	9.983636363636364
AT1G63280	0.2444444444444444
AT1G63290	48.736363636363635
AT1G63295	7.424074074074075
AT1G63300	8.527777777777779
AT1G63310	16.703703703703702
AT1G63320	0.35833333333333334
AT1G63330	0.14285714285714285
AT1G63340	0.2125
AT1G63350	3.0377358490566038
AT1G63360	12.564814814814815
AT1G63370	0.2644444444444444
AT1G63380	1.223529411764706
AT1G63390	1.5759999999999998
AT1G63400	1.8148148148148149
AT1G63410	1.671875
AT1G63420	14.592592592592593
AT1G63430	20.12962962962963
AT1G63440	6.703636363636363
AT1G63450	1.6
AT1G63460	42.90909090909091
AT1G63470	22.333333333333332
AT1G63480	14.37037037037037
AT1G63490	9.101818181818182
AT1G63500	31.763636363636362
AT1G63520	0.925
AT1G63522	1.5545454545454545
AT1G63530	2.476923076923077
AT1G63535	0.6
AT1G63540	0.35
AT1G63550	0.23043478260869568
AT1G63570	0.7228571428571429
AT1G63580	1.488636363636364
AT1G63590	0.3666666666666667
AT1G63600	1.6375
AT1G63610	42.44444444444444
AT1G63615	0.2571428571428571
AT1G63630	0.32222222222222224
AT1G63640	17.945454545454545
AT1G63650	4.665384615384616
AT1G63660	35.592592592592595
AT1G63670	13.956363636363637
AT1G63680	30.074074074074073
AT1G63690	54.763636363636365
AT1G63700	21.25925925925926
AT1G63710	5.664583333333333
AT1G63720	9.0
AT1G63730	2.4370370370370376
AT1G63740	5.892592592592592
AT1G63750	4.842592592592593
AT1G63770	110.30909090909091
AT1G63780	29.055555555555557
AT1G63800	53.53703703703704
AT1G63810	12.292727272727273
AT1G63820	1.5173076923076925
AT1G63830	42.70909090909091
AT1G63840	31.074074074074073
AT1G63850	18.22
AT1G63855	5.692727272727273
AT1G63860	6.8
AT1G63870	0.13333333333333333
AT1G63880	25.037735849056602
AT1G63900	24.02
AT1G63910	2.3416666666666663
AT1G63930	6.167307692307692
AT1G63940	99.92727272727272
AT1G63950	0.7999999999999999
AT1G63960	0.4621621621621622
AT1G63970	94.4074074074074
AT1G63980	85.4
AT1G63990	0.3511111111111111
AT1G64000	2.860526315789474
AT1G64010	0.4025
AT1G64020	0.508108108108108
AT1G64030	0.2857142857142857
AT1G64040	59.45454545454545
AT1G64050	18.643636363636364
AT1G64060	13.203703703703704
AT1G64065	4.494545454545454
AT1G64070	0.16
AT1G64080	7.037037037037037
AT1G64090	84.98181818181818
AT1G64100	0.27391304347826084
AT1G64105	0.36470588235294116
AT1G64107	0.672
AT1G64110	4.735294117647059
AT1G64120	21.0
AT1G64130	0.8181818181818182
AT1G64140	65.6
AT1G64150	31.59272727272727
AT1G64160	2.8045454545454547
AT1G64170	9.24074074074074
AT1G64180	5.401851851851852
AT1G64185	7.05
AT1G64190	44.332727272727276
AT1G64195	0.9484848484848485
AT1G64200	43.72727272727273
AT1G64210	1.4891304347826086
AT1G64220	10.703703703703704
AT1G64230	325.4
AT1G64235	6.171428571428571
AT1G64253	0.7759999999999999
AT1G64255	0.13999999999999999
AT1G64260	0.6291666666666668
AT1G64280	22.85185185185185
AT1G64290	0.17499999999999996
AT1G64295	0.18333333333333335
AT1G64300	4.890909090909091
AT1G64310	0.6686274509803922
AT1G64320	4.284905660377359
AT1G64330	39.72222222222222
AT1G64340	0.8058823529411765
AT1G64350	22.37818181818182
AT1G64355	43.181481481481484
AT1G64360	38.78478260869565
AT1G64370	233.77777777777777
AT1G64380	10.294444444444444
AT1G64385	23.703703703703702
AT1G64390	84.94727272727273
AT1G64400	16.14814814814815
AT1G64405	5.93148148148148
AT1G64420	3.5
AT1G64430	39.74545454545454
AT1G64440	25.181818181818183
AT1G64450	4.577358490566038
AT1G64460	15.763636363636364
AT1G64480	0.8971428571428572
AT1G64490	23.547272727272727
AT1G64500	58.55555555555556
AT1G64510	385.69454545454545
AT1G64520	100.10909090909091
AT1G64530	15.055555555555555
AT1G64540	0.3146341463414634
AT1G64550	53.36363636363637
AT1G64561	2.389795918367347
AT1G64563	1.2314814814814814
AT1G64570	13.887272727272727
AT1G64572	19.527272727272727
AT1G64580	5.558181818181818
AT1G64583	1.6654545454545453
AT1G64584	2.1375
AT1G64585	0.825
AT1G64590	18.685714285714287
AT1G64600	8.444444444444445
AT1G64610	8.832727272727272
AT1G64618	0.39642857142857146
AT1G64620	5.520370370370371
AT1G64625	2.150909090909091
AT1G64630	20.563636363636363
AT1G64640	45.35090909090909
AT1G64650	60.345454545454544
AT1G64660	39.31481481481482
AT1G64670	21.88888888888889
AT1G64680	112.98888888888888
AT1G64690	5.012962962962963
AT1G64700	4.277777777777778
AT1G64710	41.9537037037037
AT1G64720	877.0363636363636
AT1G64740	73.54545454545455
AT1G64750	104.81818181818181
AT1G64760	17.4
AT1G64770	67.84727272727272
AT1G64780	40.01481481481482
AT1G64790	25.79090909090909
AT1G64795	5.463636363636363
AT1G64800	6.125
AT1G64810	21.85185185185185
AT1G64820	0.27499999999999997
AT1G64830	0.39999999999999997
AT1G64840	11.851851851851851
AT1G64850	63.836363636363636
AT1G64860	74.00181818181818
AT1G64870	0.55
AT1G64880	52.370370370370374
AT1G64890	9.74074074074074
AT1G64900	47.18518518518518
AT1G64910	0.9517241379310345
AT1G64920	2.8290322580645166
AT1G64930	1.6545454545454545
AT1G64940	1.646808510638298
AT1G64950	37.96545454545454
AT1G64960	7.056363636363637
AT1G64970	30.11111111111111
AT1G64980	40.49090909090909
AT1G64990	23.0
AT1G65000	8.367272727272727
AT1G65010	43.98148148148148
AT1G65020	25.73818181818182
AT1G65030	20.27777777777778
AT1G65032	10.385454545454547
AT1G65040	21.181818181818183
AT1G65050	1.9166666666666667
AT1G65060	15.383333333333335
AT1G65070	16.196296296296296
AT1G65080	4.703636363636363
AT1G65090	0.3541666666666667
AT1G65110	0.43829787234042555
AT1G65113	31.2
AT1G65120	0.7962962962962963
AT1G65130	0.31923076923076926
AT1G65140	0.22727272727272727
AT1G65150	9.116666666666667
AT1G65160	0.44999999999999996
AT1G65165	0.35
AT1G65170	0.35
AT1G65180	1.5057692307692307
AT1G65190	35.762962962962966
AT1G65200	0.13846153846153847
AT1G65210	0.55
AT1G65220	80.10909090909091
AT1G65230	59.19636363636364
AT1G65240	4.5
AT1G65250	3.32962962962963
AT1G65260	172.45454545454547
AT1G65270	55.80545454545455
AT1G65280	29.727272727272727
AT1G65290	211.6727272727273
AT1G65295	30.619999999999997
AT1G65300	0.5
AT1G65310	20.141176470588235
AT1G65320	24.036363636363635
AT1G65330	0.573170731707317
AT1G65340	0.75
AT1G65342	0.47500000000000003
AT1G65350	0.18571428571428572
AT1G65352	1.6333333333333335
AT1G65360	0.48235294117647054
AT1G65370	44.038888888888884
AT1G65380	6.9185185185185185
AT1G65390	24.949056603773585
AT1G65410	29.010909090909088
AT1G65420	2.4654545454545453
AT1G65425	0.3
AT1G65430	26.254545454545454
AT1G65440	42.127272727272725
AT1G65450	6.604166666666667
AT1G65470	8.223636363636365
AT1G65480	20.913636363636364
AT1G65481	1.5130434782608695
AT1G65483	0.31875000000000003
AT1G65484	2.1555555555555554
AT1G65486	7.8283018867924525
AT1G65490	52.140740740740746
AT1G65500	8.618518518518519
AT1G65510	14.764814814814814
AT1G65520	17.90909090909091
AT1G65540	32.13818181818181
AT1G65550	0.2833333333333334
AT1G65560	6.492727272727273
AT1G65570	3.696774193548387
AT1G65580	25.272727272727273
AT1G65590	29.618181818181817
AT1G65610	10.514285714285712
AT1G65620	2.090740740740741
AT1G65630	0.196
AT1G65640	0.6
AT1G65650	38.50909090909091
AT1G65660	39.36363636363637
AT1G65670	0.5
AT1G65680	1.7375
AT1G65681	0.3
AT1G65690	20.98148148148148
AT1G65700	22.4
AT1G65710	6.4057692307692315
AT1G65720	116.47272727272727
AT1G65730	3.3462962962962965
AT1G65740	0.9
AT1G65760	0.32142857142857145
AT1G65770	0.25
AT1G65780	0.35000000000000003
AT1G65790	4.524390243902439
AT1G65800	20.944230769230767
AT1G65810	0.22413793103448276
AT1G65820	123.13272727272728
AT1G65830	1.0
AT1G65840	62.21818181818182
AT1G65845	40.701886792452825
AT1G65850	0.5128205128205128
AT1G65860	20.430188679245287
AT1G65870	5.102083333333334
AT1G65880	0.2333333333333333
AT1G65890	2.1
AT1G65900	12.874074074074075
AT1G65910	1.530188679245283
AT1G65920	6.096363636363636
AT1G65930	396.6545454545454
AT1G65950	11.170909090909092
AT1G65960	106.74727272727273
AT1G65970	57.18979591836735
AT1G65980	223.0109090909091
AT1G65985	6.351851851851852
AT1G65990	0.19999999999999998
AT1G66000	0.275
AT1G66020	1.0294117647058822
AT1G66030	0.9863636363636362
AT1G66040	0.23703703703703705
AT1G66045	0.35
AT1G66050	0.8566037735849056
AT1G66060	0.6227272727272727
AT1G66070	31.21818181818182
AT1G66080	7.444444444444445
AT1G66090	12.085185185185184
AT1G66100	146.4177777777778
AT1G66110	0.268
AT1G66120	9.566666666666666
AT1G66130	31.533333333333335
AT1G66140	18.364814814814817
AT1G66145	0.2
AT1G66150	59.166666666666664
AT1G66160	16.46666666666667
AT1G66170	0.2090909090909091
AT1G66173	0.8769230769230769
AT1G66180	74.31481481481481
AT1G66190	9.722222222222221
AT1G66200	639.2592592592592
AT1G66210	150.85454545454547
AT1G66220	0.5
AT1G66230	8.09074074074074
AT1G66235	3.69
AT1G66240	213.70909090909092
AT1G66245	0.7
AT1G66250	14.5
AT1G66260	119.12727272727273
AT1G66270	121.90833333333333
AT1G66280	88.06279069767443
AT1G66290	0.24000000000000005
AT1G66300	0.8699999999999999
AT1G66310	0.5
AT1G66320	0.15384615384615385
AT1G66330	57.07636363636363
AT1G66340	19.965454545454545
AT1G66345	4.712727272727273
AT1G66350	17.814814814814813
AT1G66360	3.527272727272727
AT1G66370	1.6119999999999999
AT1G66380	1.2833333333333334
AT1G66390	5.817241379310344
AT1G66400	13.35090909090909
AT1G66410	148.72727272727272
AT1G66420	0.18571428571428572
AT1G66430	73.85185185185185
AT1G66440	0.9612903225806451
AT1G66450	0.7204081632653062
AT1G66460	0.803921568627451
AT1G66465	2.174358974358974
AT1G66470	5.035483870967742
AT1G66480	7.907407407407407
AT1G66490	0.175
AT1G66500	14.854545454545455
AT1G66510	7.351851851851852
AT1G66520	10.333333333333334
AT1G66530	22.22
AT1G66540	4.963461538461539
AT1G66550	0.3583333333333334
AT1G66560	0.42500000000000004
AT1G66570	0.6000000000000001
AT1G66580	331.1090909090909
AT1G66590	4.158490566037736
AT1G66600	1.3585365853658538
AT1G66610	0.22499999999999998
AT1G66620	5.869090909090909
AT1G66630	0.2
AT1G66640	0.2
AT1G66650	1.3537037037037039
AT1G66660	8.47090909090909
AT1G66670	130.63636363636363
AT1G66680	39.14545454545455
AT1G66690	0.85
AT1G66700	5.974468085106383
AT1G66720	0.24000000000000005
AT1G66725	32.724074074074075
AT1G66730	8.274545454545455
AT1G66740	20.2
AT1G66750	10.601818181818182
AT1G66760	21.40754716981132
AT1G66770	0.3
AT1G66780	0.48372093023255813
AT1G66783	2.475862068965517
AT1G66795	1.2714285714285711
AT1G66800	11.118181818181817
AT1G66810	2.2888888888888888
AT1G66830	1.2153846153846155
AT1G66840	13.78679245283019
AT1G66850	28.154545454545453
AT1G66852	1.0
AT1G66855	0.4000000000000001
AT1G66860	0.6692307692307692
AT1G66870	0.15
AT1G66880	11.185185185185185
AT1G66890	17.87037037037037
AT1G66900	19.727272727272727
AT1G66910	9.775471698113208
AT1G66920	5.863461538461539
AT1G66930	1.0403846153846155
AT1G66940	23.05
AT1G66950	0.7611111111111112
AT1G66960	1.3461538461538463
AT1G66970	105.08148148148148
AT1G66980	30.58235294117647
AT1G67000	0.8636363636363636
AT1G67020	0.29545454545454547
AT1G67025	0.19999999999999998
AT1G67030	20.104166666666668
AT1G67035	3.4283018867924526
AT1G67040	6.107407407407408
AT1G67050	19.01818181818182
AT1G67060	12.64
AT1G67070	3.8436363636363633
AT1G67080	36.888888888888886
AT1G67090	13509.927272727273
AT1G67100	0.6
AT1G67105	3.961111111111111
AT1G67110	5.259574468085106
AT1G67120	6.558181818181818
AT1G67130	0.6
AT1G67140	15.085454545454546
AT1G67148	13.452631578947368
AT1G67150	1.085294117647059
AT1G67160	0.6555555555555554
AT1G67170	11.94909090909091
AT1G67180	3.337735849056604
AT1G67190	11.727272727272727
AT1G67195	157.16666666666666
AT1G67210	4.370909090909091
AT1G67220	0.17058823529411768
AT1G67230	58.35090909090909
AT1G67235	0.27499999999999997
AT1G67238	0.48
AT1G67250	73.65818181818182
AT1G67260	2.7296296296296294
AT1G67265	7.204761904761904
AT1G67270	0.6785714285714286
AT1G67280	198.9090909090909
AT1G67290	206.8166666666667
AT1G67300	21.96909090909091
AT1G67310	26.0
AT1G67320	12.816363636363636
AT1G67325	29.838181818181816
AT1G67328	0.16
AT1G67340	20.48
AT1G67350	126.25454545454545
AT1G67360	49.27272727272727
AT1G67365	5.450909090909091
AT1G67370	1.2019230769230769
AT1G67390	0.18000000000000002
AT1G67400	6.692727272727273
AT1G67410	6.290909090909091
AT1G67420	3.7454545454545456
AT1G67430	724.4
AT1G67440	17.185185185185187
AT1G67450	0.4
AT1G67455	0.7
AT1G67460	0.7862745098039216
AT1G67470	7.296296296296297
AT1G67480	78.16363636363636
AT1G67481	0.8636363636363636
AT1G67490	13.547272727272727
AT1G67500	4.942592592592592
AT1G67510	8.518518518518519
AT1G67520	1.4833333333333332
AT1G67530	11.418181818181818
AT1G67540	6.133333333333334
AT1G67550	13.87037037037037
AT1G67560	26.314814814814813
AT1G67570	4.836363636363636
AT1G67580	25.545454545454547
AT1G67590	21.37037037037037
AT1G67600	2.4727272727272727
AT1G67620	12.656363636363636
AT1G67623	2.159090909090909
AT1G67630	10.072727272727272
AT1G67635	0.35833333333333334
AT1G67640	0.7676470588235295
AT1G67650	2.3679245283018866
AT1G67660	20.536363636363635
AT1G67670	0.7266666666666667
AT1G67680	41.29090909090909
AT1G67690	6.494545454545454
AT1G67700	310.6745454545454
AT1G67710	4.457407407407407
AT1G67720	11.11111111111111
AT1G67730	82.88
AT1G67740	1064.2927272727272
AT1G67750	28.818181818181817
AT1G67760	1.49
AT1G67770	0.2645161290322581
AT1G67780	2.857407407407407
AT1G67785	148.38181818181818
AT1G67792	0.8811320754716981
AT1G67800	15.18909090909091
AT1G67810	20.54
AT1G67820	4.044444444444444
AT1G67830	24.4
AT1G67840	40.72222222222222
AT1G67850	11.327272727272728
AT1G67855	0.35625
AT1G67856	1.3250000000000002
AT1G67860	79.14716981132077
AT1G67865	167.14716981132074
AT1G67870	397.02
AT1G67880	13.174545454545456
AT1G67890	13.74074074074074
AT1G67900	17.314814814814813
AT1G67910	10.525925925925925
AT1G67920	10.81111111111111
AT1G67930	23.818181818181817
AT1G67940	20.970909090909092
AT1G67950	17.145454545454545
AT1G67960	10.909090909090908
AT1G67970	13.314545454545454
AT1G67980	3.9066666666666667
AT1G67990	2.6666666666666665
AT1G68000	40.58181818181818
AT1G68010	534.8333333333334
AT1G68020	21.462962962962962
AT1G68030	1.625
AT1G68040	0.788888888888889
AT1G68050	25.21698113207547
AT1G68060	44.72222222222222
AT1G68070	25.75925925925926
AT1G68080	5.9185185185185185
AT1G68090	4.218181818181818
AT1G68100	21.838181818181816
AT1G68110	54.56727272727272
AT1G68120	2.409090909090909
AT1G68130	11.314814814814815
AT1G68140	32.69090909090909
AT1G68150	9.283720930232558
AT1G68160	11.945454545454545
AT1G68170	2.1720000000000006
AT1G68180	0.4530612244897959
AT1G68185	12.6
AT1G68190	24.724528301886796
AT1G68200	1.5872727272727274
AT1G68210	0.26666666666666666
AT1G68220	35.351851851851855
AT1G68230	8.851851851851851
AT1G68238	56.62777777777778
AT1G68240	0.6975609756097562
AT1G68250	1.453125
AT1G68260	27.927272727272726
AT1G68270	0.5
AT1G68280	0.25
AT1G68290	1.526470588235294
AT1G68300	70.63636363636364
AT1G68310	30.703636363636363
AT1G68320	15.072093023255812
AT1G68325	0.3666666666666667
AT1G68330	3.6074074074074076
AT1G68340	6.3090909090909095
AT1G68350	1.475
AT1G68360	3.7129629629629637
AT1G68370	38.29090909090909
AT1G68380	0.275
AT1G68390	1.6547169811320754
AT1G68400	16.22222222222222
AT1G68410	20.954545454545453
AT1G68430	3.8
AT1G68440	66.89090909090909
AT1G68450	4.794871794871795
AT1G68460	0.6230769230769231
AT1G68470	5.398148148148148
AT1G68480	1.6200000000000003
AT1G68490	34.96545454545454
AT1G68500	7.71111111111111
AT1G68510	0.2214285714285714
AT1G68520	121.9245283018868
AT1G68526	0.36500000000000005
AT1G68530	201.32909090909092
AT1G68540	8.814545454545454
AT1G68550	23.11090909090909
AT1G68560	178.77777777777777
AT1G68568	0.2655172413793104
AT1G68570	30.70181818181818
AT1G68580	29.8
AT1G68585	11.572727272727272
AT1G68590	379.6381818181818
AT1G68600	27.83207547169811
AT1G68610	30.69090909090909
AT1G68620	13.276363636363635
AT1G68630	1.0785714285714285
AT1G68640	1.614
AT1G68650	16.462962962962962
AT1G68660	122.21818181818182
AT1G68670	39.58545454545454
AT1G68680	20.254545454545454
AT1G68690	7.32962962962963
AT1G68700	1.1617021276595743
AT1G68710	10.483636363636364
AT1G68720	23.02
AT1G68723	0.29333333333333333
AT1G68725	5.854716981132076
AT1G68730	33.129629629629626
AT1G68740	7.907407407407407
AT1G68750	3.3058823529411763
AT1G68760	23.48148148148148
AT1G68765	1.5199999999999998
AT1G68780	14.398039215686273
AT1G68790	30.94909090909091
AT1G68795	3.8018518518518523
AT1G68800	0.3522727272727273
AT1G68810	15.627777777777778
AT1G68820	19.245454545454546
AT1G68825	3.3000000000000003
AT1G68830	79.27272727272727
AT1G68840	41.87407407407407
AT1G68845	0.5619047619047619
AT1G68850	11.74888888888889
AT1G68860	2.0
AT1G68862	3.549090909090909
AT1G68870	6.463636363636364
AT1G68872	2.7836363636363637
AT1G68875	7.855555555555556
AT1G68877	0.25
AT1G68880	6.658974358974358
AT1G68890	20.543636363636367
AT1G68905	2.388888888888889
AT1G68907	0.58
AT1G68910	18.44181818181818
AT1G68920	16.444444444444443
AT1G68930	1.6490566037735848
AT1G68940	0.3
AT1G68945	31.152727272727276
AT1G68950	2.475
AT1G68960	0.3
AT1G68980	6.983636363636364
AT1G68990	14.314814814814815
AT1G69010	21.49818181818182
AT1G69020	2.741818181818182
AT1G69030	32.96363636363636
AT1G69040	42.43818181818182
AT1G69050	5.467924528301887
AT1G69060	9.943636363636363
AT1G69070	20.64
AT1G69080	6.796296296296297
AT1G69085	0.42368421052631583
AT1G69090	0.225
AT1G69100	1.6375000000000002
AT1G69120	19.65555555555555
AT1G69150	0.4806451612903226
AT1G69160	24.19074074074074
AT1G69170	7.847272727272728
AT1G69180	12.099999999999998
AT1G69190	0.3
AT1G69200	47.05555555555556
AT1G69210	7.056363636363637
AT1G69220	27.672727272727272
AT1G69230	9.739622641509435
AT1G69240	3.124137931034483
AT1G69250	28.492727272727272
AT1G69252	75.30909090909091
AT1G69260	10.844444444444445
AT1G69270	1.9111111111111114
AT1G69280	1.7890909090909088
AT1G69290	2.9490909090909088
AT1G69295	44.592592592592595
AT1G69300	4.25
AT1G69310	9.962962962962964
AT1G69320	1.348
AT1G69325	3.72037037037037
AT1G69330	12.181818181818182
AT1G69340	33.763636363636365
AT1G69350	1.3818181818181818
AT1G69360	11.49090909090909
AT1G69370	17.369090909090907
AT1G69380	8.967272727272727
AT1G69390	60.947272727272725
AT1G69400	3.587037037037037
AT1G69410	93.78181818181818
AT1G69420	42.98148148148148
AT1G69430	1.3703703703703705
AT1G69440	4.768518518518518
AT1G69450	20.71090909090909
AT1G69460	91.17454545454547
AT1G69470	0.6
AT1G69480	3.4354166666666663
AT1G69485	1.0166666666666668
AT1G69490	19.037037037037038
AT1G69500	1.0999999999999999
AT1G69510	124.52727272727273
AT1G69520	5.496296296296297
AT1G69523	13.825454545454544
AT1G69526	8.227272727272727
AT1G69530	188.5290909090909
AT1G69540	0.7901960784313726
AT1G69550	8.05185185185185
AT1G69560	0.36333333333333334
AT1G69570	0.9862745098039215
AT1G69572	0.1
AT1G69580	13.981481481481481
AT1G69587	2.8600000000000003
AT1G69588	0.15000000000000002
AT1G69600	8.898000000000001
AT1G69610	6.3509090909090915
AT1G69620	563.4909090909091
AT1G69630	0.19696969696969696
AT1G69640	45.018181818181816
AT1G69650	0.2
AT1G69660	0.3071428571428571
AT1G69670	13.745454545454546
AT1G69680	9.218181818181819
AT1G69690	23.166666666666668
AT1G69700	44.94444444444444
AT1G69710	0.6722222222222222
AT1G69720	5.776595744680851
AT1G69730	16.194000000000003
AT1G69740	136.62
AT1G69750	5.456363636363637
AT1G69760	25.38888888888889
AT1G69770	19.87037037037037
AT1G69780	27.14814814814815
AT1G69790	3.3388888888888886
AT1G69792	2.0
AT1G69795	1.2333333333333334
AT1G69800	14.672727272727272
AT1G69810	9.73076923076923
AT1G69818	1.72
AT1G69820	0.5333333333333333
AT1G69825	1.0
AT1G69828	0.6428571428571429
AT1G69830	88.62181818181818
AT1G69840	51.38181818181818
AT1G69850	33.148148148148145
AT1G69860	0.26999999999999996
AT1G69870	74.32545454545455
AT1G69880	5.385416666666667
AT1G69890	21.205555555555552
AT1G69900	6.827272727272727
AT1G69910	10.925925925925926
AT1G69920	1.4846153846153847
AT1G69930	2.0520833333333335
AT1G69935	26.727272727272727
AT1G69940	431.7454545454546
AT1G69960	44.92727272727273
AT1G69970	2.4301886792452834
AT1G69980	21.418181818181818
AT1G69990	0.23571428571428574
AT1G70000	14.55185185185185
AT1G70020	1.546938775510204
AT1G70030	0.22083333333333333
AT1G70040	2.075
AT1G70050	2.3333333333333335
AT1G70060	17.783636363636365
AT1G70070	25.54909090909091
AT1G70080	0.2833333333333333
AT1G70090	41.870370370370374
AT1G70100	20.37037037037037
AT1G70110	0.17307692307692307
AT1G70120	0.10000000000000002
AT1G70130	0.6719999999999999
AT1G70140	5.34074074074074
AT1G70150	7.518518518518518
AT1G70160	92.96363636363637
AT1G70170	3.975
AT1G70180	16.87636363636364
AT1G70185	1.5971428571428572
AT1G70190	21.147272727272725
AT1G70200	45.71090909090909
AT1G70210	20.081818181818182
AT1G70220	0.7955555555555555
AT1G70230	19.48148148148148
AT1G70250	8.294444444444444
AT1G70260	6.647916666666667
AT1G70270	3.036170212765957
AT1G70280	30.5
AT1G70290	51.67272727272727
AT1G70300	15.836363636363636
AT1G70310	82.95636363636365
AT1G70320	35.163636363636364
AT1G70330	20.654545454545456
AT1G70340	3.2072727272727275
AT1G70350	19.46
AT1G70360	6.485454545454546
AT1G70370	106.92727272727272
AT1G70380	0.22999999999999998
AT1G70390	0.6920000000000001
AT1G70400	0.15384615384615385
AT1G70410	119.38545454545454
AT1G70420	16.836363636363636
AT1G70430	3.798181818181818
AT1G70440	1.4111111111111112
AT1G70450	0.6551724137931034
AT1G70460	4.322222222222222
AT1G70470	3.3773584905660377
AT1G70480	24.363636363636363
AT1G70490	173.94545454545454
AT1G70500	2.5555555555555562
AT1G70505	4.537037037037037
AT1G70510	1.5607843137254904
AT1G70518	13.574074074074074
AT1G70520	24.22222222222222
AT1G70530	21.31090909090909
AT1G70540	53.53333333333333
AT1G70550	10.166666666666666
AT1G70560	16.462962962962962
AT1G70570	31.656363636363636
AT1G70580	45.767272727272726
AT1G70581	0.7347826086956523
AT1G70590	18.21818181818182
AT1G70600	540.0181818181818
AT1G70610	27.254545454545454
AT1G70620	47.78181818181818
AT1G70630	4.312962962962963
AT1G70640	3.1549019607843136
AT1G70645	0.55
AT1G70650	1.8259259259259257
AT1G70660	15.125454545454545
AT1G70670	24.454545454545453
AT1G70680	4.819999999999999
AT1G70690	15.430909090909092
AT1G70700	117.46666666666667
AT1G70710	43.334545454545456
AT1G70720	6.343243243243243
AT1G70730	90.12727272727273
AT1G70740	13.555555555555555
AT1G70750	10.185185185185185
AT1G70760	14.4
AT1G70770	79.38181818181818
AT1G70780	237.47272727272727
AT1G70790	29.818181818181817
AT1G70800	8.392727272727273
AT1G70810	33.02363636363636
AT1G70820	83.2156862745098
AT1G70830	284.34363636363634
AT1G70840	0.3555555555555555
AT1G70850	369.50212765957446
AT1G70860	4.610344827586206
AT1G70870	0.5
AT1G70880	10.189361702127659
AT1G70890	134.3388888888889
AT1G70895	4.127777777777778
AT1G70900	38.62
AT1G70910	0.34838709677419355
AT1G70920	2.015686274509804
AT1G70940	63.111111111111114
AT1G70944	0.25
AT1G70949	0.35
AT1G70950	4.125490196078432
AT1G70960	0.17142857142857146
AT1G70970	0.3
AT1G70980	23.29090909090909
AT1G70985	6.658181818181818
AT1G70990	5.087755102040816
AT1G71000	2.117948717948718
AT1G71002	0.6875
AT1G71010	28.329090909090908
AT1G71015	3.1735849056603773
AT1G71020	22.381818181818183
AT1G71030	47.77222222222222
AT1G71040	31.91090909090909
AT1G71050	9.853703703703703
AT1G71060	5.053703703703703
AT1G71070	30.176363636363636
AT1G71080	54.41818181818182
AT1G71090	28.703703703703702
AT1G71100	19.130909090909093
AT1G71110	10.010909090909092
AT1G71120	0.2918918918918919
AT1G71130	15.036363636363637
AT1G71140	7.143636363636364
AT1G71150	0.32857142857142857
AT1G71160	0.41
AT1G71170	19.989090909090912
AT1G71180	15.169090909090908
AT1G71190	18.163636363636364
AT1G71200	1.865625
AT1G71210	9.129090909090909
AT1G71220	35.165454545454544
AT1G71230	5.944444444444445
AT1G71235	0.31428571428571433
AT1G71240	13.166666666666666
AT1G71250	0.275
AT1G71260	42.74074074074074
AT1G71270	28.763636363636362
AT1G71280	0.37058823529411766
AT1G71290	0.25
AT1G71300	0.19999999999999998
AT1G71310	9.99090909090909
AT1G71320	0.3
AT1G71330	4.083018867924529
AT1G71340	19.036363636363635
AT1G71350	16.545454545454547
AT1G71360	10.203636363636365
AT1G71370	0.11818181818181818
AT1G71380	2.784313725490196
AT1G71390	0.6888888888888888
AT1G71400	6.681818181818182
AT1G71410	32.14545454545455
AT1G71420	0.9555555555555557
AT1G71430	10.88888888888889
AT1G71440	18.832727272727272
AT1G71450	0.5
AT1G71460	6.709090909090909
AT1G71470	0.27142857142857146
AT1G71480	11.709259259259259
AT1G71490	1.1944444444444444
AT1G71500	269.98
AT1G71520	1.5130434782608695
AT1G71528	0.15999999999999998
AT1G71680	27.660000000000004
AT1G71690	0.896774193548387
AT1G71691	1.0900000000000003
AT1G71692	6.670212765957447
AT1G71695	134.35185185185185
AT1G71696	13.654545454545454
AT1G71697	30.10909090909091
AT1G71710	23.59259259259259
AT1G71720	41.38727272727273
AT1G71730	55.86000000000001
AT1G71740	14.466666666666667
AT1G71750	12.583636363636364
AT1G71760	2.2888888888888888
AT1G71770	4.927777777777777
AT1G71780	22.654545454545456
AT1G71790	24.763636363636362
AT1G71800	12.763636363636364
AT1G71810	20.669090909090908
AT1G71820	43.67272727272727
AT1G71828	0.2
AT1G71830	13.692727272727272
AT1G71840	44.29090909090909
AT1G71850	10.38888888888889
AT1G71860	54.29090909090909
AT1G71865	16.603636363636365
AT1G71866	0.5952380952380952
AT1G71870	5.786792452830189
AT1G71880	77.23636363636363
AT1G71890	2.16
AT1G71900	18.636363636363637
AT1G71910	2.5833333333333335
AT1G71920	0.505
AT1G71930	1.1055555555555556
AT1G71940	12.472727272727273
AT1G71950	58.58181818181818
AT1G71960	13.243636363636364
AT1G71970	24.314814814814813
AT1G71980	43.61818181818182
AT1G71990	6.136363636363637
AT1G72000	0.3038461538461539
AT1G72010	44.01851851851852
AT1G72020	240.12727272727273
AT1G72030	44.160000000000004
AT1G72040	48.82181818181818
AT1G72050	32.68518518518518
AT1G72060	1.075
AT1G72070	0.5764705882352942
AT1G72080	0.425
AT1G72090	28.62181818181818
AT1G72100	0.638709677419355
AT1G72110	10.15
AT1G72120	6.809433962264151
AT1G72125	1.9163265306122448
AT1G72130	21.79090909090909
AT1G72140	6.930188679245283
AT1G72141	1.0
AT1G72150	320.71090909090907
AT1G72160	94.46296296296296
AT1G72170	44.68727272727273
AT1G72175	12.272727272727273
AT1G72180	39.2037037037037
AT1G72190	11.685185185185185
AT1G72200	9.442592592592591
AT1G72210	3.646296296296296
AT1G72220	2.0703703703703704
AT1G72230	27.125925925925927
AT1G72240	4.533333333333333
AT1G72250	8.541818181818181
AT1G72260	154.49285714285716
AT1G72270	0.19285714285714284
AT1G72275	6.479629629629629
AT1G72280	6.056363636363637
AT1G72290	209.16666666666666
AT1G72300	10.620000000000001
AT1G72310	15.11111111111111
AT1G72320	16.763636363636362
AT1G72330	49.527272727272724
AT1G72340	30.072727272727274
AT1G72350	0.5
AT1G72360	7.143636363636364
AT1G72370	595.0181818181818
AT1G72390	16.672727272727272
AT1G72410	24.51851851851852
AT1G72416	28.17962962962963
AT1G72420	6.435185185185185
AT1G72430	70.24074074074075
AT1G72440	24.425925925925927
AT1G72450	57.80545454545455
AT1G72460	7.6499999999999995
AT1G72470	10.494545454545456
AT1G72480	26.925925925925927
AT1G72490	1.6452380952380952
AT1G72500	26.666666666666668
AT1G72510	69.55555555555556
AT1G72520	16.124074074074073
AT1G72530	3.009259259259259
AT1G72540	2.3207547169811322
AT1G72545	0.5689655172413793
AT1G72550	50.61818181818182
AT1G72560	9.965454545454547
AT1G72570	0.3111111111111111
AT1G72580	0.225
AT1G72590	0.4882352941176471
AT1G72600	0.35531914893617017
AT1G72610	6.504761904761905
AT1G72620	0.6454545454545454
AT1G72630	25.09090909090909
AT1G72640	52.2962962962963
AT1G72645	26.52962962962963
AT1G72650	21.76909090909091
AT1G72660	0.5326923076923076
AT1G72670	8.846296296296297
AT1G72680	32.86545454545455
AT1G72690	13.376363636363637
AT1G72700	20.444444444444443
AT1G72710	99.02545454545454
AT1G72720	2.077358490566038
AT1G72730	20.01818181818182
AT1G72740	28.490909090909092
AT1G72750	59.27272727272727
AT1G72760	0.38666666666666666
AT1G72770	32.74545454545454
AT1G72780	2.0
AT1G72790	11.685185185185185
AT1G72800	2.8727272727272726
AT1G72810	15.722222222222221
AT1G72820	27.474545454545453
AT1G72830	7.122222222222223
AT1G72840	3.5745454545454542
AT1G72850	0.8096153846153846
AT1G72852	0.7372549019607845
AT1G72855	0.11000000000000001
AT1G72860	0.22285714285714286
AT1G72870	1.7056603773584906
AT1G72880	29.6
AT1G72890	7.09074074074074
AT1G72900	36.7962962962963
AT1G72910	18.348979591836734
AT1G72920	8.9
AT1G72930	96.87037037037037
AT1G72940	15.037037037037036
AT1G72950	1.738888888888889
AT1G72960	0.7608695652173914
AT1G72970	81.61111111111111
AT1G72980	0.3428571428571428
AT1G72990	8.087272727272726
AT1G73000	0.5652173913043478
AT1G73010	19.083636363636362
AT1G73020	10.436363636363636
AT1G73030	60.72727272727273
AT1G73040	4.454545454545454
AT1G73050	0.17619047619047618
AT1G73060	118.49090909090908
AT1G73065	0.4928571428571428
AT1G73066	0.7326923076923075
AT1G73080	25.01851851851852
AT1G73090	16.59259259259259
AT1G73100	13.22909090909091
AT1G73110	35.69090909090909
AT1G73120	28.680434782608696
AT1G73130	5.329090909090909
AT1G73140	0.7039215686274509
AT1G73150	5.5
AT1G73160	1.967857142857143
AT1G73165	1.8592592592592592
AT1G73170	32.763636363636365
AT1G73177	11.63090909090909
AT1G73180	24.39818181818182
AT1G73190	2.7000000000000006
AT1G73200	19.98181818181818
AT1G73210	5.218181818181818
AT1G73220	7.679069767441861
AT1G73230	271.3090909090909
AT1G73240	11.31090909090909
AT1G73250	17.636363636363637
AT1G73260	76.47592592592592
AT1G73270	3.45609756097561
AT1G73280	4.002777777777778
AT1G73290	1.0833333333333333
AT1G73300	3.225
AT1G73310	7.85
AT1G73320	5.962962962962963
AT1G73325	5.282222222222222
AT1G73330	388.265306122449
AT1G73340	2.626470588235294
AT1G73350	20.0
AT1G73360	2.653703703703704
AT1G73370	4.427777777777778
AT1G73380	13.056363636363637
AT1G73390	21.976363636363637
AT1G73400	3.0781818181818186
AT1G73410	1.5630434782608693
AT1G73430	22.136363636363637
AT1G73440	4.9
AT1G73450	4.738181818181818
AT1G73460	14.652727272727272
AT1G73470	22.80181818181818
AT1G73480	37.6
AT1G73490	56.96545454545454
AT1G73500	26.5
AT1G73510	0.9884615384615383
AT1G73530	54.472727272727276
AT1G73540	70.52727272727273
AT1G73550	1.9282608695652175
AT1G73560	1.2
AT1G73570	5.948148148148148
AT1G73580	5.8575
AT1G73590	15.055555555555555
AT1G73600	206.3148148148148
AT1G73603	4.15
AT1G73607	6.15
AT1G73610	1.1235294117647059
AT1G73620	22.92641509433962
AT1G73630	19.014545454545452
AT1G73640	5.6611111111111105
AT1G73650	39.7490909090909
AT1G73655	204.96363636363637
AT1G73660	20.037037037037038
AT1G73670	21.29090909090909
AT1G73680	18.925925925925927
AT1G73687	1.342857142857143
AT1G73690	3.2388888888888885
AT1G73700	1.6764705882352942
AT1G73710	9.444444444444445
AT1G73720	24.436363636363637
AT1G73730	13.345454545454546
AT1G73740	11.787037037037036
AT1G73750	19.833333333333332
AT1G73760	22.09259259259259
AT1G73770	5.624074074074074
AT1G73780	1.7928571428571425
AT1G73790	1.6403846153846153
AT1G73805	9.144444444444444
AT1G73810	3.8981132075471696
AT1G73820	19.776363636363637
AT1G73830	15.377777777777778
AT1G73840	32.981818181818184
AT1G73850	5.920370370370371
AT1G73860	4.517647058823529
AT1G73870	30.752173913043475
AT1G73875	7.496363636363637
AT1G73880	8.518518518518519
AT1G73885	478.20727272727277
AT1G73890	7.153703703703703
AT1G73910	1.4807692307692308
AT1G73920	47.41818181818182
AT1G73930	16.90909090909091
AT1G73940	52.04545454545455
AT1G73950	12.814814814814815
AT1G73960	15.727272727272727
AT1G73965	0.9638297872340424
AT1G73970	7.856363636363636
AT1G73980	25.35185185185185
AT1G73990	34.72909090909091
AT1G74000	7.449090909090909
AT1G74010	22.03272727272727
AT1G74020	36.518181818181816
AT1G74030	35.56727272727273
AT1G74035	0.1
AT1G74040	30.185454545454547
AT1G74045	0.3333333333333333
AT1G74050	244.05454545454546
AT1G74060	169.29454545454547
AT1G74070	43.53454545454546
AT1G74080	1.64
AT1G74088	4.6000000000000005
AT1G74090	64.20370370370371
AT1G74100	103.48148148148148
AT1G74110	0.21333333333333335
AT1G74120	4.4981481481481485
AT1G74130	0.23448275862068968
AT1G74140	0.21111111111111114
AT1G74150	1.492727272727273
AT1G74160	14.790909090909091
AT1G74170	6.792592592592593
AT1G74180	3.4888888888888885
AT1G74190	0.17777777777777776
AT1G74200	1.1181818181818182
AT1G74205	0.21818181818181817
AT1G74210	29.327272727272728
AT1G74220	6.15
AT1G74230	92.0
AT1G74240	5.709090909090909
AT1G74250	28.98181818181818
AT1G74260	39.69272727272727
AT1G74270	186.92545454545453
AT1G74280	6.572727272727272
AT1G74290	2.158823529411765
AT1G74300	5.887037037037037
AT1G74310	16.403636363636366
AT1G74320	20.581818181818182
AT1G74330	8.074074074074074
AT1G74340	33.11818181818182
AT1G74350	1.7727272727272727
AT1G74360	6.0092592592592595
AT1G74370	13.692727272727273
AT1G74380	48.89090909090909
AT1G74390	6.874545454545455
AT1G74400	1.537037037037037
AT1G74410	10.327272727272728
AT1G74420	1.0037037037037038
AT1G74430	7.761111111111112
AT1G74440	3.830188679245283
AT1G74450	24.490909090909092
AT1G74453	38.654545454545456
AT1G74456	57.29090909090909
AT1G74458	9.231481481481481
AT1G74460	25.30652173913043
AT1G74470	854.9654545454545
AT1G74480	0.17500000000000002
AT1G74490	4.471698113207547
AT1G74500	17.684848484848484
AT1G74510	19.169090909090908
AT1G74520	51.74727272727272
AT1G74530	15.254545454545454
AT1G74545	0.15128205128205133
AT1G74550	0.20333333333333334
AT1G74560	128.74727272727273
AT1G74570	2.0
AT1G74580	3.7037037037037037
AT1G74590	12.962962962962964
AT1G74600	3.048148148148148
AT1G74620	0.2
AT1G74630	1.4055555555555557
AT1G74640	48.345454545454544
AT1G74650	3.288888888888889
AT1G74660	4.937037037037038
AT1G74670	214.37037037037038
AT1G74675	0.9473684210526315
AT1G74680	13.11111111111111
AT1G74690	61.69090909090909
AT1G74700	4.345454545454546
AT1G74710	14.15090909090909
AT1G74720	16.92909090909091
AT1G74730	155.88888888888889
AT1G74740	16.674545454545456
AT1G74750	4.388888888888889
AT1G74770	7.154166666666666
AT1G74780	10.2
AT1G74790	22.454545454545453
AT1G74800	11.454545454545455
AT1G74810	3.8264150943396227
AT1G74820	1.1857142857142857
AT1G74830	2.2513513513513512
AT1G74840	78.02000000000001
AT1G74850	29.314814814814813
AT1G74860	8.327272727272728
AT1G74870	1.0471698113207548
AT1G74875	2.404081632653061
AT1G74880	200.28181818181818
AT1G74890	4.896363636363636
AT1G74900	1.2854545454545452
AT1G74910	74.19454545454545
AT1G74920	122.46181818181817
AT1G74930	18.109259259259257
AT1G74940	28.685185185185187
AT1G74950	47.61818181818182
AT1G74960	86.83636363636364
AT1G74970	312.92909090909086
AT1G74990	0.20000000000000004
AT1G75000	7.69811320754717
AT1G75010	16.37037037037037
AT1G75020	8.054545454545455
AT1G75030	3.4660377358490564
AT1G75040	73.404
AT1G75050	1.957142857142857
AT1G75060	6.901851851851852
AT1G75070	2.0
AT1G75080	19.78909090909091
AT1G75090	5.977358490566038
AT1G75100	24.812727272727273
AT1G75110	3.083636363636364
AT1G75120	7.710909090909091
AT1G75125	5.8963636363636365
AT1G75130	17.333333333333332
AT1G75140	14.147272727272728
AT1G75150	4.910909090909091
AT1G75160	9.406666666666668
AT1G75163	9.393617021276595
AT1G75166	56.101851851851855
AT1G75170	19.22222222222222
AT1G75180	25.472727272727273
AT1G75190	19.0
AT1G75200	22.37037037037037
AT1G75210	27.534545454545455
AT1G75220	61.18181818181818
AT1G75230	7.041818181818182
AT1G75240	29.00576923076923
AT1G75250	2.248076923076923
AT1G75260	1.4528301886792452
AT1G75270	62.8
AT1G75280	91.37037037037037
AT1G75290	2.916363636363636
AT1G75295	0.7777777777777778
AT1G75300	0.793939393939394
AT1G75310	14.907407407407407
AT1G75330	96.35636363636364
AT1G75335	11.690909090909091
AT1G75340	17.638181818181817
AT1G75350	415.53272727272724
AT1G75360	1.5563636363636362
AT1G75370	38.276363636363634
AT1G75380	250.07454545454547
AT1G75390	24.185185185185187
AT1G75400	22.90909090909091
AT1G75410	26.116363636363637
AT1G75420	14.838181818181818
AT1G75430	0.9604651162790698
AT1G75440	13.655555555555555
AT1G75450	3.9490909090909088
AT1G75460	92.7648148148148
AT1G75470	0.19999999999999998
AT1G75490	2.879245283018868
AT1G75500	162.7037037037037
AT1G75510	40.48148148148148
AT1G75520	4.236734693877551
AT1G75530	0.21428571428571427
AT1G75540	58.129629629629626
AT1G75550	3.9018518518518515
AT1G75560	48.92727272727273
AT1G75580	7.864814814814815
AT1G75590	3.8018518518518523
AT1G75600	0.6615384615384616
AT1G75620	1.5365384615384616
AT1G75630	102.52727272727273
AT1G75640	5.362962962962963
AT1G75660	43.92727272727273
AT1G75670	11.425925925925926
AT1G75680	88.5925925925926
AT1G75690	156.8909090909091
AT1G75700	1.6339622641509433
AT1G75710	24.796296296296298
AT1G75717	0.3545454545454545
AT1G75720	1.8370370370370368
AT1G75730	8.24074074074074
AT1G75750	585.1672727272727
AT1G75760	21.98363636363636
AT1G75770	7.527272727272727
AT1G75780	21.26909090909091
AT1G75790	0.7375
AT1G75800	120.09636363636363
AT1G75810	17.12727272727273
AT1G75820	27.418181818181818
AT1G75830	2.5206896551724136
AT1G75840	70.1490909090909
AT1G75850	22.490909090909092
AT1G75860	28.912727272727274
AT1G75870	107.6888888888889
AT1G75880	18.015094339622642
AT1G75890	0.9075
AT1G75891	0.267741935483871
AT1G75900	20.909259259259258
AT1G75910	6.6
AT1G75920	0.44999999999999996
AT1G75930	12.72
AT1G75940	9.166666666666666
AT1G75945	6.431111111111111
AT1G75950	284.09090909090907
AT1G75960	6.94909090909091
AT1G75980	11.61111111111111
AT1G75990	29.64181818181818
AT1G76000	5.0
AT1G76010	188.85454545454544
AT1G76020	19.576363636363638
AT1G76030	146.25454545454545
AT1G76040	14.38888888888889
AT1G76050	21.656363636363636
AT1G76060	20.272727272727273
AT1G76065	3.16
AT1G76070	10.648148148148149
AT1G76080	243.16666666666666
AT1G76090	51.611111111111114
AT1G76100	245.59259259259258
AT1G76110	28.98727272727273
AT1G76120	8.574074074074074
AT1G76130	12.238181818181818
AT1G76135	1.8542857142857145
AT1G76140	42.07272727272727
AT1G76150	40.39454545454545
AT1G76160	131.84
AT1G76170	5.775925925925925
AT1G76180	636.1436363636363
AT1G76185	11.236363636363636
AT1G76190	1.1791666666666665
AT1G76200	315.45454545454544
AT1G76210	0.6565217391304349
AT1G76220	0.96
AT1G76230	0.5055555555555555
AT1G76240	22.712962962962962
AT1G76250	2.774074074074074
AT1G76260	12.945454545454545
AT1G76270	11.218181818181819
AT1G76280	8.856363636363637
AT1G76290	0.3
AT1G76300	52.947272727272725
AT1G76310	10.047272727272725
AT1G76320	10.17090909090909
AT1G76340	15.367272727272729
AT1G76350	9.145454545454545
AT1G76360	17.08703703703704
AT1G76370	96.23636363636363
AT1G76380	11.722222222222221
AT1G76390	4.394444444444445
AT1G76400	40.81272727272727
AT1G76405	31.383636363636363
AT1G76410	7.790566037735848
AT1G76420	1.3574468085106381
AT1G76430	0.6277777777777778
AT1G76440	12.962962962962964
AT1G76450	138.64363636363635
AT1G76460	20.770909090909093
AT1G76470	1.1191489361702127
AT1G76480	0.5535714285714286
AT1G76490	253.72727272727272
AT1G76500	6.285714285714286
AT1G76510	13.672727272727272
AT1G76520	37.72222222222222
AT1G76530	1.974468085106383
AT1G76540	28.929090909090906
AT1G76550	28.423636363636362
AT1G76560	24.76181818181818
AT1G76570	20.836363636363636
AT1G76580	15.925925925925926
AT1G76590	17.30925925925926
AT1G76600	25.145454545454545
AT1G76610	2.1792452830188678
AT1G76620	10.281481481481482
AT1G76630	13.138181818181817
AT1G76640	3.531707317073171
AT1G76650	31.29259259259259
AT1G76660	18.74074074074074
AT1G76670	89.41818181818182
AT1G76680	142.2962962962963
AT1G76690	29.036363636363635
AT1G76700	20.619999999999997
AT1G76705	2.533333333333333
AT1G76710	13.745454545454546
AT1G76720	2.8924528301886796
AT1G76728	1.0
AT1G76730	51.6
AT1G76740	2.4454545454545453
AT1G76750	0.6375
AT1G76760	5.6036363636363635
AT1G76770	0.8958333333333334
AT1G76780	1.2888888888888888
AT1G76790	83.01851851851852
AT1G76800	6.445283018867925
AT1G76810	63.81818181818182
AT1G76820	2.0433962264150947
AT1G76830	0.8800000000000001
AT1G76840	0.55
AT1G76850	38.054545454545455
AT1G76860	72.01636363636364
AT1G76870	3.4814814814814814
AT1G76878	0.5576923076923077
AT1G76890	33.51851851851852
AT1G76892	0.6210526315789474
AT1G76900	21.367272727272727
AT1G76910	0.7307692307692307
AT1G76920	27.687272727272727
AT1G76930	374.56481481481484
AT1G76940	19.09090909090909
AT1G76950	14.092592592592593
AT1G76952	6.126415094339621
AT1G76954	0.9181818181818181
AT1G76955	7.81276595744681
AT1G76960	65.986
AT1G76965	31.391304347826082
AT1G76970	11.574074074074074
AT1G76980	9.04
AT1G76990	63.5
AT1G76994	0.38636363636363635
AT1G77000	10.75090909090909
AT1G77010	0.8886792452830189
AT1G77020	9.82777777777778
AT1G77030	23.672727272727272
AT1G77040	0.925
AT1G77060	46.71090909090909
AT1G77080	12.345454545454546
AT1G77090	65.4074074074074
AT1G77093	0.41250000000000003
AT1G77100	0.4166666666666667
AT1G77110	3.2574074074074075
AT1G77120	32.82
AT1G77122	21.772727272727273
AT1G77130	30.35185185185185
AT1G77138	3.631372549019608
AT1G77140	17.2
AT1G77145	2.5961538461538467
AT1G77150	1.3142857142857143
AT1G77160	0.4454545454545455
AT1G77170	6.327272727272727
AT1G77180	86.0909090909091
AT1G77190	1.5333333333333332
AT1G77200	3.088888888888889
AT1G77210	9.527777777777779
AT1G77220	17.345454545454544
AT1G77230	3.132727272727273
AT1G77235	0.6464285714285715
AT1G77250	10.381818181818181
AT1G77260	24.527272727272727
AT1G77270	7.099999999999999
AT1G77280	8.103636363636364
AT1G77290	6.487272727272726
AT1G77300	16.87272727272727
AT1G77310	3.538888888888889
AT1G77320	4.863636363636363
AT1G77330	47.803703703703704
AT1G77340	0.15
AT1G77350	44.98727272727273
AT1G77360	2.121818181818182
AT1G77370	65.8
AT1G77380	8.57777777777778
AT1G77390	2.092592592592592
AT1G77400	6.12909090909091
AT1G77405	1.560377358490566
AT1G77410	2.6963636363636367
AT1G77420	17.35185185185185
AT1G77440	53.96363636363636
AT1G77450	22.9
AT1G77460	6.125454545454545
AT1G77470	16.654545454545456
AT1G77480	16.962962962962962
AT1G77490	75.3490909090909
AT1G77500	10.2
AT1G77510	64.60727272727273
AT1G77520	11.86862745098039
AT1G77525	5.203030303030303
AT1G77530	13.328205128205127
AT1G77540	49.92727272727273
AT1G77550	14.75090909090909
AT1G77570	4.6722222222222225
AT1G77580	12.146296296296295
AT1G77590	41.39636363636364
AT1G77600	8.948148148148148
AT1G77610	45.49090909090909
AT1G77620	5.8981818181818175
AT1G77630	16.64814814814815
AT1G77640	3.2679245283018865
AT1G77650	0.15000000000000002
AT1G77655	0.35000000000000003
AT1G77660	7.95090909090909
AT1G77670	29.130909090909093
AT1G77680	18.44181818181818
AT1G77682	0.4666666666666666
AT1G77690	22.37037037037037
AT1G77700	3.2471698113207546
AT1G77710	137.0
AT1G77720	6.7272727272727275
AT1G77730	1.2045454545454546
AT1G77740	34.31090909090909
AT1G77750	29.814545454545453
AT1G77760	151.2509090909091
AT1G77765	1.3584905660377358
AT1G77770	22.10909090909091
AT1G77780	0.7
AT1G77790	0.340625
AT1G77800	25.2
AT1G77810	13.205454545454545
AT1G77815	0.3
AT1G77830	0.275
AT1G77840	49.56363636363636
AT1G77850	6.692727272727273
AT1G77855	3.57962962962963
AT1G77860	0.6235294117647058
AT1G77870	2.715686274509804
AT1G77880	0.7204081632653062
AT1G77885	20.15818181818182
AT1G77890	7.241818181818182
AT1G77910	0.2
AT1G77920	18.331481481481482
AT1G77930	37.63636363636363
AT1G77932	0.125
AT1G77940	418.07272727272726
AT1G77950	0.2846153846153846
AT1G77960	3.0765957446808505
AT1G77980	15.524999999999999
AT1G77990	8.75
AT1G78000	37.90727272727272
AT1G78010	19.166666666666668
AT1G78020	175.09259259259258
AT1G78030	1.9037735849056605
AT1G78040	340.81454545454545
AT1G78050	11.709090909090909
AT1G78060	34.5
AT1G78070	29.583636363636362
AT1G78080	113.58727272727273
AT1G78090	9.280000000000001
AT1G78100	38.38363636363636
AT1G78110	13.5
AT1G78120	10.27962962962963
AT1G78130	0.5592592592592592
AT1G78140	39.45454545454545
AT1G78150	82.47454545454546
AT1G78160	2.1750000000000003
AT1G78170	33.340740740740735
AT1G78172	2.4648148148148152
AT1G78180	23.547272727272727
AT1G78190	14.24909090909091
AT1G78200	16.836363636363636
AT1G78206	4.293023255813953
AT1G78210	42.94444444444444
AT1G78220	0.37142857142857144
AT1G78230	14.657407407407407
AT1G78240	45.60363636363636
AT1G78250	0.9
AT1G78260	12.12
AT1G78265	0.15833333333333335
AT1G78270	0.1
AT1G78280	16.90909090909091
AT1G78290	17.047272727272727
AT1G78300	139.65454545454546
AT1G78310	7.5636363636363635
AT1G78320	4.7290909090909095
AT1G78340	30.947916666666668
AT1G78360	1.2407407407407407
AT1G78370	368.35185185185185
AT1G78380	826.5054545454547
AT1G78390	0.40285714285714286
AT1G78400	1.94
AT1G78410	2.9038461538461537
AT1G78420	28.832727272727272
AT1G78430	9.9
AT1G78440	2.375
AT1G78450	13.616666666666665
AT1G78460	182.43636363636364
AT1G78470	0.30000000000000004
AT1G78476	1.7039215686274511
AT1G78478	3.6571428571428575
AT1G78480	1.4680000000000002
AT1G78490	18.70740740740741
AT1G78500	0.18333333333333335
AT1G78510	35.18518518518518
AT1G78520	1.9949999999999999
AT1G78530	2.6574074074074074
AT1G78540	5.716363636363636
AT1G78550	7.925925925925926
AT1G78560	34.27272727272727
AT1G78570	116.78181818181818
AT1G78580	16.80909090909091
AT1G78590	10.2
AT1G78600	38.98148148148148
AT1G78610	16.61111111111111
AT1G78620	52.5
AT1G78630	451.9836363636363
AT1G78635	0.22727272727272727
AT1G78640	0.3333333333333333
AT1G78650	11.469090909090909
AT1G78660	54.32181818181818
AT1G78670	66.5
AT1G78680	94.06363636363636
AT1G78690	7.781818181818182
AT1G78700	18.314814814814813
AT1G78710	0.7000000000000001
AT1G78720	0.26000000000000006
AT1G78730	4.774074074074075
AT1G78740	0.35
AT1G78750	1.1877551020408164
AT1G78760	0.2967741935483871
AT1G78770	6.905454545454544
AT1G78780	8.874545454545455
AT1G78790	11.654545454545454
AT1G78800	20.29090909090909
AT1G78810	8.4
AT1G78815	2.6379999999999995
AT1G78820	33.653703703703705
AT1G78830	122.12962962962963
AT1G78840	0.2
AT1G78850	235.0185185185185
AT1G78860	5.466037735849057
AT1G78865	4.41764705882353
AT1G78870	61.70909090909091
AT1G78880	38.18518518518518
AT1G78890	33.32727272727273
AT1G78895	15.345454545454546
AT1G78900	287.54545454545456
AT1G78910	4.470909090909091
AT1G78915	26.418181818181818
AT1G78920	43.527272727272724
AT1G78922	0.2444444444444444
AT1G78930	3.9690909090909092
AT1G78940	4.3963636363636365
AT1G78950	4.281481481481482
AT1G78955	0.9363636363636364
AT1G78960	14.469090909090909
AT1G78970	14.145454545454545
AT1G78980	3.9666666666666672
AT1G78990	6.232692307692308
AT1G78995	31.965454545454545
AT1G79000	25.436363636363637
AT1G79010	155.5090909090909
AT1G79020	10.4
AT1G79030	13.0
AT1G79040	5684.2981818181825
AT1G79050	31.72222222222222
AT1G79060	6.8314814814814815
AT1G79070	7.038181818181819
AT1G79075	65.09454545454545
AT1G79080	13.296296296296296
AT1G79090	34.21818181818182
AT1G79100	1.069767441860465
AT1G79103	0.9125
AT1G79110	26.21818181818182
AT1G79120	1.0351851851851852
AT1G79130	1.06875
AT1G79150	17.810909090909092
AT1G79160	23.88888888888889
AT1G79170	5.674509803921568
AT1G79180	2.879245283018868
AT1G79190	6.88
AT1G79200	21.405454545454546
AT1G79210	60.541818181818186
AT1G79220	3.536363636363636
AT1G79230	79.81818181818181
AT1G79240	2.0
AT1G79250	3.879411764705882
AT1G79260	20.163636363636364
AT1G79270	26.072727272727274
AT1G79280	26.545454545454547
AT1G79300	0.5
AT1G79310	3.9156862745098038
AT1G79320	2.748780487804878
AT1G79330	1.9877551020408164
AT1G79340	115.6
AT1G79350	20.945454545454545
AT1G79360	2.8207547169811322
AT1G79370	0.9199999999999999
AT1G79380	59.82
AT1G79390	41.945454545454545
AT1G79400	2.776
AT1G79410	16.107272727272726
AT1G79420	6.222222222222222
AT1G79430	15.11111111111111
AT1G79440	61.236363636363635
AT1G79450	8.018181818181818
AT1G79460	10.058181818181819
AT1G79470	11.963636363636363
AT1G79480	0.9660377358490565
AT1G79490	5.345454545454546
AT1G79500	21.683636363636364
AT1G79510	0.2
AT1G79520	14.525454545454545
AT1G79529	1.7775510204081635
AT1G79530	60.10545454545455
AT1G79540	5.763636363636364
AT1G79550	275.2181818181818
AT1G79560	35.805454545454545
AT1G79570	18.072727272727274
AT1G79580	1.761290322580645
AT1G79590	27.90909090909091
AT1G79600	86.58363636363637
AT1G79610	15.618181818181819
AT1G79620	6.37037037037037
AT1G79630	10.425925925925926
AT1G79640	6.965454545454546
AT1G79650	27.927272727272726
AT1G79660	36.29090909090909
AT1G79670	16.187272727272727
AT1G79680	1.4733333333333332
AT1G79690	36.14545454545455
AT1G79700	16.52909090909091
AT1G79710	9.347272727272728
AT1G79720	23.78363636363636
AT1G79730	34.25454545454546
AT1G79740	15.32909090909091
AT1G79750	127.01818181818182
AT1G79760	3.065454545454546
AT1G79770	2.3020408163265307
AT1G79780	1.5537037037037038
AT1G79790	44.18727272727273
AT1G79800	0.48928571428571427
AT1G79810	18.176363636363636
AT1G79820	8.781818181818181
AT1G79830	64.16363636363636
AT1G79840	7.803703703703703
AT1G79860	13.33529411764706
AT1G79870	70.67272727272727
AT1G79880	14.61111111111111
AT1G79890	1.2333333333333334
AT1G79900	2.7622641509433965
AT1G79910	16.22
AT1G79915	1.8686274509803922
AT1G79920	91.60909090909091
AT1G79930	79.21818181818182
AT1G79940	53.345454545454544
AT1G79950	9.39090909090909
AT1G79970	46.28363636363636
AT1G79980	2.4133333333333336
AT1G79985	29.236363636363638
AT1G79990	54.56363636363636
AT1G80000	25.727272727272727
AT1G80010	18.054545454545455
AT1G80030	45.6
AT1G80040	59.56363636363636
AT1G80050	15.981481481481481
AT1G80060	2.26
AT1G80070	63.00909090909091
AT1G80080	14.574545454545452
AT1G80090	0.3421052631578948
AT1G80100	1.029268292682927
AT1G80110	4.359999999999999
AT1G80120	11.86909090909091
AT1G80130	37.37058823529412
AT1G80133	1.2571428571428573
AT1G80140	0.375
AT1G80150	6.236363636363636
AT1G80160	8.230188679245284
AT1G80170	8.425925925925926
AT1G80180	81.4890909090909
AT1G80190	5.334545454545454
AT1G80200	2.8018518518518523
AT1G80210	17.236363636363638
AT1G80220	0.39999999999999997
AT1G80230	59.58181818181818
AT1G80240	21.168627450980395
AT1G80245	9.537037037037036
AT1G80250	5.966666666666668
AT1G80260	17.630909090909093
AT1G80270	20.74074074074074
AT1G80280	33.09090909090909
AT1G80290	8.785454545454545
AT1G80300	59.20909090909091
AT1G80325	0.28800000000000003
AT1G80330	0.26666666666666666
AT1G80340	3.3199999999999994
AT1G80350	23.472727272727273
AT1G80360	39.45454545454545
AT1G80370	8.924074074074074
AT1G80380	120.0
AT1G80390	0.23461538461538461
AT1G80400	16.833333333333332
AT1G80410	50.64181818181819
AT1G80420	16.7
AT1G80430	0.44999999999999996
AT1G80440	55.838181818181816
AT1G80450	6.2290909090909095
AT1G80460	80.07272727272728
AT1G80470	29.075
AT1G80480	83.16727272727272
AT1G80490	29.563636363636363
AT1G80500	58.0
AT1G80510	11.472727272727273
AT1G80520	4.687037037037038
AT1G80525	0.17500000000000002
AT1G80530	26.419999999999998
AT1G80540	3.285
AT1G80550	12.909090909090908
AT1G80555	0.6270833333333333
AT1G80560	52.62
AT1G80570	4.407547169811321
AT1G80580	0.25
AT1G80590	0.6111111111111112
AT1G80600	95.82000000000001
AT1G80610	11.757407407407406
AT1G80620	28.172727272727272
AT1G80625	0.21875
AT1G80630	7.930909090909091
AT1G80640	26.61111111111111
AT1G80650	18.436363636363637
AT1G80660	9.011904761904763
AT1G80670	27.10909090909091
AT1G80680	20.003636363636364
AT1G80690	11.583333333333334
AT1G80700	5.942592592592592
AT1G80710	3.556363636363636
AT1G80720	9.592592592592593
AT1G80730	1.511764705882353
AT1G80740	0.16785714285714284
AT1G80745	0.9509433962264152
AT1G80750	69.20181818181818
AT1G80760	18.203703703703702
AT1G80770	36.05555555555556
AT1G80780	68.14545454545454
AT1G80790	30.503636363636364
AT1G80810	8.32909090909091
AT1G80820	7.431481481481482
AT1G80830	37.42363636363637
AT1G80840	35.53333333333334
AT1G80850	8.149090909090908
AT1G80860	25.09090909090909
AT1G80865	0.34062499999999996
AT1G80870	13.10909090909091
AT1G80880	2.9927272727272727
AT1G80890	11.732727272727272
AT1G80900	6.907272727272727
AT1G80910	19.618181818181817
AT1G80920	276.8363636363636
AT1G80930	50.64363636363637
AT1G80940	36.42727272727273
AT1G80950	24.436363636363637
AT1G80960	2.7981818181818183
AT1G80970	1.8927272727272726
AT1G80980	4.185185185185185
AT1G80990	0.28
AT2G01008	2.835
AT2G01010	336.82
AT2G01020	56.879629629629626
AT2G01021	26.629032258064516
AT2G01023	1.15
AT2G01045	0.1
AT2G01050	0.3
AT2G01060	39.25636363636364
AT2G01070	23.62962962962963
AT2G01080	18.61111111111111
AT2G01090	26.381818181818183
AT2G01100	53.527272727272724
AT2G01110	83.01818181818182
AT2G01120	8.581818181818182
AT2G01130	10.866666666666665
AT2G01140	188.63636363636363
AT2G01150	19.485454545454548
AT2G01170	25.005454545454544
AT2G01175	0.8
AT2G01180	15.205454545454545
AT2G01190	36.2037037037037
AT2G01200	1.0106382978723405
AT2G01210	2.9666666666666663
AT2G01220	35.09090909090909
AT2G01240	0.8999999999999999
AT2G01250	479.2909090909091
AT2G01260	16.29090909090909
AT2G01270	32.85454545454545
AT2G01275	3.0925925925925926
AT2G01280	0.20434782608695654
AT2G01290	19.918181818181818
AT2G01300	4.337735849056603
AT2G01310	0.395
AT2G01320	28.618181818181817
AT2G01330	8.02909090909091
AT2G01340	9.166666666666666
AT2G01350	66.33272727272728
AT2G01360	0.4
AT2G01370	0.35
AT2G01379	0.3
AT2G01390	3.3629629629629636
AT2G01400	5.4944444444444445
AT2G01410	0.5145833333333334
AT2G01420	47.0
AT2G01422	9.508
AT2G01430	2.736
AT2G01440	13.003636363636364
AT2G01450	131.3090909090909
AT2G01460	11.674545454545456
AT2G01470	49.345454545454544
AT2G01480	12.218181818181819
AT2G01490	58.654545454545456
AT2G01500	1.1285714285714286
AT2G01505	7.516666666666667
AT2G01510	1.6851851851851851
AT2G01520	320.4555555555556
AT2G01530	182.34418604651162
AT2G01540	21.618181818181817
AT2G01554	0.8909090909090908
AT2G01560	0.21999999999999997
AT2G01570	69.44444444444444
AT2G01580	2.748888888888889
AT2G01590	55.898148148148145
AT2G01600	54.07272727272727
AT2G01610	19.409259259259258
AT2G01620	30.581818181818182
AT2G01630	20.527272727272727
AT2G01640	11.814814814814815
AT2G01650	22.87272727272727
AT2G01660	7.329090909090909
AT2G01667	1.6666666666666667
AT2G01670	73.32727272727273
AT2G01680	21.055555555555557
AT2G01690	27.454545454545453
AT2G01710	29.112727272727273
AT2G01720	72.71636363636364
AT2G01730	1.561818181818182
AT2G01735	14.394545454545455
AT2G01740	2.9703703703703703
AT2G01750	7.59074074074074
AT2G01760	10.07777777777778
AT2G01770	0.7387096774193548
AT2G01780	0.4000000000000001
AT2G01790	0.18333333333333335
AT2G01800	0.3666666666666667
AT2G01810	0.23703703703703705
AT2G01818	4.95925925925926
AT2G01820	56.25636363636364
AT2G01830	12.856363636363637
AT2G01850	102.07407407407408
AT2G01860	6.951851851851852
AT2G01870	8.33148148148148
AT2G01880	8.031578947368422
AT2G01890	20.524074074074072
AT2G01900	4.874418604651163
AT2G01905	0.5791666666666667
AT2G01910	30.64814814814815
AT2G01913	6.779999999999999
AT2G01918	14.362
AT2G01920	0.7374999999999999
AT2G01930	22.363636363636363
AT2G01940	5.496296296296297
AT2G01950	14.018518518518519
AT2G01960	0.28
AT2G01970	62.018181818181816
AT2G01980	9.646296296296295
AT2G01990	11.246296296296295
AT2G02000	0.6583333333333333
AT2G02010	6.44
AT2G02020	7.440740740740741
AT2G02023	0.6599999999999999
AT2G02026	1.075
AT2G02030	0.19999999999999998
AT2G02040	38.68
AT2G02050	136.2
AT2G02060	5.787037037037037
AT2G02061	0.6780000000000002
AT2G02070	35.03703703703704
AT2G02080	23.72222222222222
AT2G02090	23.30909090909091
AT2G02100	468.71090909090907
AT2G02103	0.3333333333333333
AT2G02120	18.890384615384615
AT2G02130	312.8381818181818
AT2G02140	197.66666666666666
AT2G02147	1.0625
AT2G02148	6.7290909090909095
AT2G02150	3.288888888888889
AT2G02160	81.12727272727273
AT2G02170	17.498181818181816
AT2G02180	47.14545454545455
AT2G02220	14.25925925925926
AT2G02230	14.181818181818182
AT2G02240	1.0000000000000002
AT2G02250	0.49
AT2G02280	0.6
AT2G02290	0.7
AT2G02300	1.1343750000000001
AT2G02310	0.7967741935483872
AT2G02320	0.1875
AT2G02340	0.27
AT2G02350	2.714545454545455
AT2G02360	23.40181818181818
AT2G02370	7.907407407407407
AT2G02380	1.591489361702128
AT2G02390	58.38545454545454
AT2G02400	16.145454545454545
AT2G02410	12.962962962962964
AT2G02440	0.6333333333333333
AT2G02450	9.894444444444444
AT2G02455	0.19333333333333336
AT2G02470	28.672727272727272
AT2G02480	9.489090909090908
AT2G02490	0.3333333333333333
AT2G02497	0.2571428571428572
AT2G02498	0.19999999999999998
AT2G02500	23.62181818181818
AT2G02510	85.45454545454545
AT2G02515	0.7875000000000001
AT2G02520	0.30000000000000004
AT2G02525	0.9125
AT2G02540	3.324074074074074
AT2G02550	0.3333333333333333
AT2G02560	26.665454545454544
AT2G02570	67.83636363636364
AT2G02580	0.4115384615384615
AT2G02590	8.768518518518519
AT2G02610	1.762857142857143
AT2G02620	0.7333333333333334
AT2G02630	2.103225806451613
AT2G02640	0.16153846153846155
AT2G02650	0.17500000000000002
AT2G02660	0.5666666666666667
AT2G02680	5.194444444444445
AT2G02690	0.684
AT2G02695	1.0
AT2G02700	0.3739130434782609
AT2G02710	43.50363636363636
AT2G02720	35.65625
AT2G02730	12.078181818181818
AT2G02740	28.314814814814813
AT2G02750	0.829090909090909
AT2G02760	93.07272727272728
AT2G02765	9.076363636363636
AT2G02770	0.175
AT2G02780	13.494444444444445
AT2G02790	15.903636363636364
AT2G02795	0.13999999999999999
AT2G02800	41.129629629629626
AT2G02810	22.454545454545453
AT2G02820	7.945454545454545
AT2G02835	0.4923076923076923
AT2G02840	0.23999999999999996
AT2G02850	23.29056603773585
AT2G02860	17.854545454545455
AT2G02870	25.527272727272727
AT2G02880	7.92909090909091
AT2G02890	0.39999999999999997
AT2G02900	1.15
AT2G02910	10.394545454545455
AT2G02930	6.9079999999999995
AT2G02950	12.141818181818183
AT2G02955	4.6054545454545455
AT2G02960	39.6
AT2G02970	39.49090909090909
AT2G02980	4.1462962962962955
AT2G02990	26.546000000000003
AT2G03000	0.19999999999999998
AT2G03010	2.774545454545455
AT2G03020	0.6574468085106383
AT2G03040	0.43333333333333335
AT2G03050	7.909090909090909
AT2G03060	8.505454545454544
AT2G03070	16.30727272727273
AT2G03090	48.53703703703704
AT2G03110	0.9098039215686274
AT2G03120	73.07272727272728
AT2G03130	0.645
AT2G03140	10.647272727272728
AT2G03150	25.12727272727273
AT2G03160	0.275
AT2G03170	0.8600000000000001
AT2G03180	0.4
AT2G03190	0.17500000000000002
AT2G03200	11.696296296296296
AT2G03210	0.6058823529411765
AT2G03220	18.01851851851852
AT2G03240	18.5
AT2G03250	1.3416666666666668
AT2G03260	0.9851851851851853
AT2G03270	9.290909090909091
AT2G03280	6.638888888888889
AT2G03290	0.43124999999999997
AT2G03300	0.13333333333333333
AT2G03310	33.148148148148145
AT2G03320	0.6875
AT2G03330	10.685185185185185
AT2G03340	27.59259259259259
AT2G03350	53.021818181818176
AT2G03360	1.8666666666666667
AT2G03370	1.2666666666666666
AT2G03380	1.7327272727272727
AT2G03390	52.50909090909091
AT2G03410	0.23055555555555557
AT2G03430	16.12727272727273
AT2G03440	139.6727272727273
AT2G03445	20.000000000000004
AT2G03450	6.7309090909090905
AT2G03460	0.1375
AT2G03470	36.74545454545454
AT2G03480	11.472727272727273
AT2G03500	4.462962962962963
AT2G03505	4.316666666666666
AT2G03510	47.61818181818182
AT2G03520	1.7903225806451613
AT2G03530	11.989090909090908
AT2G03550	44.303999999999995
AT2G03560	0.19166666666666665
AT2G03565	0.36
AT2G03567	0.26666666666666666
AT2G03570	0.19999999999999998
AT2G03580	0.3375
AT2G03590	2.369811320754717
AT2G03600	0.36428571428571427
AT2G03610	0.36
AT2G03620	8.645454545454545
AT2G03630	1.0999999999999999
AT2G03640	43.53636363636364
AT2G03660	17.95
AT2G03667	7.565454545454545
AT2G03670	5.420000000000001
AT2G03680	150.55090909090907
AT2G03690	21.490909090909092
AT2G03700	0.3
AT2G03710	11.86111111111111
AT2G03720	8.167741935483871
AT2G03730	28.672727272727272
AT2G03740	2.309090909090909
AT2G03750	36.056603773584904
AT2G03760	31.0
AT2G03770	0.35
AT2G03780	21.314814814814813
AT2G03790	2.0
AT2G03800	15.31090909090909
AT2G03810	9.069090909090908
AT2G03820	61.018181818181816
AT2G03821	0.2935483870967742
AT2G03822	0.7166666666666668
AT2G03830	1.653125
AT2G03840	10.242857142857144
AT2G03850	2.108108108108108
AT2G03870	59.00181818181818
AT2G03880	0.9907407407407407
AT2G03885	0.3666666666666667
AT2G03890	52.46
AT2G03913	1.65
AT2G03930	0.35
AT2G03932	0.7
AT2G03933	1.3
AT2G03936	0.5
AT2G03937	0.8500000000000001
AT2G03955	1.225
AT2G03965	0.18
AT2G03980	22.6
AT2G04005	0.6285714285714287
AT2G04015	0.3
AT2G04020	0.6909090909090909
AT2G04025	3.223333333333333
AT2G04030	194.36727272727273
AT2G04031	0.5750000000000001
AT2G04032	3.8204081632653066
AT2G04034	2.0
AT2G04037	1.02
AT2G04038	0.9366666666666669
AT2G04039	53.596296296296295
AT2G04040	3.95
AT2G04041	0.8333333333333334
AT2G04045	1.2799999999999998
AT2G04046	2.25
AT2G04050	4.2272727272727275
AT2G04060	0.2333333333333333
AT2G04062	0.1
AT2G04063	0.4000000000000001
AT2G04065	0.6628571428571428
AT2G04066	0.3125
AT2G04070	1.6522727272727271
AT2G04080	8.655555555555555
AT2G04090	2.632432432432432
AT2G04095	0.35
AT2G04100	4.911764705882353
AT2G04115	102.19
AT2G04137	0.525
AT2G04145	0.21428571428571427
AT2G04160	33.68518518518518
AT2G04170	11.048148148148146
AT2G04175	0.5
AT2G04185	0.44999999999999996
AT2G04190	0.9190476190476191
AT2G04195	0.65
AT2G04205	0.3888888888888889
AT2G04220	7.800000000000001
AT2G04225	0.85
AT2G04230	13.076363636363638
AT2G04235	3.4654545454545453
AT2G04240	22.074545454545454
AT2G04255	0.5
AT2G04265	0.2
AT2G04270	13.87037037037037
AT2G04280	0.7240000000000001
AT2G04285	0.26666666666666666
AT2G04300	0.6
AT2G04305	16.327272727272728
AT2G04315	0.5
AT2G04325	0.16666666666666666
AT2G04335	0.25
AT2G04340	23.396363636363635
AT2G04345	0.26666666666666666
AT2G04350	36.594545454545454
AT2G04360	41.019999999999996
AT2G04365	0.32
AT2G04378	19.025454545454547
AT2G04390	99.32727272727273
AT2G04395	0.3463414634146341
AT2G04400	64.8
AT2G04405	0.3
AT2G04410	163.74545454545455
AT2G04420	0.3638888888888888
AT2G04425	0.65
AT2G04430	5.823636363636362
AT2G04435	0.32857142857142857
AT2G04440	0.2583333333333333
AT2G04450	8.412727272727274
AT2G04465	0.3333333333333333
AT2G04480	0.7962962962962963
AT2G04495	4.58125
AT2G04500	0.8
AT2G04505	0.5
AT2G04515	1.285294117647059
AT2G04520	151.61818181818182
AT2G04525	0.15000000000000002
AT2G04530	23.0
AT2G04535	0.195
AT2G04540	14.24181818181818
AT2G04550	23.327272727272728
AT2G04555	1.7425000000000002
AT2G04560	4.0777777777777775
AT2G04570	27.853846153846156
AT2G04595	0.55
AT2G04605	0.39999999999999997
AT2G04615	0.1
AT2G04620	6.257407407407407
AT2G04622	1.0
AT2G04630	65.2909090909091
AT2G04645	3.1
AT2G04650	8.054545454545455
AT2G04660	7.162962962962963
AT2G04665	1.0
AT2G04675	8.1
AT2G04680	1.8441176470588236
AT2G04685	0.3
AT2G04690	43.2962962962963
AT2G04695	0.2
AT2G04700	143.90740740740742
AT2G04705	0.3
AT2G04715	0.5578947368421052
AT2G04725	0.26153846153846155
AT2G04735	0.6
AT2G04740	11.47090909090909
AT2G04745	0.4666666666666666
AT2G04750	0.6
AT2G04765	0.35
AT2G04775	0.275
AT2G04780	72.70370370370371
AT2G04790	13.779629629629628
AT2G04795	10.433333333333334
AT2G04800	11.560416666666667
AT2G04805	8.165217391304349
AT2G04810	0.3
AT2G04815	0.7
AT2G04830	0.35
AT2G04840	0.3
AT2G04842	71.55555555555556
AT2G04845	12.925925925925926
AT2G04850	7.874074074074074
AT2G04852	0.82
AT2G04855	0.4
AT2G04860	2.667924528301887
AT2G04865	17.381818181818183
AT2G04870	0.9
AT2G04875	9.233333333333333
AT2G04880	28.98363636363636
AT2G04885	0.35555555555555557
AT2G04890	8.907407407407407
AT2G04895	0.4666666666666666
AT2G04900	42.872727272727275
AT2G04905	0.3
AT2G04910	1.4777777777777779
AT2G04915	0.5
AT2G04920	0.8
AT2G04925	2.72
AT2G04930	0.2
AT2G04935	1.0
AT2G04940	14.527272727272727
AT2G04945	0.25
AT2G04955	67.82777777777777
AT2G04965	525.1111111111111
AT2G04975	0.43333333333333335
AT2G05005	0.4
AT2G05015	0.6666666666666666
AT2G05035	0.8
AT2G05045	1.5450000000000002
AT2G05050	0.1
AT2G05060	0.5
AT2G05070	1226.2381818181818
AT2G05075	11.363636363636363
AT2G05095	0.35714285714285715
AT2G05100	1235.2222222222222
AT2G05105	0.1
AT2G05117	0.5
AT2G05120	8.407407407407407
AT2G05125	0.6000000000000001
AT2G05140	0.18
AT2G05155	0.34
AT2G05160	5.043636363636363
AT2G05170	25.78181818181818
AT2G05180	1.0317073170731708
AT2G05185	0.8404761904761906
AT2G05205	0.4925925925925925
AT2G05210	12.416363636363636
AT2G05215	0.8377358490566039
AT2G05220	138.9090909090909
AT2G05230	0.18055555555555552
AT2G05250	0.2571428571428572
AT2G05260	13.309090909090909
AT2G05270	0.5666666666666667
AT2G05310	146.7037037037037
AT2G05315	1.0
AT2G05320	14.333333333333334
AT2G05330	0.5166666666666667
AT2G05335	0.6333333333333333
AT2G05350	0.23636363636363636
AT2G05360	0.45
AT2G05365	0.7
AT2G05370	0.4789473684210526
AT2G05380	885.074074074074
AT2G05395	0.8666666666666666
AT2G05400	0.7285714285714285
AT2G05410	0.3333333333333333
AT2G05415	0.6333333333333334
AT2G05420	0.18571428571428572
AT2G05425	0.2
AT2G05430	0.30625
AT2G05440	940.828
AT2G05445	0.3
AT2G05455	2.35
AT2G05485	0.2
AT2G05495	1.0
AT2G05505	0.2529411764705883
AT2G05510	146.23947368421054
AT2G05515	0.24444444444444446
AT2G05518	5.801851851851852
AT2G05520	1232.3927272727274
AT2G05530	0.5684210526315789
AT2G05535	0.6
AT2G05540	159.49056603773585
AT2G05545	0.3
AT2G05555	0.24285714285714285
AT2G05565	1.0
AT2G05580	1.0736842105263158
AT2G05585	0.1
AT2G05590	16.745454545454546
AT2G05600	0.5
AT2G05605	0.2
AT2G05620	135.85454545454544
AT2G05625	0.44999999999999996
AT2G05630	34.236363636363635
AT2G05632	8.11320754716981
AT2G05635	0.2875
AT2G05642	0.225
AT2G05645	0.7
AT2G05655	0.5629629629629629
AT2G05665	1.258139534883721
AT2G05675	0.4416666666666667
AT2G05695	1.0642857142857143
AT2G05705	1.0935483870967742
AT2G05710	172.92727272727274
AT2G05720	0.25
AT2G05725	0.42000000000000004
AT2G05752	0.6
AT2G05753	0.4869565217391304
AT2G05755	8.256363636363636
AT2G05760	5.979629629629629
AT2G05765	32.34905660377358
AT2G05785	0.6931034482758621
AT2G05786	1.0
AT2G05790	97.79629629629629
AT2G05810	0.3708333333333334
AT2G05812	0.37
AT2G05815	2.3041666666666667
AT2G05825	0.4026315789473684
AT2G05830	48.62
AT2G05840	82.96363636363637
AT2G05850	107.28333333333335
AT2G05855	0.44999999999999996
AT2G05875	0.39999999999999997
AT2G05885	0.2
AT2G05895	3.9909090909090907
AT2G05900	0.5
AT2G05905	0.3
AT2G05910	2.9754716981132074
AT2G05914	0.6384615384615384
AT2G05920	94.22222222222223
AT2G05925	0.5
AT2G05940	27.333333333333332
AT2G05965	0.5
AT2G05970	0.5
AT2G05990	133.72181818181818
AT2G05995	1.7391304347826086
AT2G06000	9.351851851851851
AT2G06002	2.4391304347826086
AT2G06005	6.036363636363636
AT2G06010	21.583636363636362
AT2G06020	0.10000000000000002
AT2G06025	39.07636363636363
AT2G06035	0.35
AT2G06040	6.5636363636363635
AT2G06050	105.0
AT2G06065	0.5
AT2G06075	0.35
AT2G06090	1.1400000000000001
AT2G06095	0.1
AT2G06105	0.55
AT2G06166	0.8
AT2G06175	0.45
AT2G06185	6.92
AT2G06200	2.827083333333333
AT2G06210	21.965454545454545
AT2G06215	0.9975609756097561
AT2G06225	0.28666666666666674
AT2G06255	4.736363636363636
AT2G06265	0.1
AT2G06275	0.3
AT2G06305	0.9
AT2G06315	0.5333333333333333
AT2G06345	1.6829268292682926
AT2G06355	11.865714285714285
AT2G06365	0.49285714285714277
AT2G06375	0.15000000000000002
AT2G06385	0.43333333333333335
AT2G06395	0.2833333333333334
AT2G06415	0.43333333333333335
AT2G06420	0.4
AT2G06425	0.5
AT2G06435	0.2636363636363636
AT2G06445	0.2333333333333333
AT2G06475	0.4666666666666666
AT2G06485	0.5625
AT2G06495	0.4
AT2G06500	0.4
AT2G06505	0.3
AT2G06510	9.505454545454544
AT2G06515	0.4333333333333333
AT2G06520	2559.2363636363634
AT2G06530	77.65454545454546
AT2G06535	55.98
AT2G06541	0.4
AT2G06555	0.38
AT2G06562	0.45
AT2G06565	0.85
AT2G06570	0.9
AT2G06575	0.8666666666666666
AT2G06585	0.3
AT2G06595	0.6
AT2G06605	0.4235294117647059
AT2G06625	0.4
AT2G06635	0.725
AT2G06645	0.5
AT2G06675	0.8
AT2G06685	0.1
AT2G06695	1.7000000000000002
AT2G06705	0.5333333333333333
AT2G06725	0.30000000000000004
AT2G06755	0.6
AT2G06765	0.8634146341463415
AT2G06785	0.25
AT2G06795	0.3333333333333333
AT2G06805	0.8
AT2G06815	0.2333333333333333
AT2G06835	2.3058823529411763
AT2G06845	1.8166666666666664
AT2G06850	288.0
AT2G06904	1.0
AT2G06905	0.6230769230769232
AT2G06906	0.6
AT2G06908	1.0
AT2G06925	39.074074074074076
AT2G06935	0.8733333333333332
AT2G06945	0.6125
AT2G06955	2.766666666666667
AT2G06960	0.3
AT2G06975	0.3
AT2G06983	6.28
AT2G06990	16.990909090909092
AT2G06995	2.7254545454545456
AT2G07000	0.38823529411764707
AT2G07005	0.5666666666666667
AT2G07020	0.2333333333333333
AT2G07025	0.22000000000000003
AT2G07035	0.25
AT2G07040	204.97777777777776
AT2G07042	4.035185185185186
AT2G07045	0.3166666666666667
AT2G07050	56.81818181818182
AT2G07055	0.38
AT2G07085	0.65
AT2G07095	0.5
AT2G07110	0.1
AT2G07115	0.4
AT2G07120	0.4
AT2G07135	1.3
AT2G07140	0.15833333333333335
AT2G07170	6.781818181818182
AT2G07180	68.76363636363637
AT2G07190	0.5
AT2G07195	0.75
AT2G07200	0.7
AT2G07205	0.78
AT2G07213	0.14285714285714285
AT2G07215	0.1
AT2G07225	4.433333333333334
AT2G07240	0.3333333333333333
AT2G07245	0.4466666666666666
AT2G07255	0.5
AT2G07265	0.47200000000000003
AT2G07280	0.4
AT2G07290	0.15000000000000002
AT2G07295	0.43333333333333335
AT2G07310	0.4
AT2G07335	0.1
AT2G07340	42.58909090909091
AT2G07345	1.7325581395348837
AT2G07355	0.6142857142857142
AT2G07360	41.472727272727276
AT2G07375	0.44999999999999996
AT2G07385	0.15000000000000002
AT2G07405	0.3666666666666667
AT2G07425	0.4588235294117647
AT2G07435	2.642857142857143
AT2G07440	0.75
AT2G07445	0.6599999999999999
AT2G07475	0.12
AT2G07485	0.4533333333333333
AT2G07505	0.5
AT2G07525	0.22000000000000003
AT2G07535	0.4
AT2G07545	0.5750000000000001
AT2G07555	0.26666666666666666
AT2G07560	39.371428571428574
AT2G07565	0.3333333333333333
AT2G07575	0.6500000000000001
AT2G07585	0.6680851063829788
AT2G07599	0.255
AT2G07605	86.8921052631579
AT2G07615	13.610714285714284
AT2G07621	0.27142857142857146
AT2G07627	0.7749999999999999
AT2G07629	1.644736842105263
AT2G07631	0.6000000000000001
AT2G07633	0.15
AT2G07634	0.9
AT2G07637	0.8
AT2G07638	1.373469387755102
AT2G07640	0.88125
AT2G07641	0.27142857142857146
AT2G07642	5.277777777777778
AT2G07643	0.27499999999999997
AT2G07644	0.4727272727272727
AT2G07645	0.2333333333333333
AT2G07646	0.4
AT2G07648	0.45
AT2G07652	0.16666666666666666
AT2G07654	0.3
AT2G07655	0.8
AT2G07656	0.52
AT2G07659	0.3076923076923077
AT2G07662	1.3743589743589741
AT2G07665	0.827777777777778
AT2G07667	0.27741935483870966
AT2G07669	0.3
AT2G07671	7.628571428571428
AT2G07673	0.5
AT2G07674	0.3571428571428572
AT2G07675	1.6357142857142857
AT2G07676	0.49375
AT2G07678	0.18749999999999997
AT2G07680	6.1462962962962955
AT2G07681	0.23333333333333334
AT2G07684	0.5
AT2G07687	0.9
AT2G07689	1.442857142857143
AT2G07690	18.21818181818182
AT2G07695	0.4678571428571429
AT2G07696	0.46666666666666673
AT2G07698	2.0057692307692307
AT2G07706	0.175
AT2G07714	0.45999999999999996
AT2G07715	1.3960784313725487
AT2G07718	0.1
AT2G07719	0.1
AT2G07721	0.3
AT2G07722	0.26
AT2G07725	0.24
AT2G07727	0.41818181818181815
AT2G07728	0.21000000000000002
AT2G07732	2.5166666666666666
AT2G07738	0.4125
AT2G07739	0.5702702702702703
AT2G07741	0.2
AT2G07748	5.0
AT2G07750	0.26000000000000006
AT2G07751	0.7759999999999999
AT2G07754	12.0
AT2G07760	0.45
AT2G07763	1.5
AT2G07765	1.6500000000000001
AT2G07768	0.44000000000000006
AT2G07772	0.1
AT2G07773	0.1
AT2G07774	1.144736842105263
AT2G07775	0.35714285714285715
AT2G07777	0.16666666666666666
AT2G07779	0.22999999999999998
AT2G07785	0.15000000000000002
AT2G07787	0.2866666666666667
AT2G07792	1.4
AT2G07795	0.30000000000000004
AT2G07798	0.2
AT2G07800	0.4
AT2G07806	0.19999999999999998
AT2G07810	0.6
AT2G07815	0.2
AT2G07827	0.4555555555555555
AT2G07835	0.3652173913043478
AT2G07840	0.9
AT2G07845	0.13333333333333333
AT2G07855	0.44999999999999996
AT2G07860	0.44999999999999996
AT2G07875	2.595555555555556
AT2G07885	0.65
AT2G07890	0.3666666666666667
AT2G07895	0.55
AT2G07900	0.15000000000000002
AT2G07925	0.25
AT2G07940	0.3
AT2G07945	0.1
AT2G07950	0.6805555555555556
AT2G07960	0.9
AT2G07970	0.5
AT2G07975	0.5
AT2G07981	12.0
AT2G07985	0.3
AT2G07990	0.5333333333333333
AT2G07995	0.3
AT2G08005	0.24999999999999997
AT2G08015	0.5333333333333333
AT2G08025	0.37037037037037035
AT2G08035	0.2
AT2G08045	0.39999999999999997
AT2G08050	0.3333333333333333
AT2G08055	0.43333333333333335
AT2G08085	0.8
AT2G08095	0.33
AT2G08100	4.306451612903226
AT2G08105	0.25
AT2G08120	0.6117647058823529
AT2G08125	0.6000000000000001
AT2G08130	1.0206896551724138
AT2G08135	0.42000000000000004
AT2G08150	0.375
AT2G08160	0.5
AT2G08165	0.25
AT2G08175	0.26666666666666666
AT2G08190	0.82
AT2G08205	0.5857142857142856
AT2G08210	0.8
AT2G08215	0.5666666666666667
AT2G08220	2.00625
AT2G08230	0.1
AT2G08255	0.2857142857142857
AT2G08270	0.4
AT2G08275	0.7333333333333334
AT2G08280	0.15000000000000002
AT2G08285	0.4
AT2G08290	0.46923076923076923
AT2G08295	0.5692307692307692
AT2G08300	0.22999999999999998
AT2G08305	0.5
AT2G08315	0.3
AT2G08320	0.42000000000000004
AT2G08335	0.41000000000000003
AT2G08340	0.7642857142857142
AT2G08345	0.1
AT2G08350	0.8958333333333334
AT2G08355	0.5285714285714286
AT2G08360	0.30000000000000004
AT2G08365	2.0
AT2G08370	51.1375
AT2G08375	50.654545454545456
AT2G08380	0.30000000000000004
AT2G08390	107.42857142857143
AT2G08395	0.39999999999999997
AT2G08400	0.5
AT2G08410	0.6
AT2G08415	0.6
AT2G08430	0.4666666666666667
AT2G08435	1.3745098039215684
AT2G08440	0.8147058823529412
AT2G08445	0.7914285714285713
AT2G08450	0.6970588235294118
AT2G08455	0.13333333333333333
AT2G08465	0.2333333333333333
AT2G08485	0.25
AT2G08490	0.25
AT2G08505	0.4461538461538461
AT2G08515	0.3
AT2G08530	0.9037037037037037
AT2G08540	0.3
AT2G08545	0.6916666666666668
AT2G08550	0.7
AT2G08555	0.9235294117647059
AT2G08565	0.6
AT2G08575	0.8795918367346938
AT2G08580	3.67906976744186
AT2G08585	2.8352941176470585
AT2G08590	0.55
AT2G08610	9.894444444444444
AT2G08625	0.3
AT2G08630	0.4
AT2G08635	0.30500000000000005
AT2G08645	0.34
AT2G08650	0.9051282051282052
AT2G08670	0.2
AT2G08675	0.2
AT2G08680	1.3416666666666666
AT2G08710	0.36
AT2G08715	0.26666666666666666
AT2G08720	1.1
AT2G08725	34.23793103448276
AT2G08735	2.3765957446808508
AT2G08740	0.425
AT2G08755	5.931111111111111
AT2G08760	41.19615384615384
AT2G08765	101.81481481481481
AT2G08775	0.11666666666666665
AT2G08790	0.5666666666666667
AT2G08795	0.71
AT2G08800	0.2888888888888889
AT2G08815	0.3833333333333333
AT2G08820	9.200000000000001
AT2G08825	7.66875
AT2G08830	0.225
AT2G08835	0.48333333333333334
AT2G08845	0.7999999999999999
AT2G08850	0.25
AT2G08865	1.6462962962962964
AT2G08870	0.43333333333333335
AT2G08875	0.8
AT2G08885	0.25
AT2G08890	0.55
AT2G08895	0.9
AT2G08900	9.5
AT2G08905	3.1749999999999994
AT2G08910	11.407142857142858
AT2G08915	0.3
AT2G08925	0.7
AT2G08930	0.3
AT2G08935	0.52
AT2G08945	0.4000000000000001
AT2G08950	1.2888888888888888
AT2G08955	0.3
AT2G08965	1.1625
AT2G08975	0.4000000000000001
AT2G08980	0.5666666666666667
AT2G08985	0.3
AT2G08986	7.1
AT2G08990	0.2777777777777778
AT2G08995	0.6
AT2G09005	0.3333333333333333
AT2G09010	2.4583333333333335
AT2G09025	0.6285714285714286
AT2G09035	0.48333333333333334
AT2G09040	0.2
AT2G09045	0.45
AT2G09050	0.20000000000000004
AT2G09060	0.1
AT2G09075	0.15000000000000002
AT2G09085	0.43529411764705883
AT2G09090	0.45714285714285713
AT2G09095	0.6
AT2G09100	1.0
AT2G09105	0.2
AT2G09110	0.4
AT2G09120	0.1
AT2G09125	1.1
AT2G09135	0.2
AT2G09150	0.9714285714285714
AT2G09155	1.0
AT2G09165	0.6784313725490196
AT2G09170	2.132608695652174
AT2G09185	0.1
AT2G09190	2.535185185185185
AT2G09195	0.6818181818181818
AT2G09200	0.2875
AT2G09205	0.3625
AT2G09210	0.16666666666666666
AT2G09225	2.01
AT2G09235	0.35000000000000003
AT2G09245	1.0
AT2G09255	0.4
AT2G09260	0.6
AT2G09265	0.5666666666666668
AT2G09270	0.25
AT2G09285	0.5
AT2G09290	0.275
AT2G09295	0.4333333333333333
AT2G09305	0.6
AT2G09315	0.4
AT2G09320	0.38
AT2G09330	0.26666666666666666
AT2G09345	0.4714285714285715
AT2G09360	0.35
AT2G09365	0.43333333333333335
AT2G09375	0.6
AT2G09380	0.45
AT2G09388	0.3
AT2G09390	0.4
AT2G09400	0.96
AT2G09405	0.3
AT2G09410	0.7333333333333334
AT2G09415	0.3
AT2G09420	0.8166666666666668
AT2G09425	0.7088235294117647
AT2G09430	0.42857142857142855
AT2G09440	0.35945945945945945
AT2G09445	0.6
AT2G09450	0.3
AT2G09455	1.18
AT2G09475	0.5272727272727272
AT2G09480	0.3
AT2G09490	1.9210526315789473
AT2G09495	0.786111111111111
AT2G09500	0.5851851851851853
AT2G09510	0.5806451612903226
AT2G09515	0.5249999999999999
AT2G09525	1.047826086956522
AT2G09530	0.325
AT2G09540	0.4666666666666666
AT2G09550	0.475
AT2G09555	0.2333333333333333
AT2G09560	0.4166666666666667
AT2G09565	0.3875
AT2G09575	0.27
AT2G09590	0.2
AT2G09615	0.4125
AT2G09640	0.1
AT2G09650	0.3499999999999999
AT2G09655	0.4
AT2G09665	0.16666666666666666
AT2G09675	0.74
AT2G09705	14.253846153846153
AT2G09710	2.9132075471698107
AT2G09715	5.26
AT2G09720	0.35
AT2G09725	0.9333333333333333
AT2G09730	0.39999999999999997
AT2G09745	1.5638297872340425
AT2G09750	0.6166666666666666
AT2G09760	0.2625
AT2G09765	1.0
AT2G09770	0.5
AT2G09775	0.4
AT2G09795	7.487272727272727
AT2G09805	0.15000000000000002
AT2G09815	2.033333333333333
AT2G09825	0.7
AT2G09835	0.7636363636363637
AT2G09838	1.0
AT2G09840	1.0
AT2G09845	0.5285714285714286
AT2G09875	0.6749999999999999
AT2G09885	0.5
AT2G09915	0.5
AT2G09925	0.9466666666666668
AT2G09955	0.5
AT2G09970	0.19999999999999998
AT2G09990	90.89636363636365
AT2G09995	2.56875
AT2G10020	0.3
AT2G10025	0.2
AT2G10260	0.35
AT2G10440	0.14285714285714285
AT2G10450	0.5176470588235295
AT2G10455	0.6666666666666666
AT2G10535	0.44999999999999996
AT2G10537	0.425
AT2G10545	0.5
AT2G10550	0.55
AT2G10553	0.325
AT2G10556	0.4
AT2G10560	0.3
AT2G10602	0.4
AT2G10606	1.6285714285714286
AT2G10608	0.3733333333333333
AT2G10615	0.25
AT2G10625	0.27499999999999997
AT2G10920	0.7777777777777778
AT2G10921	0.2833333333333334
AT2G10930	1.1596153846153845
AT2G10931	5.453703703703703
AT2G10940	906.3788461538461
AT2G10950	16.86
AT2G10965	0.1
AT2G10970	23.416666666666668
AT2G10975	0.26842105263157895
AT2G11000	13.672727272727272
AT2G11005	0.34
AT2G11010	0.5
AT2G11015	0.3
AT2G11035	3.796363636363636
AT2G11045	0.8
AT2G11200	0.4
AT2G11205	0.8800000000000001
AT2G11215	74.22641509433963
AT2G11225	165.63636363636363
AT2G11270	0.8476190476190478
AT2G11405	1.1400000000000001
AT2G11462	0.7
AT2G11520	21.537037037037038
AT2G11522	1.0555555555555556
AT2G11570	0.9600000000000002
AT2G11620	0.4678571428571429
AT2G11623	0.6
AT2G11626	0.9
AT2G11773	1.0
AT2G11810	3.4854545454545454
AT2G11815	0.5771428571428571
AT2G11851	0.38333333333333336
AT2G11890	82.74074074074075
AT2G11891	3.479591836734694
AT2G11910	146.2018181818182
AT2G12170	3.8803921568627446
AT2G12190	2.0634615384615382
AT2G12200	0.6
AT2G12205	0.75
AT2G12280	0.21000000000000002
AT2G12290	0.3
AT2G12400	26.80727272727273
AT2G12405	1.2
AT2G12461	24.927272727272726
AT2G12462	22.894545454545455
AT2G12465	1.3125
AT2G12475	4.64
AT2G12480	9.224324324324323
AT2G12550	8.62962962962963
AT2G12646	5.428571428571429
AT2G12875	0.5
AT2G12880	0.2
AT2G12900	0.22000000000000003
AT2G12905	3.5
AT2G12935	0.2333333333333333
AT2G12940	0.30000000000000004
AT2G12945	2.0
AT2G13100	19.436363636363637
AT2G13105	0.225
AT2G13125	0.45
AT2G13126	0.4
AT2G13150	0.7
AT2G13275	0.26
AT2G13290	10.818181818181818
AT2G13295	0.2
AT2G13350	116.24444444444445
AT2G13360	812.5872727272728
AT2G13370	18.836363636363636
AT2G13422	1.9000000000000001
AT2G13430	0.723076923076923
AT2G13440	23.765454545454542
AT2G13450	0.30000000000000004
AT2G13463	0.6583333333333333
AT2G13500	0.4
AT2G13510	0.35
AT2G13540	25.587272727272726
AT2G13542	0.9
AT2G13547	0.9800000000000001
AT2G13550	4.525925925925925
AT2G13560	116.62
AT2G13570	6.279591836734692
AT2G13600	3.132727272727273
AT2G13610	13.205555555555554
AT2G13620	10.471428571428572
AT2G13630	0.5
AT2G13640	0.28750000000000003
AT2G13650	13.462962962962964
AT2G13665	0.4066666666666666
AT2G13680	3.5760869565217384
AT2G13690	11.796296296296296
AT2G13720	0.5
AT2G13760	0.7999999999999998
AT2G13770	0.17500000000000002
AT2G13790	19.39090909090909
AT2G13800	5.148148148148148
AT2G13810	3.2914893617021272
AT2G13820	22.12962962962963
AT2G13840	9.274545454545455
AT2G13845	0.7000000000000001
AT2G13895	0.7
AT2G13900	0.25
AT2G13950	0.5
AT2G13960	0.8222222222222222
AT2G13965	32.78181818181818
AT2G13980	0.3333333333333333
AT2G13985	0.6
AT2G14000	0.8
AT2G14045	33.20545454545454
AT2G14050	4.079999999999999
AT2G14060	0.6124999999999999
AT2G14070	0.34102564102564104
AT2G14080	13.445283018867926
AT2G14095	2.1083333333333334
AT2G14100	6.141463414634146
AT2G14110	11.218181818181819
AT2G14115	4.363636363636363
AT2G14120	32.61636363636364
AT2G14160	0.7296296296296296
AT2G14170	49.458181818181814
AT2G14210	1.5210526315789474
AT2G14247	16.109615384615385
AT2G14255	24.59259259259259
AT2G14260	36.74545454545454
AT2G14265	4.075
AT2G14270	0.20000000000000004
AT2G14282	47.1
AT2G14285	37.49272727272727
AT2G14288	0.45
AT2G14289	1.0
AT2G14290	0.82
AT2G14365	1.4666666666666668
AT2G14378	2.8333333333333335
AT2G14390	0.9
AT2G14395	0.7
AT2G14440	0.23333333333333336
AT2G14460	23.64
AT2G14500	0.39999999999999997
AT2G14510	1.6961538461538461
AT2G14520	6.107407407407407
AT2G14530	14.563636363636364
AT2G14540	0.9
AT2G14560	99.17727272727274
AT2G14580	6.119999999999999
AT2G14610	91.97368421052632
AT2G14620	2.5226415094339627
AT2G14635	0.25
AT2G14660	14.444444444444445
AT2G14670	0.3
AT2G14680	12.398181818181818
AT2G14690	0.15
AT2G14692	0.35714285714285715
AT2G14695	0.26666666666666666
AT2G14700	0.30000000000000004
AT2G14710	0.26666666666666666
AT2G14720	51.00363636363636
AT2G14740	25.444444444444443
AT2G14750	88.54545454545455
AT2G14755	0.37777777777777777
AT2G14760	0.508
AT2G14765	0.9
AT2G14775	1.6363636363636365
AT2G14800	1.0288461538461537
AT2G14820	3.013888888888889
AT2G14825	8.263636363636364
AT2G14830	0.35000000000000003
AT2G14835	35.6
AT2G14846	0.5499999999999999
AT2G14850	9.783636363636363
AT2G14860	8.001818181818182
AT2G14870	0.6
AT2G14878	81.9090909090909
AT2G14880	87.0
AT2G14890	259.037037037037
AT2G14900	39.270370370370365
AT2G14910	127.43636363636364
AT2G14920	1.6846153846153844
AT2G14945	0.9500000000000001
AT2G14960	1.0595744680851065
AT2G15000	23.87454545454545
AT2G15010	0.5214285714285715
AT2G15020	37.37234042553192
AT2G15025	0.33999999999999997
AT2G15029	3.1125
AT2G15042	8.145652173913044
AT2G15050	29.13269230769231
AT2G15080	13.702
AT2G15090	58.337037037037035
AT2G15110	1.0
AT2G15128	19.9037037037037
AT2G15130	0.19705882352941176
AT2G15170	0.27222222222222225
AT2G15180	0.35000000000000003
AT2G15185	0.5
AT2G15220	19.066666666666666
AT2G15230	18.6
AT2G15240	32.56363636363636
AT2G15260	0.5
AT2G15270	23.78181818181818
AT2G15280	20.30909090909091
AT2G15290	96.4981818181818
AT2G15292	39.30545454545455
AT2G15300	3.6333333333333333
AT2G15310	4.774074074074075
AT2G15318	0.3321428571428572
AT2G15320	24.01851851851852
AT2G15325	0.3
AT2G15327	0.19999999999999998
AT2G15340	3.539130434782609
AT2G15345	0.34
AT2G15350	0.5166666666666667
AT2G15360	0.2
AT2G15370	4.413793103448276
AT2G15390	13.419607843137257
AT2G15400	2.111111111111111
AT2G15420	0.55
AT2G15430	19.305454545454545
AT2G15440	6.0814814814814815
AT2G15460	0.1
AT2G15470	0.1
AT2G15480	14.381818181818181
AT2G15490	20.166666666666668
AT2G15500	0.4666666666666666
AT2G15530	15.034545454545453
AT2G15535	16.48
AT2G15555	0.7538461538461539
AT2G15560	16.945454545454545
AT2G15570	33.163636363636364
AT2G15580	35.666666666666664
AT2G15590	0.49000000000000005
AT2G15610	0.3
AT2G15620	252.0185185185185
AT2G15630	1.4849056603773585
AT2G15640	2.325
AT2G15660	0.25
AT2G15670	0.5
AT2G15690	5.12962962962963
AT2G15695	26.927272727272726
AT2G15710	0.6333333333333333
AT2G15730	4.96
AT2G15740	0.30000000000000004
AT2G15760	2.8722222222222227
AT2G15770	0.26666666666666666
AT2G15780	1.7
AT2G15790	16.60181818181818
AT2G15820	14.481481481481481
AT2G15830	13.103636363636365
AT2G15860	24.60909090909091
AT2G15880	77.09636363636363
AT2G15890	180.0090909090909
AT2G15900	14.327272727272728
AT2G15910	17.327272727272728
AT2G15950	3.25
AT2G15960	183.05636363636364
AT2G15970	411.14814814814815
AT2G15980	6.12962962962963
AT2G16005	30.799999999999997
AT2G16015	5.483333333333333
AT2G16016	39.86
AT2G16018	1.0499999999999998
AT2G16030	5.112500000000001
AT2G16040	3.55
AT2G16050	5.764814814814815
AT2G16060	26.58888888888889
AT2G16070	26.221818181818183
AT2G16090	7.2709090909090905
AT2G16120	0.44999999999999996
AT2G16130	4.1499999999999995
AT2G16190	1.17
AT2G16200	0.3
AT2G16210	3.6941176470588233
AT2G16220	0.35
AT2G16225	0.4
AT2G16230	2.2800000000000002
AT2G16245	0.2666666666666667
AT2G16250	5.518518518518518
AT2G16270	8.61111111111111
AT2G16280	70.6
AT2G16290	0.125
AT2G16300	0.5
AT2G16340	0.65
AT2G16360	0.91
AT2G16365	22.932727272727274
AT2G16370	21.10909090909091
AT2G16380	13.852830188679246
AT2G16385	4.0975
AT2G16390	6.343636363636363
AT2G16400	27.930909090909093
AT2G16405	13.581818181818182
AT2G16430	37.127272727272725
AT2G16440	15.690909090909091
AT2G16450	0.3888888888888889
AT2G16460	17.836363636363636
AT2G16485	19.472727272727273
AT2G16490	0.5
AT2G16500	97.2
AT2G16505	15.024999999999999
AT2G16510	78.74545454545455
AT2G16520	0.4666666666666666
AT2G16530	6.6890909090909085
AT2G16535	16.0
AT2G16570	4.173584905660377
AT2G16575	0.6102564102564102
AT2G16580	3.79433962264151
AT2G16586	24.853571428571428
AT2G16592	8.3
AT2G16594	0.35
AT2G16595	7.528301886792453
AT2G16600	529.0181818181818
AT2G16620	0.35
AT2G16630	21.04181818181818
AT2G16640	33.56545454545454
AT2G16650	9.925925925925926
AT2G16660	46.94444444444444
AT2G16676	0.18
AT2G16700	23.462962962962962
AT2G16710	33.78181818181818
AT2G16720	12.566666666666666
AT2G16730	175.59166666666667
AT2G16740	32.31481481481482
AT2G16750	11.49090909090909
AT2G16760	6.8
AT2G16770	7.049090909090909
AT2G16780	27.194545454545455
AT2G16790	7.658181818181818
AT2G16800	35.629629629629626
AT2G16810	0.39999999999999997
AT2G16835	0.45
AT2G16850	25.27777777777778
AT2G16860	44.2
AT2G16870	2.2481481481481485
AT2G16880	9.910909090909092
AT2G16890	8.996363636363636
AT2G16900	18.537037037037038
AT2G16910	0.5384615384615384
AT2G16920	15.036363636363637
AT2G16930	40.28909090909091
AT2G16940	65.9290909090909
AT2G16950	39.41818181818182
AT2G16953	0.5
AT2G16960	0.275
AT2G16970	2.1
AT2G16980	3.858139534883721
AT2G16990	6.974074074074075
AT2G17000	3.1599999999999997
AT2G17010	1.67
AT2G17020	17.254545454545454
AT2G17030	9.581818181818182
AT2G17033	26.763636363636362
AT2G17036	2.7962962962962963
AT2G17040	17.22641509433962
AT2G17043	0.26666666666666666
AT2G17050	0.7028571428571428
AT2G17055	0.3714285714285714
AT2G17060	1.1684210526315788
AT2G17070	1.3354838709677421
AT2G17080	3.7
AT2G17090	2.275
AT2G17110	9.407407407407407
AT2G17120	42.629629629629626
AT2G17130	44.96363636363636
AT2G17140	2.287272727272727
AT2G17150	6.1836363636363645
AT2G17160	0.5
AT2G17170	0.21999999999999997
AT2G17180	2.1
AT2G17190	53.61818181818182
AT2G17200	70.87272727272727
AT2G17210	1.2867924528301888
AT2G17220	28.38888888888889
AT2G17230	43.27454545454545
AT2G17240	121.23636363636363
AT2G17250	20.962962962962962
AT2G17260	2.2888888888888888
AT2G17265	44.56727272727272
AT2G17270	6.078181818181818
AT2G17280	19.29090909090909
AT2G17290	27.89090909090909
AT2G17295	8.216666666666667
AT2G17300	16.774074074074072
AT2G17305	0.4
AT2G17310	0.4
AT2G17320	23.927272727272726
AT2G17340	51.574074074074076
AT2G17350	32.52181818181818
AT2G17360	302.76363636363635
AT2G17370	12.763636363636364
AT2G17380	61.38181818181818
AT2G17390	133.23636363636365
AT2G17410	29.072727272727274
AT2G17420	105.47272727272727
AT2G17430	2.7076923076923074
AT2G17440	22.454545454545453
AT2G17442	4.592592592592593
AT2G17450	24.77777777777778
AT2G17470	1.7708333333333333
AT2G17480	23.314814814814813
AT2G17500	85.94545454545455
AT2G17510	20.8
AT2G17520	24.327272727272728
AT2G17525	5.622222222222223
AT2G17530	21.418181818181818
AT2G17540	22.444444444444443
AT2G17550	12.221818181818183
AT2G17560	117.86545454545455
AT2G17570	7.2407407407407405
AT2G17580	9.777777777777779
AT2G17590	0.525925925925926
AT2G17600	0.3
AT2G17620	3.68076923076923
AT2G17630	19.005454545454544
AT2G17640	15.547272727272727
AT2G17650	4.842592592592593
AT2G17660	5.622916666666666
AT2G17670	8.407407407407407
AT2G17680	0.37
AT2G17690	0.1142857142857143
AT2G17695	22.355555555555558
AT2G17700	17.945454545454545
AT2G17705	19.672727272727272
AT2G17710	36.96296296296296
AT2G17720	56.38181818181818
AT2G17723	0.5800000000000001
AT2G17730	13.636363636363637
AT2G17740	2.9232558139534883
AT2G17750	0.3
AT2G17760	25.037037037037038
AT2G17770	1.4446808510638296
AT2G17780	6.869811320754717
AT2G17785	1.1199999999999999
AT2G17787	10.381818181818181
AT2G17790	29.12727272727273
AT2G17800	35.43636363636364
AT2G17810	1.3333333333333333
AT2G17820	16.53148148148148
AT2G17830	2.994444444444444
AT2G17840	159.8018181818182
AT2G17845	2.564705882352941
AT2G17850	4.129032258064516
AT2G17860	0.24000000000000005
AT2G17870	43.07272727272727
AT2G17880	17.05818181818182
AT2G17890	8.36
AT2G17900	5.709090909090909
AT2G17905	0.6
AT2G17920	0.2285714285714286
AT2G17930	14.003636363636364
AT2G17940	1.0244444444444445
AT2G17950	3.3846153846153846
AT2G17970	7.701851851851852
AT2G17972	1.481818181818182
AT2G17975	9.836363636363636
AT2G17980	37.654545454545456
AT2G17990	47.90909090909091
AT2G18000	2.816363636363636
AT2G18010	1.3914893617021276
AT2G18020	739.3272727272728
AT2G18025	0.31428571428571433
AT2G18030	18.454545454545453
AT2G18040	124.26545454545455
AT2G18050	29.924074074074074
AT2G18060	1.2592592592592593
AT2G18070	0.9
AT2G18080	6.7
AT2G18090	26.929090909090906
AT2G18100	1.9545454545454546
AT2G18110	103.78181818181818
AT2G18120	1.9673469387755103
AT2G18130	0.31666666666666665
AT2G18140	0.225
AT2G18150	15.754166666666668
AT2G18160	147.74545454545455
AT2G18170	21.66
AT2G18180	13.861363636363638
AT2G18190	0.57
AT2G18193	11.059999999999999
AT2G18196	5.3351851851851855
AT2G18200	0.26666666666666666
AT2G18210	5.0452830188679245
AT2G18220	19.36851851851852
AT2G18230	65.83272727272728
AT2G18240	13.205454545454545
AT2G18245	11.26
AT2G18250	24.223636363636363
AT2G18260	2.535185185185185
AT2G18280	93.78181818181818
AT2G18290	29.333333333333332
AT2G18300	57.552727272727275
AT2G18310	0.5
AT2G18320	0.37
AT2G18328	40.65555555555556
AT2G18330	14.648148148148149
AT2G18340	2.00952380952381
AT2G18350	8.421818181818182
AT2G18360	8.128260869565217
AT2G18370	39.98444444444444
AT2G18380	3.7666666666666666
AT2G18390	36.58181818181818
AT2G18400	47.78727272727273
AT2G18410	10.351851851851851
AT2G18420	0.5272727272727272
AT2G18440	145.78181818181818
AT2G18450	2.2933333333333334
AT2G18460	0.37142857142857144
AT2G18465	12.090909090909092
AT2G18470	21.610000000000003
AT2G18480	1.912
AT2G18490	0.6370370370370372
AT2G18500	2.6433962264150943
AT2G18510	37.92727272727273
AT2G18520	6.407407407407407
AT2G18530	0.825
AT2G18540	0.5541666666666667
AT2G18550	1.4270270270270269
AT2G18560	11.407407407407407
AT2G18570	9.777777777777779
AT2G18590	0.22000000000000003
AT2G18600	4.507272727272728
AT2G18620	1.464814814814815
AT2G18630	19.056363636363635
AT2G18640	0.508695652173913
AT2G18650	2.4981481481481476
AT2G18660	6.0512195121951216
AT2G18670	13.2
AT2G18680	2.213725490196078
AT2G18690	22.02962962962963
AT2G18700	45.763636363636365
AT2G18710	87.57454545454546
AT2G18720	0.39183673469387753
AT2G18721	0.2
AT2G18730	36.09090909090909
AT2G18735	7.814814814814815
AT2G18740	75.47636363636363
AT2G18750	46.648148148148145
AT2G18760	5.530909090909092
AT2G18770	18.78181818181818
AT2G18780	2.5036363636363634
AT2G18790	30.236363636363638
AT2G18800	8.629999999999999
AT2G18810	0.44999999999999996
AT2G18830	0.25
AT2G18840	22.363636363636363
AT2G18850	8.401818181818182
AT2G18860	18.51851851851852
AT2G18870	0.175
AT2G18876	15.885454545454547
AT2G18880	0.15
AT2G18890	8.032727272727273
AT2G18900	17.074074074074073
AT2G18910	35.666666666666664
AT2G18915	13.994545454545456
AT2G18917	0.41250000000000003
AT2G18920	0.1
AT2G18938	0.823913043478261
AT2G18940	22.036363636363635
AT2G18950	26.69814814814815
AT2G18960	274.27272727272725
AT2G18969	0.8022222222222223
AT2G18970	0.5689655172413793
AT2G18980	54.20434782608696
AT2G18990	28.490909090909092
AT2G19000	211.62222222222223
AT2G19010	24.816666666666663
AT2G19020	2.8200000000000003
AT2G19030	26.266666666666666
AT2G19040	2.075
AT2G19045	6.8999999999999995
AT2G19050	13.743333333333334
AT2G19060	3.8709677419354835
AT2G19070	0.8099999999999999
AT2G19080	26.80181818181818
AT2G19090	5.137037037037037
AT2G19110	22.694545454545455
AT2G19120	2.359259259259259
AT2G19130	9.87037037037037
AT2G19146	0.61
AT2G19150	1.3275862068965518
AT2G19160	11.781818181818181
AT2G19170	12.129090909090909
AT2G19180	32.43636363636364
AT2G19190	2.2792452830188683
AT2G19210	0.21428571428571427
AT2G19220	0.35
AT2G19230	0.35
AT2G19240	0.7836363636363637
AT2G19260	6.763636363636364
AT2G19270	36.527272727272724
AT2G19280	4.590909090909091
AT2G19290	0.82
AT2G19300	0.7
AT2G19310	57.53703703703704
AT2G19320	0.38750000000000007
AT2G19330	2.16
AT2G19340	0.23478260869565215
AT2G19350	14.10909090909091
AT2G19360	0.2
AT2G19365	0.42500000000000004
AT2G19380	2.690909090909091
AT2G19385	17.912727272727274
AT2G19390	8.123636363636363
AT2G19400	8.592727272727274
AT2G19410	0.5629629629629629
AT2G19420	0.26666666666666666
AT2G19430	17.154545454545456
AT2G19440	0.643478260869565
AT2G19450	24.12363636363636
AT2G19460	12.333333333333334
AT2G19470	30.383636363636363
AT2G19480	180.56363636363636
AT2G19490	6.6036363636363635
AT2G19500	1.4128205128205127
AT2G19510	0.4
AT2G19520	50.78545454545454
AT2G19530	4.496363636363636
AT2G19540	69.58181818181818
AT2G19550	0.6693877551020407
AT2G19560	14.527272727272727
AT2G19572	0.1285714285714286
AT2G19580	4.285185185185185
AT2G19582	0.2529411764705883
AT2G19590	7.9833333333333325
AT2G19600	14.63090909090909
AT2G19610	0.21
AT2G19620	11.25818181818182
AT2G19630	0.19333333333333333
AT2G19640	10.165454545454546
AT2G19650	8.105555555555556
AT2G19660	2.2666666666666666
AT2G19670	13.88888888888889
AT2G19680	44.949090909090906
AT2G19690	11.847272727272728
AT2G19700	0.23333333333333334
AT2G19710	10.236363636363636
AT2G19720	17.425925925925927
AT2G19730	464.58181818181816
AT2G19740	133.7327272727273
AT2G19750	131.18545454545455
AT2G19760	179.52727272727273
AT2G19770	47.58571428571429
AT2G19780	6.731481481481482
AT2G19790	79.12727272727273
AT2G19796	0.5
AT2G19800	46.175925925925924
AT2G19802	0.54
AT2G19810	17.71090909090909
AT2G19820	1.0
AT2G19830	119.0
AT2G19850	0.9
AT2G19860	20.78909090909091
AT2G19870	26.59259259259259
AT2G19880	34.21818181818182
AT2G19890	0.43529411764705883
AT2G19893	0.62
AT2G19900	1.8953488372093024
AT2G19910	2.683673469387755
AT2G19920	1.7039215686274511
AT2G19930	4.421818181818182
AT2G19940	40.41818181818182
AT2G19950	20.758181818181818
AT2G19960	0.403448275862069
AT2G19970	11.662
AT2G19980	4.551020408163266
AT2G19990	3.155555555555555
AT2G20000	15.112727272727273
AT2G20010	14.666666666666666
AT2G20020	31.703703703703702
AT2G20030	1.702777777777778
AT2G20050	28.796296296296298
AT2G20060	45.92363636363637
AT2G20070	4.6
AT2G20080	4.256666666666666
AT2G20100	4.4
AT2G20110	2.8963636363636365
AT2G20120	34.96545454545454
AT2G20130	18.490909090909092
AT2G20140	52.92727272727273
AT2G20142	8.675925925925926
AT2G20150	0.3576923076923077
AT2G20160	1.257142857142857
AT2G20170	0.17500000000000002
AT2G20180	14.666666666666666
AT2G20190	34.44444444444444
AT2G20208	3.5666666666666664
AT2G20210	4.725454545454545
AT2G20230	103.4
AT2G20240	6.437037037037038
AT2G20250	2.8425925925925926
AT2G20260	876.0563636363636
AT2G20270	64.07272727272728
AT2G20280	53.472727272727276
AT2G20290	6.1
AT2G20300	17.08
AT2G20310	9.967272727272729
AT2G20320	17.6
AT2G20330	28.21818181818182
AT2G20340	19.055555555555557
AT2G20350	0.9666666666666666
AT2G20360	134.92727272727274
AT2G20362	1.573076923076923
AT2G20370	25.74074074074074
AT2G20380	0.4
AT2G20390	18.490909090909092
AT2G20400	6.954545454545454
AT2G20410	10.181818181818182
AT2G20420	140.70909090909092
AT2G20430	15.442857142857141
AT2G20440	13.634545454545455
AT2G20450	151.60545454545453
AT2G20463	0.725
AT2G20465	0.35
AT2G20470	1.5239130434782608
AT2G20480	3.55
AT2G20490	82.5
AT2G20495	9.725454545454545
AT2G20510	0.2534883720930232
AT2G20515	12.035849056603773
AT2G20520	8.55909090909091
AT2G20530	60.81818181818182
AT2G20540	1.4555555555555555
AT2G20550	5.694444444444445
AT2G20560	15.37962962962963
AT2G20562	6.0
AT2G20570	135.57358490566037
AT2G20580	81.2
AT2G20585	12.814814814814815
AT2G20590	6.3283018867924525
AT2G20595	2.44
AT2G20597	2.6799999999999997
AT2G20605	1.0333333333333334
AT2G20610	96.83333333333333
AT2G20613	0.3
AT2G20616	1.05
AT2G20618	1.0
AT2G20619	0.3
AT2G20620	0.26249999999999996
AT2G20625	0.5166666666666667
AT2G20630	105.88888888888889
AT2G20635	6.7290909090909095
AT2G20650	6.32962962962963
AT2G20660	1.0333333333333332
AT2G20670	70.00545454545455
AT2G20680	7.827272727272727
AT2G20690	58.35090909090909
AT2G20700	22.768
AT2G20710	0.9113207547169813
AT2G20720	0.16538461538461535
AT2G20721	27.475925925925928
AT2G20722	32.16
AT2G20723	22.980392156862745
AT2G20725	31.24074074074074
AT2G20740	32.054545454545455
AT2G20750	14.664814814814815
AT2G20760	114.63636363636364
AT2G20770	4.410909090909091
AT2G20780	21.036363636363635
AT2G20790	17.743636363636362
AT2G20800	0.6486486486486487
AT2G20805	0.30000000000000004
AT2G20810	19.181818181818183
AT2G20815	2.661818181818182
AT2G20820	169.54545454545453
AT2G20825	1.4857142857142858
AT2G20830	24.036363636363635
AT2G20835	8.072222222222221
AT2G20840	17.454545454545453
AT2G20850	14.0
AT2G20860	95.58181818181818
AT2G20870	98.62790697674419
AT2G20875	3.3280000000000003
AT2G20880	3.9693877551020407
AT2G20890	425.4927272727272
AT2G20900	20.818181818181817
AT2G20920	70.4
AT2G20930	40.981818181818184
AT2G20940	13.659999999999998
AT2G20950	19.24074074074074
AT2G20960	40.765454545454546
AT2G20970	0.2833333333333334
AT2G20980	5.5181818181818185
AT2G20990	160.0909090909091
AT2G21010	0.30000000000000004
AT2G21030	0.48636363636363633
AT2G21040	0.41111111111111115
AT2G21045	90.6975
AT2G21050	24.055555555555557
AT2G21060	89.11636363636363
AT2G21070	6.888888888888889
AT2G21080	9.37037037037037
AT2G21090	6.781818181818182
AT2G21100	10.238636363636363
AT2G21110	0.6666666666666666
AT2G21120	33.92727272727273
AT2G21130	40.654545454545456
AT2G21140	70.3490909090909
AT2G21150	26.11090909090909
AT2G21160	179.76363636363635
AT2G21170	404.20545454545453
AT2G21180	11.88888888888889
AT2G21187	0.9510638297872341
AT2G21188	11.75925925925926
AT2G21190	42.836363636363636
AT2G21195	21.259999999999998
AT2G21200	2.731372549019608
AT2G21210	32.898148148148145
AT2G21220	3.2456521739130437
AT2G21230	15.425925925925926
AT2G21235	0.19230769230769232
AT2G21237	0.2785714285714286
AT2G21240	41.89090909090909
AT2G21250	91.47272727272727
AT2G21260	0.9355555555555556
AT2G21270	45.36363636363637
AT2G21280	59.03703703703704
AT2G21290	71.76727272727273
AT2G21300	28.145454545454545
AT2G21320	17.189090909090908
AT2G21330	736.8927272727273
AT2G21340	28.77777777777778
AT2G21350	1.8555555555555556
AT2G21360	0.5
AT2G21370	30.25925925925926
AT2G21380	29.12727272727273
AT2G21385	79.12962962962963
AT2G21390	80.07272727272728
AT2G21400	0.7954545454545454
AT2G21410	39.763636363636365
AT2G21420	0.21333333333333335
AT2G21430	3.6555555555555554
AT2G21440	25.25925925925926
AT2G21450	1.6181818181818184
AT2G21455	0.4
AT2G21465	6.642857142857143
AT2G21470	27.234545454545458
AT2G21480	38.83
AT2G21490	5.626666666666667
AT2G21500	12.332727272727272
AT2G21510	1.7346153846153847
AT2G21520	69.65454545454546
AT2G21530	134.27454545454546
AT2G21540	36.38181818181818
AT2G21550	3.432075471698113
AT2G21560	15.666666666666666
AT2G21570	4.0
AT2G21580	269.6545454545454
AT2G21590	6.221818181818182
AT2G21595	0.32500000000000007
AT2G21600	61.236363636363635
AT2G21610	0.8607142857142858
AT2G21620	144.0909090909091
AT2G21630	6.468518518518518
AT2G21640	12.645454545454545
AT2G21650	15.956603773584904
AT2G21655	1.3199999999999998
AT2G21660	2375.8545454545456
AT2G21670	1.0
AT2G21680	1.95
AT2G21690	0.4
AT2G21710	6.270370370370371
AT2G21720	0.836
AT2G21725	0.3
AT2G21727	2.12
AT2G21730	0.31777777777777777
AT2G21740	0.9
AT2G21750	1.6
AT2G21770	1.0545454545454545
AT2G21780	0.7902439024390243
AT2G21790	42.75636363636364
AT2G21800	2.138181818181818
AT2G21810	0.35000000000000003
AT2G21820	3.095652173913043
AT2G21830	9.49090909090909
AT2G21840	4.122222222222222
AT2G21850	5.268518518518518
AT2G21860	41.09090909090909
AT2G21870	364.58181818181816
AT2G21880	6.676363636363636
AT2G21890	0.4956521739130435
AT2G21900	0.5173913043478262
AT2G21910	2.2470588235294113
AT2G21920	0.4800000000000001
AT2G21930	0.2833333333333333
AT2G21940	11.714545454545453
AT2G21950	1.2169811320754718
AT2G21960	77.44181818181819
AT2G21970	124.9509090909091
AT2G21980	2.675
AT2G21990	8.521951219512196
AT2G22000	5.238888888888888
AT2G22010	16.745454545454546
AT2G22030	0.18
AT2G22040	0.225
AT2G22050	0.25
AT2G22055	622.825
AT2G22060	0.3833333333333333
AT2G22070	1.3462962962962963
AT2G22080	96.37272727272727
AT2G22088	0.9936170212765958
AT2G22090	3.561818181818182
AT2G22100	8.092727272727274
AT2G22110	3.0
AT2G22120	15.836363636363636
AT2G22121	0.55
AT2G22122	28.072222222222223
AT2G22125	45.11272727272727
AT2G22140	1.778181818181818
AT2G22145	0.8
AT2G22155	2.18
AT2G22160	0.4
AT2G22170	149.87272727272727
AT2G22180	33.93750000000001
AT2G22190	14.616666666666665
AT2G22200	4.9188679245283025
AT2G22230	65.91090909090909
AT2G22240	35.6
AT2G22250	20.59259259259259
AT2G22260	3.0
AT2G22270	13.076363636363638
AT2G22280	2.0
AT2G22290	1.3875
AT2G22300	26.685185185185187
AT2G22310	7.405555555555555
AT2G22320	0.26
AT2G22330	62.68518518518518
AT2G22340	7.3133333333333335
AT2G22345	0.7
AT2G22360	43.0
AT2G22370	11.823636363636362
AT2G22400	41.28
AT2G22410	2.587037037037037
AT2G22420	13.5
AT2G22425	76.06909090909092
AT2G22426	0.38
AT2G22430	218.62
AT2G22440	0.20000000000000004
AT2G22450	27.00181818181818
AT2G22460	0.4029411764705882
AT2G22470	91.18909090909091
AT2G22475	16.163636363636364
AT2G22480	28.53090909090909
AT2G22490	22.12727272727273
AT2G22496	2.2235294117647055
AT2G22500	45.74545454545454
AT2G22510	41.302083333333336
AT2G22520	0.4
AT2G22530	6.065454545454545
AT2G22540	61.588888888888896
AT2G22560	7.045454545454546
AT2G22570	11.707272727272727
AT2G22580	0.35
AT2G22590	2.5416666666666665
AT2G22600	1.3019607843137255
AT2G22610	7.301818181818183
AT2G22620	3.72037037037037
AT2G22630	3.3641025641025637
AT2G22640	20.076363636363638
AT2G22650	9.685185185185185
AT2G22660	52.36727272727273
AT2G22670	160.36545454545455
AT2G22680	8.643636363636363
AT2G22690	8.418181818181818
AT2G22720	40.54545454545455
AT2G22730	3.767272727272727
AT2G22740	7.581818181818182
AT2G22750	0.40476190476190477
AT2G22760	1.3666666666666667
AT2G22770	25.055555555555557
AT2G22780	65.23636363636363
AT2G22790	4.036363636363636
AT2G22795	66.63636363636364
AT2G22800	8.9
AT2G22805	49.900000000000006
AT2G22807	24.68
AT2G22810	1.5478260869565215
AT2G22821	1.4622641509433962
AT2G22830	8.165454545454546
AT2G22840	17.425925925925927
AT2G22850	0.2129032258064516
AT2G22860	23.635185185185183
AT2G22870	13.510909090909092
AT2G22890	6.177777777777778
AT2G22900	19.654545454545456
AT2G22905	0.8440000000000001
AT2G22910	16.14181818181818
AT2G22920	8.750980392156862
AT2G22930	3.103846153846154
AT2G22940	0.2
AT2G22941	6.325
AT2G22942	0.6888888888888889
AT2G22950	5.58
AT2G22955	0.4000000000000001
AT2G22960	1.925
AT2G22970	29.5
AT2G22980	35.62592592592593
AT2G22990	201.11666666666665
AT2G23000	16.861818181818183
AT2G23010	7.753703703703703
AT2G23030	13.283673469387754
AT2G23040	4.46
AT2G23050	4.527659574468085
AT2G23060	1.427659574468085
AT2G23067	1.35
AT2G23070	93.76363636363637
AT2G23080	22.2
AT2G23090	336.8181818181818
AT2G23093	3.8018181818181818
AT2G23096	0.28400000000000003
AT2G23100	2.807407407407408
AT2G23110	0.9771428571428572
AT2G23120	266.8727272727273
AT2G23130	32.361111111111114
AT2G23140	13.272727272727273
AT2G23142	1.4
AT2G23148	0.8833333333333334
AT2G23150	11.62962962962963
AT2G23160	0.575
AT2G23170	14.28909090909091
AT2G23180	6.4
AT2G23190	0.25
AT2G23200	10.156363636363636
AT2G23210	0.15384615384615385
AT2G23220	0.1909090909090909
AT2G23230	0.25
AT2G23240	0.7263157894736841
AT2G23250	0.3166666666666667
AT2G23260	0.17500000000000002
AT2G23270	3.7
AT2G23290	15.581818181818182
AT2G23300	4.294444444444444
AT2G23310	46.49090909090909
AT2G23320	56.945454545454545
AT2G23321	1.3473684210526315
AT2G23340	22.145454545454545
AT2G23347	1.5622222222222222
AT2G23348	1.1566037735849055
AT2G23350	132.5818181818182
AT2G23360	8.796363636363637
AT2G23370	13.121818181818183
AT2G23380	11.763636363636364
AT2G23390	47.24545454545454
AT2G23400	0.9592592592592593
AT2G23410	4.094285714285714
AT2G23420	25.19818181818182
AT2G23430	22.555555555555557
AT2G23440	0.38749999999999996
AT2G23445	4.372727272727273
AT2G23450	19.11111111111111
AT2G23460	24.88888888888889
AT2G23470	5.433333333333333
AT2G23510	0.5545454545454546
AT2G23520	11.481481481481481
AT2G23530	2.6833333333333336
AT2G23540	32.65744680851064
AT2G23550	1.1283018867924528
AT2G23560	6.7407407407407405
AT2G23570	0.33333333333333337
AT2G23580	0.1
AT2G23590	3.547916666666667
AT2G23600	92.16666666666667
AT2G23610	35.388888888888886
AT2G23620	4.996153846153846
AT2G23630	6.9655172413793105
AT2G23640	0.6388888888888888
AT2G23660	11.185714285714285
AT2G23672	0.34418604651162793
AT2G23680	9.832075471698113
AT2G23690	6.979245283018868
AT2G23700	7.475925925925925
AT2G23740	9.192727272727273
AT2G23755	2.026415094339623
AT2G23760	23.666666666666668
AT2G23770	8.518867924528301
AT2G23780	24.254545454545454
AT2G23790	37.6
AT2G23800	20.675
AT2G23810	127.91272727272727
AT2G23820	29.509090909090908
AT2G23830	0.5333333333333332
AT2G23834	0.5
AT2G23840	30.91296296296296
AT2G23890	12.294545454545455
AT2G23900	215.62727272727273
AT2G23910	13.179245283018869
AT2G23930	112.29818181818182
AT2G23940	27.272727272727273
AT2G23945	0.1870967741935484
AT2G23950	13.222222222222221
AT2G23960	1.9857142857142858
AT2G23970	2.6393939393939396
AT2G23980	26.055555555555557
AT2G23985	1.315686274509804
AT2G23990	2.3333333333333335
AT2G24000	0.25
AT2G24010	0.6722222222222222
AT2G24020	139.5290909090909
AT2G24030	0.9980000000000001
AT2G24040	11.055555555555555
AT2G24050	26.345454545454544
AT2G24060	75.4074074074074
AT2G24070	0.8340000000000001
AT2G24080	1.1833333333333333
AT2G24090	389.21999999999997
AT2G24100	17.01818181818182
AT2G24103	0.6
AT2G24120	25.72222222222222
AT2G24130	2.5625
AT2G24140	1.2823529411764707
AT2G24150	42.656363636363636
AT2G24170	9.981818181818182
AT2G24180	50.648148148148145
AT2G24190	6.924074074074074
AT2G24195	0.6391304347826087
AT2G24200	198.15636363636364
AT2G24205	1.7
AT2G24210	32.373684210526314
AT2G24220	6.487037037037037
AT2G24230	9.666666666666666
AT2G24240	5.450909090909091
AT2G24250	3.5185185185185186
AT2G24255	0.22000000000000003
AT2G24260	15.472727272727273
AT2G24270	205.22222222222223
AT2G24280	33.388888888888886
AT2G24285	0.3375000000000001
AT2G24290	27.87818181818182
AT2G24300	7.5092592592592595
AT2G24320	3.4777777777777774
AT2G24330	18.618181818181817
AT2G24340	0.275
AT2G24350	2.501923076923077
AT2G24360	80.86181818181818
AT2G24370	24.861538461538455
AT2G24390	16.405454545454546
AT2G24395	25.654545454545456
AT2G24400	0.9355555555555556
AT2G24410	0.4333333333333333
AT2G24420	65.87272727272727
AT2G24430	5.66
AT2G24440	5.496296296296297
AT2G24460	0.2
AT2G24470	0.3
AT2G24480	0.15000000000000002
AT2G24490	10.378181818181817
AT2G24500	39.38727272727273
AT2G24510	0.3
AT2G24520	8.62962962962963
AT2G24530	4.811111111111111
AT2G24535	0.4489795918367347
AT2G24540	0.1
AT2G24545	0.20434782608695654
AT2G24550	59.223636363636366
AT2G24560	0.9175000000000002
AT2G24570	26.814814814814813
AT2G24580	21.01851851851852
AT2G24590	59.63454545454545
AT2G24592	33.472727272727276
AT2G24600	20.333333333333332
AT2G24610	3.324
AT2G24615	6.959999999999999
AT2G24617	0.47500000000000003
AT2G24620	0.64
AT2G24630	7.666666666666667
AT2G24640	12.018181818181818
AT2G24645	6.09433962264151
AT2G24650	9.088888888888889
AT2G24670	0.1
AT2G24680	1.0865384615384615
AT2G24681	0.2833333333333333
AT2G24683	0.6749999999999999
AT2G24690	9.723636363636363
AT2G24692	0.8780487804878049
AT2G24693	4.625
AT2G24696	0.37142857142857144
AT2G24700	4.673076923076923
AT2G24710	0.8727272727272729
AT2G24720	1.432
AT2G24735	0.2565217391304348
AT2G24740	0.16666666666666666
AT2G24755	4.305454545454546
AT2G24762	31.833333333333332
AT2G24765	76.7090909090909
AT2G24780	0.48750000000000004
AT2G24790	243.8
AT2G24800	0.8149999999999998
AT2G24810	0.27777777777777785
AT2G24820	50.78363636363636
AT2G24830	16.072727272727274
AT2G24840	0.2571428571428572
AT2G24850	49.606976744186056
AT2G24860	35.36363636363637
AT2G24870	1.4309523809523808
AT2G24880	0.30000000000000004
AT2G24940	388.6909090909091
AT2G24945	5.805454545454545
AT2G24950	0.3
AT2G24960	3.9763636363636365
AT2G24970	4.618518518518519
AT2G24980	40.85
AT2G24990	15.147272727272728
AT2G25000	10.425925925925926
AT2G25010	13.752727272727272
AT2G25011	0.41250000000000003
AT2G25050	7.445454545454545
AT2G25055	2.173809523809524
AT2G25060	71.38333333333333
AT2G25070	42.24074074074074
AT2G25080	330.26545454545453
AT2G25090	3.182608695652174
AT2G25095	8.95483870967742
AT2G25100	15.856363636363637
AT2G25110	68.50909090909092
AT2G25120	0.30000000000000004
AT2G25130	0.8999999999999999
AT2G25140	13.333333333333334
AT2G25150	1.8923076923076922
AT2G25160	10.576470588235296
AT2G25169	0.47500000000000003
AT2G25170	35.69090909090909
AT2G25171	1.1500000000000001
AT2G25180	22.09272727272727
AT2G25185	2.6166666666666667
AT2G25190	19.814545454545453
AT2G25200	10.24074074074074
AT2G25210	293.7090909090909
AT2G25215	0.3333333333333333
AT2G25220	3.4703703703703703
AT2G25230	0.34615384615384615
AT2G25240	2.1232558139534885
AT2G25250	39.43090909090909
AT2G25260	10.263461538461538
AT2G25270	10.99074074074074
AT2G25280	30.62363636363636
AT2G25290	7.734545454545454
AT2G25295	0.5
AT2G25297	2.151111111111111
AT2G25300	8.2
AT2G25305	1.3
AT2G25310	52.62181818181818
AT2G25312	0.49999999999999994
AT2G25320	12.618181818181819
AT2G25330	0.22631578947368425
AT2G25340	0.32
AT2G25344	3.65
AT2G25350	7.1462962962962955
AT2G25355	10.777777777777779
AT2G25360	0.5166666666666667
AT2G25370	0.39999999999999997
AT2G25400	0.5
AT2G25409	0.20000000000000004
AT2G25410	0.25
AT2G25420	5.653703703703704
AT2G25430	76.16727272727272
AT2G25440	1.2550000000000001
AT2G25450	307.0563636363636
AT2G25460	4.536363636363636
AT2G25470	0.5875
AT2G25480	20.14814814814815
AT2G25482	1.2846153846153845
AT2G25490	62.81818181818182
AT2G25500	0.7625
AT2G25510	1100.6472727272726
AT2G25520	106.68545454545455
AT2G25530	7.954545454545454
AT2G25540	0.8730769230769231
AT2G25560	7.327272727272727
AT2G25565	0.2
AT2G25570	10.629090909090909
AT2G25580	6.888888888888889
AT2G25590	19.48148148148148
AT2G25600	25.255000000000003
AT2G25605	22.863636363636363
AT2G25610	39.472727272727276
AT2G25620	15.763636363636364
AT2G25625	14.087272727272726
AT2G25630	1.1
AT2G25640	6.945454545454545
AT2G25650	5.905454545454545
AT2G25660	12.24
AT2G25670	84.54545454545455
AT2G25680	5.048148148148148
AT2G25685	0.4
AT2G25690	5.7727272727272725
AT2G25700	0.5249999999999999
AT2G25710	15.638181818181819
AT2G25720	23.043636363636367
AT2G25730	19.054545454545455
AT2G25735	13.163461538461538
AT2G25737	10.636363636363637
AT2G25740	10.934545454545454
AT2G25760	28.89090909090909
AT2G25770	0.8642857142857142
AT2G25780	1.2888888888888888
AT2G25790	10.672727272727272
AT2G25800	26.62181818181818
AT2G25810	32.47692307692308
AT2G25820	1.602439024390244
AT2G25830	44.58363636363636
AT2G25840	38.42727272727273
AT2G25850	15.50909090909091
AT2G25870	56.32727272727273
AT2G25880	10.589090909090908
AT2G25900	61.68909090909091
AT2G25905	0.5
AT2G25910	56.50909090909091
AT2G25920	16.763636363636362
AT2G25930	38.51090909090909
AT2G25940	2.161538461538462
AT2G25950	32.38727272727272
AT2G25964	18.819999999999997
AT2G25970	89.94545454545455
AT2G25980	40.87352941176471
AT2G25990	1.8666666666666665
AT2G26000	5.96
AT2G26010	71.65925925925926
AT2G26020	29.950000000000006
AT2G26030	11.292727272727273
AT2G26040	3.058490566037736
AT2G26050	0.3666666666666667
AT2G26060	32.51090909090909
AT2G26070	12.256363636363636
AT2G26080	224.74545454545455
AT2G26100	14.444444444444445
AT2G26110	31.685185185185187
AT2G26120	0.5066666666666666
AT2G26130	0.2111111111111111
AT2G26135	0.18
AT2G26140	70.6
AT2G26150	7.037037037037037
AT2G26160	0.16
AT2G26170	17.90740740740741
AT2G26180	7.890740740740741
AT2G26190	34.05555555555556
AT2G26200	17.438181818181818
AT2G26210	32.018181818181816
AT2G26211	7.775555555555555
AT2G26230	39.89090909090909
AT2G26240	45.36727272727273
AT2G26250	178.44444444444446
AT2G26260	13.0
AT2G26270	5.156363636363637
AT2G26280	45.63636363636363
AT2G26290	4.886274509803921
AT2G26300	40.7037037037037
AT2G26310	3.3454545454545452
AT2G26320	0.6
AT2G26330	44.83148148148148
AT2G26340	61.59636363636364
AT2G26350	8.643636363636363
AT2G26355	34.50909090909091
AT2G26360	3.8981481481481484
AT2G26370	3.1666666666666665
AT2G26380	0.5307692307692308
AT2G26390	0.9040816326530612
AT2G26400	7.662000000000001
AT2G26410	25.013333333333335
AT2G26420	2.022857142857143
AT2G26430	35.30909090909091
AT2G26440	21.894545454545455
AT2G26450	159.68499999999997
AT2G26460	18.6
AT2G26470	9.285454545454545
AT2G26480	3.1897959183673468
AT2G26490	49.98181818181818
AT2G26500	952.5872727272728
AT2G26510	33.370370370370374
AT2G26515	3.3
AT2G26520	2.490740740740741
AT2G26530	34.96296296296296
AT2G26540	35.10909090909091
AT2G26550	28.51851851851852
AT2G26560	27.97407407407407
AT2G26570	31.70909090909091
AT2G26580	23.642
AT2G26590	28.989090909090912
AT2G26600	21.59259259259259
AT2G26610	1.0299999999999998
AT2G26620	0.376923076923077
AT2G26640	21.178181818181816
AT2G26650	23.34444444444444
AT2G26660	23.581818181818182
AT2G26670	116.05555555555556
AT2G26680	25.712727272727275
AT2G26690	55.31481481481482
AT2G26692	0.4333333333333334
AT2G26695	10.456363636363635
AT2G26700	2.4750000000000005
AT2G26710	6.548148148148148
AT2G26720	0.3125
AT2G26730	48.74074074074074
AT2G26740	64.53703703703704
AT2G26750	1.0044444444444445
AT2G26760	12.276363636363637
AT2G26770	36.585454545454546
AT2G26780	14.823636363636362
AT2G26790	1.8518518518518519
AT2G26800	30.854545454545455
AT2G26810	8.277777777777779
AT2G26820	4.654999999999999
AT2G26830	17.6
AT2G26840	12.387272727272727
AT2G26850	154.84999999999997
AT2G26860	7.92962962962963
AT2G26865	3.15
AT2G26870	6.907407407407407
AT2G26880	0.2
AT2G26890	21.727272727272727
AT2G26900	157.67454545454547
AT2G26910	43.69272727272727
AT2G26920	20.163636363636364
AT2G26930	42.092727272727274
AT2G26940	0.19393939393939394
AT2G26950	0.26666666666666666
AT2G26960	0.15000000000000002
AT2G26970	16.983636363636364
AT2G26975	40.2962962962963
AT2G26980	43.31481481481482
AT2G26990	47.06363636363636
AT2G27000	9.0
AT2G27010	4.673684210526316
AT2G27020	135.2981818181818
AT2G27030	140.36363636363637
AT2G27035	2.340740740740741
AT2G27040	29.85818181818182
AT2G27050	53.345454545454544
AT2G27060	11.666666666666666
AT2G27070	0.26666666666666666
AT2G27080	31.685185185185187
AT2G27090	14.055555555555555
AT2G27100	40.10909090909091
AT2G27110	13.777777777777779
AT2G27120	0.45000000000000007
AT2G27130	12.185185185185185
AT2G27140	10.722222222222221
AT2G27145	3.2
AT2G27150	8.481481481481481
AT2G27170	20.666666666666668
AT2G27180	51.09019607843137
AT2G27190	40.63636363636363
AT2G27200	9.598181818181818
AT2G27210	18.6
AT2G27220	0.5800000000000001
AT2G27229	0.24499999999999997
AT2G27230	36.60181818181818
AT2G27240	0.4692307692307693
AT2G27250	0.31
AT2G27260	29.8
AT2G27270	0.5363636363636364
AT2G27280	0.2681818181818182
AT2G27285	27.854545454545455
AT2G27290	95.53454545454545
AT2G27300	0.784
AT2G27310	18.89818181818182
AT2G27313	2.45
AT2G27315	4.8
AT2G27320	0.3
AT2G27330	17.116363636363637
AT2G27340	7.290909090909091
AT2G27350	35.50909090909091
AT2G27360	14.494444444444445
AT2G27370	18.384848484848487
AT2G27380	1.4899999999999998
AT2G27385	190.74528301886792
AT2G27389	1.436842105263158
AT2G27400	17.925925925925927
AT2G27402	41.26111111111111
AT2G27410	0.3666666666666667
AT2G27420	19.87551020408163
AT2G27430	2.3566037735849057
AT2G27450	41.89454545454545
AT2G27460	15.856363636363637
AT2G27470	19.365454545454543
AT2G27480	5.409090909090909
AT2G27490	12.545454545454545
AT2G27500	32.648148148148145
AT2G27505	0.5517241379310345
AT2G27510	146.91272727272727
AT2G27520	0.18571428571428572
AT2G27530	430.2909090909091
AT2G27535	1.0818181818181818
AT2G27540	2.0
AT2G27550	18.927272727272726
AT2G27570	0.2833333333333333
AT2G27580	39.872727272727275
AT2G27590	11.703703703703704
AT2G27600	98.6
AT2G27610	1.288888888888889
AT2G27630	0.16666666666666666
AT2G27650	0.14666666666666667
AT2G27660	12.960377358490566
AT2G27670	1.1857142857142857
AT2G27680	155.92363636363635
AT2G27690	17.109259259259257
AT2G27700	0.2714285714285714
AT2G27710	380.31454545454545
AT2G27720	289.30727272727273
AT2G27730	85.49090909090908
AT2G27740	5.741509433962264
AT2G27750	0.25
AT2G27760	7.958181818181818
AT2G27770	8.722222222222221
AT2G27775	14.72909090909091
AT2G27780	0.19999999999999998
AT2G27790	4.287272727272727
AT2G27800	3.765454545454546
AT2G27810	25.296296296296298
AT2G27820	35.092592592592595
AT2G27830	36.907407407407405
AT2G27840	38.983636363636364
AT2G27860	213.98181818181817
AT2G27880	4.987804878048781
AT2G27900	23.94181818181818
AT2G27920	18.88888888888889
AT2G27930	1.7596153846153846
AT2G27940	0.2818181818181818
AT2G27950	24.036363636363635
AT2G27960	51.14545454545455
AT2G27970	37.41818181818182
AT2G27980	15.379999999999999
AT2G27990	2.4192307692307695
AT2G28000	372.2218181818182
AT2G28010	0.38
AT2G28020	0.4
AT2G28030	0.16666666666666666
AT2G28040	0.7490909090909091
AT2G28050	3.0981481481481485
AT2G28056	1.1857142857142855
AT2G28060	16.383636363636363
AT2G28070	18.555555555555557
AT2G28080	22.78181818181818
AT2G28085	3.351282051282051
AT2G28090	0.31428571428571433
AT2G28100	15.444444444444445
AT2G28105	2.3
AT2G28110	11.761111111111111
AT2G28120	6.374545454545455
AT2G28130	7.9763636363636365
AT2G28140	4.346296296296296
AT2G28150	18.132727272727273
AT2G28160	11.957407407407409
AT2G28170	0.19999999999999998
AT2G28180	29.93636363636364
AT2G28190	297.1272727272727
AT2G28200	12.814814814814815
AT2G28210	3.955102040816326
AT2G28220	0.26
AT2G28225	0.25
AT2G28230	19.227272727272727
AT2G28240	8.767272727272728
AT2G28250	8.914814814814815
AT2G28260	4.07962962962963
AT2G28270	1.5516129032258066
AT2G28290	21.87818181818182
AT2G28305	26.72407407407407
AT2G28310	33.656363636363636
AT2G28315	7.667924528301886
AT2G28320	19.12727272727273
AT2G28330	5.814814814814815
AT2G28340	0.4107142857142857
AT2G28350	12.427272727272728
AT2G28355	26.38333333333333
AT2G28360	16.02909090909091
AT2G28370	51.14545454545455
AT2G28380	37.333333333333336
AT2G28390	28.327272727272728
AT2G28400	15.22037037037037
AT2G28405	45.51666666666667
AT2G28410	24.01851851851852
AT2G28420	0.8549019607843136
AT2G28426	3.9211538461538464
AT2G28430	62.018181818181816
AT2G28440	6.283636363636364
AT2G28450	21.29090909090909
AT2G28460	1.5666666666666669
AT2G28470	59.25636363636364
AT2G28480	10.981818181818182
AT2G28490	1.2518518518518518
AT2G28500	4.564150943396226
AT2G28510	23.74074074074074
AT2G28520	22.89090909090909
AT2G28540	20.345454545454544
AT2G28550	48.46666666666666
AT2G28560	0.9240740740740742
AT2G28570	13.727777777777776
AT2G28580	1.1630434782608696
AT2G28590	3.5472727272727274
AT2G28600	21.763636363636362
AT2G28605	50.544444444444444
AT2G28610	0.40606060606060607
AT2G28620	12.945454545454545
AT2G28625	1.633333333333333
AT2G28630	23.166037735849056
AT2G28640	10.455555555555556
AT2G28650	1.7763636363636364
AT2G28660	11.333333333333334
AT2G28670	0.48490566037735855
AT2G28671	0.3861111111111111
AT2G28680	1.2444444444444445
AT2G28690	3.974509803921569
AT2G28700	1.196875
AT2G28710	4.842592592592593
AT2G28720	76.77777777777777
AT2G28725	0.42857142857142855
AT2G28730	2.0
AT2G28740	124.47272727272727
AT2G28755	1.2720930232558139
AT2G28760	15.456363636363637
AT2G28780	17.7375
AT2G28790	82.84629629629629
AT2G28800	240.72727272727272
AT2G28810	17.59259259259259
AT2G28815	2.227450980392157
AT2G28830	4.587037037037037
AT2G28840	175.4
AT2G28850	0.26153846153846155
AT2G28860	0.7999999999999999
AT2G28870	6.705555555555556
AT2G28880	7.443636363636363
AT2G28890	26.64814814814815
AT2G28900	277.5272727272727
AT2G28910	192.92727272727274
AT2G28920	0.40869565217391307
AT2G28930	22.124074074074073
AT2G28940	14.74074074074074
AT2G28950	108.94727272727273
AT2G28960	6.452777777777778
AT2G28970	2.676923076923077
AT2G28990	2.9096774193548383
AT2G29000	0.2615384615384615
AT2G29020	67.25454545454545
AT2G29040	5.4750000000000005
AT2G29045	0.5
AT2G29050	23.163636363636364
AT2G29060	4.348717948717948
AT2G29065	3.741818181818182
AT2G29070	8.92909090909091
AT2G29080	55.160000000000004
AT2G29090	4.447058823529412
AT2G29100	0.2233333333333333
AT2G29110	0.782051282051282
AT2G29120	9.332692307692309
AT2G29125	3.9537037037037037
AT2G29130	4.671153846153847
AT2G29140	18.674545454545452
AT2G29150	0.15454545454545457
AT2G29170	10.495833333333334
AT2G29180	49.483636363636364
AT2G29190	23.383636363636363
AT2G29200	12.407407407407407
AT2G29210	41.81481481481482
AT2G29220	0.6950000000000001
AT2G29250	0.1875
AT2G29260	2.462962962962963
AT2G29263	0.7833333333333333
AT2G29290	46.516000000000005
AT2G29300	11.589583333333332
AT2G29310	38.71851851851852
AT2G29320	23.05
AT2G29330	7.630232558139536
AT2G29340	31.77777777777778
AT2G29350	24.4078431372549
AT2G29360	64.4
AT2G29370	1.2027027027027029
AT2G29380	0.5944444444444446
AT2G29390	21.26181818181818
AT2G29400	92.41818181818182
AT2G29410	1.758490566037736
AT2G29420	11.234545454545454
AT2G29440	9.657407407407407
AT2G29450	216.89272727272729
AT2G29452	1.08
AT2G29460	14.944444444444445
AT2G29470	2.92972972972973
AT2G29480	0.5758620689655172
AT2G29490	33.37307692307692
AT2G29500	16.41272727272727
AT2G29510	31.11090909090909
AT2G29525	4.581818181818182
AT2G29530	37.10545454545454
AT2G29540	9.425925925925926
AT2G29550	140.12727272727273
AT2G29560	26.89090909090909
AT2G29570	31.91090909090909
AT2G29580	12.97090909090909
AT2G29590	14.681818181818182
AT2G29600	0.15
AT2G29605	0.3
AT2G29620	2.056
AT2G29628	0.52
AT2G29630	188.4218181818182
AT2G29640	6.043636363636363
AT2G29650	68.05636363636363
AT2G29660	16.114814814814817
AT2G29670	53.54727272727273
AT2G29680	3.790909090909091
AT2G29690	21.619999999999997
AT2G29700	60.4
AT2G29710	1.988235294117647
AT2G29720	11.587272727272726
AT2G29730	13.518518518518519
AT2G29735	0.36
AT2G29740	4.63125
AT2G29750	13.83653846153846
AT2G29760	5.235185185185185
AT2G29770	0.25
AT2G29780	0.45
AT2G29790	19.062500000000004
AT2G29800	0.7
AT2G29810	0.5
AT2G29820	0.7
AT2G29830	0.36666666666666664
AT2G29840	0.36666666666666664
AT2G29850	0.22499999999999998
AT2G29860	0.7
AT2G29870	0.275
AT2G29880	1.0000000000000002
AT2G29890	12.083636363636364
AT2G29900	16.2
AT2G29910	9.469090909090909
AT2G29920	0.6428571428571429
AT2G29930	0.8333333333333334
AT2G29940	2.2470588235294118
AT2G29950	0.24000000000000005
AT2G29960	60.767272727272726
AT2G29970	25.130909090909093
AT2G29980	123.16363636363636
AT2G29990	11.472727272727273
AT2G29995	14.387037037037036
AT2G30000	17.35272727272727
AT2G30010	44.907407407407405
AT2G30020	27.90909090909091
AT2G30040	14.833333333333334
AT2G30050	56.43636363636364
AT2G30060	82.75818181818181
AT2G30070	14.825454545454544
AT2G30080	5.8545454545454545
AT2G30090	0.8166666666666668
AT2G30100	20.01851851851852
AT2G30105	23.53272727272727
AT2G30110	87.2
AT2G30115	0.15789473684210525
AT2G30120	8.556363636363637
AT2G30130	11.666666666666666
AT2G30140	30.965454545454545
AT2G30150	18.11111111111111
AT2G30160	16.836363636363636
AT2G30170	35.96363636363636
AT2G30190	21.0
AT2G30200	65.49272727272727
AT2G30210	30.920454545454547
AT2G30220	0.5096774193548387
AT2G30230	10.685185185185185
AT2G30240	2.7833333333333337
AT2G30250	26.28363636363636
AT2G30260	45.60181818181818
AT2G30270	23.332727272727272
AT2G30280	13.347272727272728
AT2G30290	5.3
AT2G30300	0.24285714285714288
AT2G30310	0.21333333333333335
AT2G30320	14.127272727272727
AT2G30330	13.418181818181818
AT2G30340	13.172972972972973
AT2G30350	11.745454545454546
AT2G30362	0.16896551724137931
AT2G30370	3.784313725490196
AT2G30380	0.6658536585365854
AT2G30385	0.6000000000000001
AT2G30390	80.98545454545454
AT2G30395	3.261111111111111
AT2G30400	1.9
AT2G30410	61.18181818181818
AT2G30420	6.129166666666666
AT2G30424	11.248979591836736
AT2G30432	5.254000000000001
AT2G30440	103.77777777777777
AT2G30460	11.381818181818181
AT2G30470	17.463636363636365
AT2G30480	2.581481481481481
AT2G30490	220.11111111111111
AT2G30500	34.07090909090909
AT2G30505	5.889090909090909
AT2G30520	168.25925925925927
AT2G30530	24.527272727272727
AT2G30540	7.059615384615385
AT2G30550	19.29090909090909
AT2G30560	0.3466666666666667
AT2G30570	2117.84
AT2G30575	9.818181818181818
AT2G30580	7.890909090909091
AT2G30590	22.61111111111111
AT2G30600	44.78363636363636
AT2G30615	0.2212121212121212
AT2G30620	153.00545454545454
AT2G30630	0.6208333333333332
AT2G30650	2.96
AT2G30660	0.8794871794871794
AT2G30670	1.0289473684210524
AT2G30680	0.30000000000000004
AT2G30690	1.2204545454545457
AT2G30695	29.753703703703703
AT2G30700	29.685185185185187
AT2G30710	22.74909090909091
AT2G30720	18.272727272727273
AT2G30730	0.24642857142857147
AT2G30740	24.38888888888889
AT2G30750	26.594230769230766
AT2G30760	1.6813953488372095
AT2G30766	16.558
AT2G30770	4.27906976744186
AT2G30780	11.381818181818181
AT2G30790	7.009433962264151
AT2G30800	10.216363636363637
AT2G30810	5.3999999999999995
AT2G30820	3.07962962962963
AT2G30830	1.0833333333333335
AT2G30840	5.9557692307692305
AT2G30860	971.7854545454545
AT2G30870	549.2290909090909
AT2G30880	20.44
AT2G30890	5.329629629629629
AT2G30900	0.4093023255813953
AT2G30910	8.68909090909091
AT2G30920	11.527272727272727
AT2G30930	80.03703703703704
AT2G30933	1.6660377358490568
AT2G30940	0.29375
AT2G30942	4.166666666666667
AT2G30945	1.3388888888888888
AT2G30950	357.70181818181817
AT2G30960	5.5452830188679245
AT2G30970	73.98181818181818
AT2G30980	85.18518518518519
AT2G30984	0.16666666666666666
AT2G30990	19.055555555555557
AT2G31005	0.5
AT2G31010	12.49090909090909
AT2G31020	6.456603773584906
AT2G31030	0.45
AT2G31040	109.59272727272727
AT2G31050	0.2333333333333333
AT2G31060	30.60727272727273
AT2G31070	34.99444444444445
AT2G31081	1.64
AT2G31082	1.1380952380952383
AT2G31083	4.405882352941176
AT2G31085	3.3394736842105264
AT2G31090	29.10909090909091
AT2G31100	0.30769230769230765
AT2G31110	11.018518518518519
AT2G31130	6.525454545454545
AT2G31140	35.985454545454544
AT2G31141	64.2909090909091
AT2G31150	17.32777777777778
AT2G31160	3.6129629629629627
AT2G31170	20.69272727272727
AT2G31180	2.6553191489361705
AT2G31190	15.181818181818182
AT2G31200	54.981818181818184
AT2G31210	0.23478260869565218
AT2G31215	0.7
AT2G31220	0.5346938775510205
AT2G31230	8.562264150943397
AT2G31240	12.236363636363636
AT2G31250	0.9788461538461538
AT2G31260	14.50909090909091
AT2G31270	13.309090909090909
AT2G31280	17.35185185185185
AT2G31290	3.874074074074074
AT2G31300	5.510909090909092
AT2G31305	19.5
AT2G31310	1.3807692307692307
AT2G31320	6.721818181818182
AT2G31335	0.2833333333333334
AT2G31340	6.46111111111111
AT2G31350	38.41818181818182
AT2G31360	129.6
AT2G31370	31.00181818181818
AT2G31380	39.661111111111104
AT2G31390	93.63636363636364
AT2G31400	144.56363636363636
AT2G31410	86.92727272727272
AT2G31420	0.4222222222222222
AT2G31425	37.43125
AT2G31430	40.925
AT2G31432	17.36
AT2G31440	26.78181818181818
AT2G31450	13.514545454545454
AT2G31460	0.3
AT2G31470	0.3684210526315789
AT2G31480	0.316
AT2G31490	179.96363636363637
AT2G31500	124.1681818181818
AT2G31510	33.60909090909091
AT2G31530	16.537037037037038
AT2G31540	0.6000000000000001
AT2G31550	0.24193548387096772
AT2G31560	29.59090909090909
AT2G31570	175.7781818181818
AT2G31580	5.983333333333333
AT2G31585	18.65818181818182
AT2G31590	0.30400000000000005
AT2G31600	4.241818181818182
AT2G31610	320.8363636363636
AT2G31620	0.22499999999999998
AT2G31650	5.509090909090909
AT2G31660	33.67454545454545
AT2G31670	79.76363636363637
AT2G31680	26.88888888888889
AT2G31690	0.4166666666666667
AT2G31700	0.8
AT2G31710	20.236363636363638
AT2G31720	0.3
AT2G31725	15.055555555555555
AT2G31730	11.71111111111111
AT2G31740	16.74909090909091
AT2G31751	0.9074074074074074
AT2G31760	0.225
AT2G31770	0.18
AT2G31780	0.4
AT2G31790	57.658181818181816
AT2G31800	58.72727272727273
AT2G31810	76.84
AT2G31820	21.21090909090909
AT2G31830	2.7418181818181817
AT2G31840	42.592592592592595
AT2G31850	0.5750000000000001
AT2G31862	0.35
AT2G31865	7.9799999999999995
AT2G31870	6.498148148148148
AT2G31880	54.53703703703704
AT2G31890	16.37037037037037
AT2G31900	1.8185185185185182
AT2G31902	0.2577777777777778
AT2G31910	0.19285714285714284
AT2G31920	0.3886363636363636
AT2G31930	1.48
AT2G31940	2.553846153846154
AT2G31945	4.96111111111111
AT2G31953	1.7999999999999998
AT2G31955	20.02
AT2G31957	0.4571428571428572
AT2G31960	30.636363636363637
AT2G31970	13.376363636363635
AT2G31980	25.507272727272728
AT2G31985	1.73
AT2G31990	3.9425925925925926
AT2G32000	12.983636363636364
AT2G32010	11.19074074074074
AT2G32020	3.484615384615385
AT2G32030	4.120754716981132
AT2G32040	24.98181818181818
AT2G32050	0.20555555555555557
AT2G32060	185.37272727272727
AT2G32070	42.025454545454544
AT2G32080	79.39818181818181
AT2G32090	32.472727272727276
AT2G32100	17.978181818181817
AT2G32110	4.0
AT2G32120	4.388888888888889
AT2G32130	1.1640000000000001
AT2G32140	4.92037037037037
AT2G32150	74.56
AT2G32160	23.86346153846154
AT2G32170	22.490909090909092
AT2G32179	0.9914893617021275
AT2G32190	6.512962962962963
AT2G32200	5.232499999999999
AT2G32210	6.0166666666666675
AT2G32220	22.105454545454545
AT2G32230	61.75925925925926
AT2G32235	2.5090909090909093
AT2G32240	88.07407407407408
AT2G32250	9.924074074074074
AT2G32260	39.163636363636364
AT2G32270	10.778431372549019
AT2G32273	1.0
AT2G32275	0.26666666666666666
AT2G32280	5.762962962962963
AT2G32290	7.97391304347826
AT2G32295	10.981818181818182
AT2G32300	27.20714285714286
AT2G32310	0.26666666666666666
AT2G32315	0.29411764705882354
AT2G32320	14.154545454545454
AT2G32340	4.749090909090909
AT2G32350	0.35000000000000003
AT2G32360	0.625
AT2G32370	0.4
AT2G32380	28.363636363636363
AT2G32390	4.9
AT2G32400	9.033333333333333
AT2G32410	6.856363636363636
AT2G32415	7.851851851851852
AT2G32430	12.46111111111111
AT2G32440	22.4
AT2G32450	12.636363636363637
AT2G32460	17.423684210526314
AT2G32470	0.15000000000000002
AT2G32480	58.611111111111114
AT2G32487	4.7219999999999995
AT2G32500	44.68
AT2G32510	5.834545454545454
AT2G32520	43.64363636363637
AT2G32530	10.957407407407409
AT2G32540	18.474999999999998
AT2G32550	1.7403846153846154
AT2G32560	28.587272727272726
AT2G32580	61.24074074074074
AT2G32590	6.414545454545455
AT2G32600	33.11818181818182
AT2G32610	2.227272727272727
AT2G32620	1.7833333333333334
AT2G32630	2.3945454545454545
AT2G32640	19.974545454545453
AT2G32645	0.1
AT2G32650	12.966666666666667
AT2G32660	1.8
AT2G32670	2.0072727272727273
AT2G32680	12.002222222222223
AT2G32690	454.3654545454545
AT2G32698	0.95
AT2G32700	58.054545454545455
AT2G32710	14.167272727272728
AT2G32720	22.574074074074073
AT2G32730	72.56363636363636
AT2G32740	0.3088235294117647
AT2G32750	0.41632653061224495
AT2G32760	10.345454545454546
AT2G32765	13.643636363636364
AT2G32770	1.0981132075471698
AT2G32780	0.31000000000000005
AT2G32785	2.65
AT2G32788	0.5
AT2G32790	0.6627906976744187
AT2G32795	7.5200000000000005
AT2G32800	17.367272727272727
AT2G32810	30.312727272727273
AT2G32820	0.35
AT2G32830	0.8607843137254904
AT2G32835	0.75
AT2G32840	9.656363636363636
AT2G32850	29.98181818181818
AT2G32860	28.58888888888889
AT2G32870	43.622
AT2G32880	27.604166666666668
AT2G32885	6.214285714285714
AT2G32900	15.290909090909091
AT2G32905	0.36
AT2G32910	25.327272727272728
AT2G32920	67.89818181818183
AT2G32930	7.718181818181818
AT2G32940	1.66
AT2G32950	26.51636363636364
AT2G32960	10.183333333333334
AT2G32970	14.181818181818182
AT2G32980	19.89090909090909
AT2G32990	17.88888888888889
AT2G33000	0.4346938775510204
AT2G33010	0.13999999999999999
AT2G33020	0.7560975609756099
AT2G33030	0.3
AT2G33040	305.6363636363636
AT2G33051	0.20454545454545456
AT2G33060	5.944444444444445
AT2G33070	0.7266666666666666
AT2G33080	0.7521739130434782
AT2G33090	0.26000000000000006
AT2G33100	21.939999999999998
AT2G33110	4.9
AT2G33120	85.74545454545455
AT2G33130	1.0823529411764705
AT2G33140	0.5
AT2G33150	224.96363636363637
AT2G33160	0.18000000000000002
AT2G33170	13.222222222222221
AT2G33175	0.5837837837837837
AT2G33180	35.91090909090909
AT2G33190	2.5
AT2G33200	0.35
AT2G33205	2.3173076923076925
AT2G33210	50.276363636363634
AT2G33220	126.81818181818181
AT2G33230	0.28
AT2G33233	0.3666666666666667
AT2G33240	1.1254901960784311
AT2G33250	40.89454545454545
AT2G33255	40.90909090909091
AT2G33260	0.5204081632653061
AT2G33270	80.94444444444446
AT2G33280	0.4365853658536586
AT2G33290	7.167272727272727
AT2G33300	0.12000000000000002
AT2G33310	23.666666666666668
AT2G33320	9.763636363636364
AT2G33330	27.29090909090909
AT2G33340	91.47636363636363
AT2G33350	1.3147058823529412
AT2G33360	9.275925925925925
AT2G33370	130.98727272727274
AT2G33380	84.35769230769232
AT2G33385	1.5846153846153845
AT2G33390	16.69090909090909
AT2G33400	13.685185185185185
AT2G33410	62.85454545454545
AT2G33420	69.47647058823527
AT2G33435	13.852727272727275
AT2G33450	168.27777777777777
AT2G33460	13.153846153846153
AT2G33470	66.65454545454546
AT2G33480	26.75925925925926
AT2G33490	12.945454545454545
AT2G33500	12.43818181818182
AT2G33510	18.745454545454546
AT2G33520	0.30000000000000004
AT2G33530	28.166666666666668
AT2G33540	12.909090909090908
AT2G33550	15.345454545454546
AT2G33560	9.25925925925926
AT2G33570	22.77777777777778
AT2G33580	8.977777777777778
AT2G33585	9.82909090909091
AT2G33590	32.388888888888886
AT2G33600	23.5
AT2G33610	26.365454545454543
AT2G33620	28.054545454545455
AT2G33630	43.981818181818184
AT2G33640	2.087037037037037
AT2G33650	8.5
AT2G33655	0.30000000000000004
AT2G33670	7.111111111111111
AT2G33680	2.7199999999999998
AT2G33690	9.391666666666667
AT2G33700	19.927272727272726
AT2G33705	0.7
AT2G33710	4.14
AT2G33720	0.25
AT2G33730	49.30909090909091
AT2G33735	7.301851851851852
AT2G33740	34.57818181818182
AT2G33750	1.349056603773585
AT2G33760	1.0888888888888888
AT2G33770	69.80181818181818
AT2G33775	68.39574468085107
AT2G33780	0.3692307692307692
AT2G33790	88.34137931034482
AT2G33793	5.653846153846154
AT2G33796	0.25
AT2G33800	436.20181818181817
AT2G33810	0.18666666666666668
AT2G33815	0.2
AT2G33820	10.656363636363636
AT2G33830	394.5740740740741
AT2G33835	7.163636363636364
AT2G33840	26.21818181818182
AT2G33845	12.874545454545455
AT2G33847	0.9823529411764707
AT2G33850	111.77692307692307
AT2G33855	41.29272727272727
AT2G33860	19.48148148148148
AT2G33870	13.75
AT2G33880	3.2333333333333334
AT2G33890	1.5636363636363635
AT2G33900	2.038888888888889
AT2G33910	1.875
AT2G33920	0.7666666666666666
AT2G33930	1.3199999999999998
AT2G33940	1.4333333333333333
AT2G33950	3.766666666666667
AT2G33970	1.5
AT2G33980	3.5781818181818186
AT2G33990	20.203636363636363
AT2G34000	1.444736842105263
AT2G34010	2.4148148148148145
AT2G34020	9.06
AT2G34030	0.396551724137931
AT2G34040	42.5
AT2G34050	14.510909090909092
AT2G34060	7.3584905660377355
AT2G34070	31.64814814814815
AT2G34080	1.9119999999999997
AT2G34090	13.24181818181818
AT2G34100	0.29090909090909095
AT2G34110	0.4666666666666666
AT2G34120	0.5
AT2G34123	0.8000000000000002
AT2G34140	3.150943396226415
AT2G34150	6.283018867924528
AT2G34160	37.92363636363637
AT2G34170	14.755555555555555
AT2G34180	1.5907407407407408
AT2G34185	0.611764705882353
AT2G34190	11.153703703703703
AT2G34200	7.481481481481482
AT2G34202	5.3
AT2G34208	2.0
AT2G34210	0.5894736842105263
AT2G34220	0.37800000000000006
AT2G34224	0.4526315789473684
AT2G34230	0.27555555555555555
AT2G34238	0.7913043478260869
AT2G34240	0.8352941176470589
AT2G34250	215.72727272727272
AT2G34260	13.962962962962964
AT2G34270	0.325
AT2G34280	0.13333333333333333
AT2G34290	0.42500000000000004
AT2G34300	33.7037037037037
AT2G34310	32.2962962962963
AT2G34315	1.175
AT2G34317	0.4
AT2G34320	0.2727272727272727
AT2G34325	0.39249999999999996
AT2G34340	3.235185185185185
AT2G34350	1.384375
AT2G34355	6.37037037037037
AT2G34357	25.09259259259259
AT2G34360	1.392
AT2G34370	0.18
AT2G34380	6.741818181818182
AT2G34390	0.6441860465116279
AT2G34400	2.738888888888889
AT2G34410	14.114545454545453
AT2G34430	1756.977358490566
AT2G34440	0.13333333333333333
AT2G34450	4.007407407407407
AT2G34460	81.4074074074074
AT2G34470	72.91454545454546
AT2G34480	653.2727272727273
AT2G34490	15.5
AT2G34500	9.178431372549019
AT2G34510	30.037037037037038
AT2G34520	46.21272727272727
AT2G34530	1.9500000000000002
AT2G34540	0.988235294117647
AT2G34555	0.1941176470588235
AT2G34560	87.65636363636364
AT2G34570	14.944444444444445
AT2G34580	0.27948717948717955
AT2G34585	79.07272727272728
AT2G34590	102.58545454545454
AT2G34600	8.445833333333333
AT2G34610	3.6547619047619047
AT2G34620	66.89259259259259
AT2G34630	35.92545454545455
AT2G34640	63.94444444444444
AT2G34650	5.833333333333333
AT2G34655	8.236734693877551
AT2G34660	31.96
AT2G34670	3.942592592592592
AT2G34680	26.61111111111111
AT2G34690	50.054545454545455
AT2G34700	2.7735294117647062
AT2G34710	27.84181818181818
AT2G34720	27.045454545454547
AT2G34730	13.001818181818182
AT2G34740	0.5
AT2G34750	57.552727272727275
AT2G34770	76.07272727272728
AT2G34780	9.153703703703703
AT2G34790	6.603636363636364
AT2G34810	30.09259259259259
AT2G34820	0.2857142857142857
AT2G34825	32.61666666666667
AT2G34830	3.559183673469388
AT2G34840	13.15090909090909
AT2G34850	1.5846153846153848
AT2G34860	159.1690909090909
AT2G34870	101.81111111111112
AT2G34880	0.15000000000000002
AT2G34890	0.6571428571428571
AT2G34900	24.274545454545454
AT2G34910	3.7459459459459468
AT2G34920	3.6127272727272723
AT2G34925	3.5222222222222226
AT2G34930	14.85818181818182
AT2G34940	2.5576923076923075
AT2G34950	1.0
AT2G34960	1.887037037037037
AT2G34970	20.683636363636364
AT2G34980	2.24
AT2G34985	1.1
AT2G34990	0.3333333333333333
AT2G35000	6.303921568627451
AT2G35010	32.46181818181818
AT2G35020	27.84181818181818
AT2G35030	3.5407407407407407
AT2G35035	2.885185185185185
AT2G35040	66.31481481481481
AT2G35050	70.56545454545454
AT2G35060	26.24074074074074
AT2G35070	0.8951219512195121
AT2G35075	1.2020408163265308
AT2G35080	0.275
AT2G35090	0.2
AT2G35100	12.516363636363636
AT2G35110	20.27777777777778
AT2G35120	90.38181818181818
AT2G35130	18.133333333333333
AT2G35140	1.1381818181818182
AT2G35150	5.341818181818182
AT2G35155	15.462962962962964
AT2G35160	2.1981818181818182
AT2G35170	5.890909090909091
AT2G35190	29.4
AT2G35200	0.8489361702127659
AT2G35210	6.222641509433961
AT2G35215	12.942857142857141
AT2G35230	12.501818181818182
AT2G35240	47.24363636363636
AT2G35250	1.2714285714285716
AT2G35260	154.74074074074073
AT2G35270	7.552941176470589
AT2G35280	0.2
AT2G35290	6.413207547169811
AT2G35300	7.032500000000001
AT2G35310	6.627083333333334
AT2G35320	19.70909090909091
AT2G35330	25.396363636363635
AT2G35340	6.154545454545454
AT2G35343	4.182352941176471
AT2G35345	2.24375
AT2G35350	5.55
AT2G35360	8.489090909090908
AT2G35370	576.7962962962963
AT2G35380	13.508510638297873
AT2G35382	82.20689655172414
AT2G35384	96.72083333333335
AT2G35387	72.81785714285715
AT2G35390	39.89818181818182
AT2G35410	119.3
AT2G35420	0.7019607843137255
AT2G35430	6.277777777777778
AT2G35450	24.136363636363637
AT2G35460	0.4
AT2G35470	27.574074074074073
AT2G35480	5.4381818181818184
AT2G35490	119.27272727272727
AT2G35500	40.347272727272724
AT2G35510	31.236363636363638
AT2G35520	29.69090909090909
AT2G35530	17.21818181818182
AT2G35540	6.1836363636363645
AT2G35550	1.2145454545454542
AT2G35555	0.4043478260869566
AT2G35580	0.5
AT2G35585	2.9843137254901966
AT2G35600	1.4745454545454544
AT2G35605	28.347272727272724
AT2G35610	32.38181818181818
AT2G35612	0.9206896551724137
AT2G35615	1.44
AT2G35620	23.35185185185185
AT2G35630	30.29090909090909
AT2G35635	105.05454545454545
AT2G35637	0.3
AT2G35650	15.363636363636363
AT2G35658	2.0884615384615386
AT2G35660	10.332727272727272
AT2G35670	0.23636363636363636
AT2G35680	75.7090909090909
AT2G35690	11.981818181818182
AT2G35700	4.256603773584906
AT2G35710	3.069090909090909
AT2G35720	13.5
AT2G35730	1.7272727272727273
AT2G35733	0.7607142857142858
AT2G35736	12.183636363636364
AT2G35738	0.45094339622641505
AT2G35742	8.104545454545455
AT2G35744	147.62745098039215
AT2G35750	2.3905660377358493
AT2G35760	15.444444444444445
AT2G35765	334.46666666666664
AT2G35770	6.257446808510639
AT2G35780	55.98148148148148
AT2G35790	48.129090909090905
AT2G35795	43.018181818181816
AT2G35800	30.678181818181816
AT2G35810	30.814814814814813
AT2G35820	21.12727272727273
AT2G35830	92.93090909090911
AT2G35840	42.945454545454545
AT2G35859	0.11764705882352941
AT2G35860	4.675471698113208
AT2G35880	41.983636363636364
AT2G35890	0.8633333333333333
AT2G35900	15.35818181818182
AT2G35910	5.7433962264150935
AT2G35920	19.574074074074073
AT2G35930	14.959259259259259
AT2G35940	33.72222222222222
AT2G35945	0.15599999999999997
AT2G35950	1.8980000000000001
AT2G35960	40.56909090909091
AT2G35965	0.1142857142857143
AT2G35970	0.20000000000000004
AT2G35980	6.779166666666666
AT2G35990	0.5833333333333334
AT2G36000	51.165454545454544
AT2G36010	6.46909090909091
AT2G36020	165.3375
AT2G36026	8.443396226415095
AT2G36050	10.88888888888889
AT2G36060	101.54545454545455
AT2G36070	27.069090909090907
AT2G36080	5.420370370370371
AT2G36090	11.116666666666665
AT2G36100	92.715
AT2G36110	0.5500000000000002
AT2G36120	456.4218181818182
AT2G36130	50.018181818181816
AT2G36140	1.15
AT2G36145	87.68909090909091
AT2G36150	1.3800000000000001
AT2G36160	345.1636363636364
AT2G36170	210.4
AT2G36180	0.26842105263157895
AT2G36190	24.52857142857143
AT2G36200	12.209090909090909
AT2G36210	1.9545454545454548
AT2G36220	6.412962962962963
AT2G36230	27.456363636363633
AT2G36240	26.929090909090906
AT2G36250	59.38363636363636
AT2G36255	3.871428571428571
AT2G36260	0.4333333333333334
AT2G36270	6.385185185185185
AT2G36280	1.0
AT2G36290	33.872727272727275
AT2G36295	1.945238095238095
AT2G36300	23.145454545454545
AT2G36305	7.621818181818182
AT2G36307	7.151851851851852
AT2G36310	36.78181818181818
AT2G36320	84.30909090909091
AT2G36325	0.705
AT2G36330	13.25925925925926
AT2G36340	7.0
AT2G36350	10.314814814814815
AT2G36355	2.035185185185185
AT2G36360	12.983636363636364
AT2G36370	4.153703703703704
AT2G36380	51.092592592592595
AT2G36390	70.85454545454546
AT2G36400	21.254545454545454
AT2G36410	52.48148148148148
AT2G36420	26.145454545454545
AT2G36430	18.09259259259259
AT2G36440	0.6416666666666666
AT2G36450	0.45
AT2G36460	104.67636363636363
AT2G36470	7.825454545454545
AT2G36480	13.0
AT2G36490	19.680000000000003
AT2G36500	2.8163636363636364
AT2G36510	0.75
AT2G36530	563.1454545454545
AT2G36540	1.3651162790697675
AT2G36550	0.3
AT2G36560	0.29090909090909095
AT2G36570	26.661818181818184
AT2G36580	73.92727272727272
AT2G36590	6.459615384615385
AT2G36610	0.6878787878787879
AT2G36620	290.5272727272727
AT2G36630	28.48545454545454
AT2G36640	0.713953488372093
AT2G36650	3.788461538461539
AT2G36660	2.643137254901961
AT2G36670	9.944444444444445
AT2G36680	26.167272727272728
AT2G36690	5.914583333333333
AT2G36695	1.1387096774193548
AT2G36700	0.3333333333333333
AT2G36710	0.4133333333333333
AT2G36720	20.90740740740741
AT2G36724	0.4857142857142857
AT2G36730	4.474074074074074
AT2G36740	13.021818181818183
AT2G36750	3.610416666666667
AT2G36760	0.4071428571428571
AT2G36770	2.1058823529411765
AT2G36780	2.225531914893617
AT2G36792	0.28974358974358977
AT2G36800	21.32037037037037
AT2G36810	14.727272727272727
AT2G36815	0.5793103448275863
AT2G36830	839.3290909090908
AT2G36835	91.52727272727273
AT2G36840	6.963636363636364
AT2G36850	34.18181818181818
AT2G36860	2.5
AT2G36870	25.324074074074073
AT2G36880	378.4727272727273
AT2G36885	32.648148148148145
AT2G36890	9.352830188679246
AT2G36895	38.72727272727273
AT2G36900	22.527272727272727
AT2G36910	50.74727272727272
AT2G36920	0.1909090909090909
AT2G36930	81.23818181818183
AT2G36950	35.45818181818182
AT2G36960	9.254545454545454
AT2G36970	11.21111111111111
AT2G36980	1.6592592592592592
AT2G36985	1.1681818181818182
AT2G36990	72.16363636363636
AT2G37000	0.6039215686274509
AT2G37010	9.685714285714285
AT2G37020	21.68909090909091
AT2G37025	4.720370370370371
AT2G37030	1.28
AT2G37035	17.472727272727273
AT2G37040	148.62962962962962
AT2G37050	27.24074074074074
AT2G37060	12.763636363636364
AT2G37070	1.5716981132075472
AT2G37080	36.03703703703704
AT2G37090	7.501851851851852
AT2G37100	6.222222222222222
AT2G37110	118.85454545454546
AT2G37120	51.03454545454546
AT2G37125	0.1
AT2G37130	201.32592592592593
AT2G37140	0.3
AT2G37150	4.9781818181818185
AT2G37160	11.763636363636364
AT2G37170	244.24074074074073
AT2G37180	69.60181818181817
AT2G37190	334.96363636363634
AT2G37195	4.6890909090909085
AT2G37200	34.33090909090909
AT2G37210	1.918
AT2G37220	873.1290909090909
AT2G37230	20.22
AT2G37240	40.4
AT2G37250	54.345454545454544
AT2G37260	3.5735849056603777
AT2G37270	182.61818181818182
AT2G37280	2.9925925925925925
AT2G37290	1.4000000000000001
AT2G37300	5.922641509433962
AT2G37310	4.125925925925926
AT2G37320	2.2425925925925925
AT2G37330	10.678181818181818
AT2G37340	65.03636363636363
AT2G37360	0.15
AT2G37362	0.15454545454545454
AT2G37370	1.3046511627906978
AT2G37380	6.413207547169811
AT2G37390	7.186274509803922
AT2G37400	26.38888888888889
AT2G37410	120.14545454545454
AT2G37420	7.874545454545454
AT2G37430	3.5749999999999993
AT2G37435	0.225
AT2G37440	2.521951219512195
AT2G37450	20.745454545454546
AT2G37460	20.703703703703702
AT2G37470	61.29090909090909
AT2G37480	100.98181818181818
AT2G37500	37.370370370370374
AT2G37510	7.8163636363636355
AT2G37520	16.2
AT2G37530	3.162264150943396
AT2G37540	24.632727272727273
AT2G37550	40.345454545454544
AT2G37555	0.18571428571428575
AT2G37560	2.9963636363636366
AT2G37570	29.4
AT2G37580	7.981481481481482
AT2G37585	15.0
AT2G37590	3.5407407407407407
AT2G37600	90.58545454545454
AT2G37610	2.0634615384615382
AT2G37620	36.945454545454545
AT2G37630	48.2962962962963
AT2G37640	49.96
AT2G37650	6.203636363636363
AT2G37660	415.3109090909091
AT2G37670	2.330612244897959
AT2G37678	24.444444444444443
AT2G37680	15.112727272727273
AT2G37690	16.537037037037038
AT2G37700	1.3093023255813954
AT2G37710	53.19454545454545
AT2G37720	0.726829268292683
AT2G37730	0.7285714285714286
AT2G37740	0.7178571428571429
AT2G37750	38.88148148148149
AT2G37760	34.8
AT2G37770	14.28888888888889
AT2G37780	0.28
AT2G37790	24.12962962962963
AT2G37800	0.3666666666666667
AT2G37805	0.49090909090909096
AT2G37810	0.7111111111111111
AT2G37820	2.138888888888889
AT2G37840	13.618181818181819
AT2G37860	37.2
AT2G37870	15.075471698113208
AT2G37880	1.1520833333333333
AT2G37890	4.7592592592592595
AT2G37900	1.9603773584905662
AT2G37910	0.1
AT2G37920	25.925925925925927
AT2G37925	1.9735849056603771
AT2G37930	5.016666666666667
AT2G37940	46.19090909090909
AT2G37950	4.963636363636364
AT2G37960	1.960377358490566
AT2G37970	32.03636363636364
AT2G37975	22.574545454545454
AT2G37980	6.04909090909091
AT2G37990	63.46296296296296
AT2G38000	20.254545454545454
AT2G38010	16.22
AT2G38020	24.8
AT2G38025	40.01851851851852
AT2G38030	2.0
AT2G38040	138.56363636363636
AT2G38050	20.352727272727275
AT2G38060	2.311111111111111
AT2G38070	3.2777777777777777
AT2G38080	26.0
AT2G38090	7.305454545454546
AT2G38100	0.4416666666666667
AT2G38110	29.11666666666667
AT2G38120	66.92592592592592
AT2G38130	29.78909090909091
AT2G38140	461.29272727272723
AT2G38150	0.22727272727272727
AT2G38152	0.8260869565217391
AT2G38160	4.313207547169812
AT2G38170	146.40740740740742
AT2G38180	11.777777777777779
AT2G38185	3.7388888888888885
AT2G38195	0.12000000000000002
AT2G38210	2.1962264150943396
AT2G38220	0.23333333333333336
AT2G38230	169.57407407407408
AT2G38240	65.01136363636364
AT2G38250	4.094545454545455
AT2G38255	0.7465116279069766
AT2G38270	89.76363636363637
AT2G38280	34.696363636363635
AT2G38290	26.24074074074074
AT2G38300	5.128301886792453
AT2G38310	81.16666666666667
AT2G38320	4.924074074074074
AT2G38325	0.7636363636363636
AT2G38330	28.527272727272727
AT2G38340	1.0553191489361704
AT2G38350	0.44375
AT2G38360	30.90740740740741
AT2G38365	0.13333333333333333
AT2G38370	9.905454545454544
AT2G38380	95.51489361702127
AT2G38390	63.70232558139534
AT2G38400	52.07272727272727
AT2G38410	19.836363636363636
AT2G38420	6.124074074074074
AT2G38430	2.5685185185185184
AT2G38440	26.055555555555557
AT2G38450	22.29090909090909
AT2G38460	7.445454545454545
AT2G38465	15.439622641509434
AT2G38470	63.71090909090909
AT2G38480	9.947272727272725
AT2G38490	0.9192307692307692
AT2G38500	12.496363636363636
AT2G38510	0.34444444444444444
AT2G38530	334.34909090909093
AT2G38540	1602.490909090909
AT2G38550	55.63999999999999
AT2G38560	24.545454545454547
AT2G38570	6.750909090909091
AT2G38580	18.12727272727273
AT2G38590	0.18749999999999997
AT2G38600	2.4379999999999997
AT2G38610	25.72222222222222
AT2G38620	5.583636363636364
AT2G38630	9.592592592592593
AT2G38640	16.462962962962962
AT2G38646	0.5333333333333333
AT2G38650	36.14545454545455
AT2G38660	10.444444444444445
AT2G38670	59.49090909090909
AT2G38680	11.818181818181818
AT2G38690	0.4172413793103449
AT2G38695	8.038181818181819
AT2G38700	52.69090909090909
AT2G38710	36.276363636363634
AT2G38720	3.9527272727272726
AT2G38730	19.90909090909091
AT2G38740	46.345454545454544
AT2G38750	30.30909090909091
AT2G38760	14.670909090909092
AT2G38770	18.60181818181818
AT2G38780	10.592592592592593
AT2G38800	97.37037037037037
AT2G38810	21.854545454545455
AT2G38820	12.409090909090908
AT2G38823	3.2339622641509433
AT2G38830	4.818181818181818
AT2G38840	16.12727272727273
AT2G38860	38.98148148148148
AT2G38870	100.6
AT2G38880	14.567272727272728
AT2G38890	0.26875
AT2G38900	5.1000000000000005
AT2G38905	1.56
AT2G38910	8.028571428571428
AT2G38920	0.5583333333333333
AT2G38940	16.907272727272726
AT2G38950	23.643636363636364
AT2G38960	12.669090909090908
AT2G38970	11.555555555555555
AT2G38995	8.204081632653061
AT2G39000	28.296363636363637
AT2G39010	195.6851851851852
AT2G39020	48.130909090909086
AT2G39030	38.16410256410256
AT2G39040	10.572413793103449
AT2G39050	28.636363636363637
AT2G39060	76.11428571428571
AT2G39080	62.349090909090904
AT2G39090	12.61111111111111
AT2G39100	8.961818181818181
AT2G39110	8.250943396226415
AT2G39120	3.0629629629629624
AT2G39130	20.454545454545453
AT2G39140	35.96296296296296
AT2G39160	0.25999999999999995
AT2G39170	24.0
AT2G39175	1.7149999999999999
AT2G39180	4.925925925925926
AT2G39190	51.03703703703704
AT2G39200	16.60188679245283
AT2G39210	26.74074074074074
AT2G39220	13.185185185185185
AT2G39230	1.2735849056603774
AT2G39240	0.634
AT2G39250	18.95686274509804
AT2G39260	24.0
AT2G39270	28.90909090909091
AT2G39280	20.15090909090909
AT2G39290	30.772727272727273
AT2G39300	4.096363636363636
AT2G39310	177.07500000000002
AT2G39320	0.4
AT2G39330	35.316
AT2G39340	25.490909090909092
AT2G39350	14.685454545454546
AT2G39355	0.25
AT2G39360	11.074074074074074
AT2G39370	2.4850000000000003
AT2G39375	0.16
AT2G39380	0.15000000000000002
AT2G39390	180.8109090909091
AT2G39400	20.656363636363636
AT2G39410	5.16595744680851
AT2G39415	0.5888888888888889
AT2G39420	43.99818181818182
AT2G39430	20.350909090909084
AT2G39435	5.572727272727272
AT2G39440	8.685454545454546
AT2G39445	6.474545454545455
AT2G39450	39.888888888888886
AT2G39460	330.5581818181818
AT2G39470	188.52222222222224
AT2G39480	14.672727272727272
AT2G39490	0.38750000000000007
AT2G39500	17.403636363636366
AT2G39510	9.36734693877551
AT2G39518	8.79433962264151
AT2G39530	16.03404255319149
AT2G39540	0.625
AT2G39550	19.438181818181818
AT2G39560	4.32962962962963
AT2G39570	104.07272727272728
AT2G39580	21.34181818181818
AT2G39590	0.43333333333333335
AT2G39620	0.5509433962264151
AT2G39630	23.35818181818182
AT2G39640	0.6625
AT2G39650	9.581818181818182
AT2G39660	20.22222222222222
AT2G39670	70.03703703703704
AT2G39675	14.137037037037036
AT2G39681	23.40740740740741
AT2G39690	3.0129629629629626
AT2G39700	139.4
AT2G39705	7.883333333333333
AT2G39710	11.165454545454546
AT2G39720	30.745454545454546
AT2G39725	8.090909090909092
AT2G39730	4577.112727272727
AT2G39740	12.425925925925926
AT2G39750	25.62363636363636
AT2G39760	22.818181818181817
AT2G39770	159.21818181818182
AT2G39780	78.9090909090909
AT2G39782	1.0
AT2G39790	0.28
AT2G39795	19.98148148148148
AT2G39800	105.21818181818182
AT2G39805	21.87272727272727
AT2G39810	20.49818181818182
AT2G39820	0.9348837209302326
AT2G39830	3.6425925925925924
AT2G39840	21.37454545454545
AT2G39850	29.243137254901963
AT2G39851	3.566666666666667
AT2G39855	1.6085714285714285
AT2G39870	33.611111111111114
AT2G39880	3.7888888888888888
AT2G39885	1.45
AT2G39890	31.672727272727272
AT2G39900	56.4
AT2G39910	8.055555555555555
AT2G39920	13.229411764705883
AT2G39930	19.356363636363636
AT2G39940	26.143636363636364
AT2G39950	17.90909090909091
AT2G39960	65.05454545454545
AT2G39970	63.85454545454545
AT2G39980	11.074074074074074
AT2G39990	77.01818181818182
AT2G40000	134.14545454545456
AT2G40004	0.21666666666666667
AT2G40008	0.4
AT2G40010	6.887272727272728
AT2G40020	14.556363636363637
AT2G40030	4.975925925925925
AT2G40050	0.25
AT2G40060	147.95818181818183
AT2G40070	22.574074074074073
AT2G40080	94.44545454545455
AT2G40085	7.441818181818182
AT2G40090	14.381818181818181
AT2G40095	6.025925925925925
AT2G40100	42.666666666666664
AT2G40110	29.27777777777778
AT2G40113	8.219148936170214
AT2G40116	39.02
AT2G40120	5.232727272727272
AT2G40130	7.157407407407407
AT2G40140	52.25636363636364
AT2G40150	10.348148148148148
AT2G40160	1.8545454545454545
AT2G40165	0.15
AT2G40170	1.9952380952380953
AT2G40180	1.7314814814814814
AT2G40190	13.530909090909091
AT2G40200	1.9538461538461538
AT2G40205	101.70370370370371
AT2G40210	0.2333333333333333
AT2G40220	0.38333333333333336
AT2G40230	9.492592592592594
AT2G40240	3.5545454545454547
AT2G40250	0.6615384615384615
AT2G40260	6.12962962962963
AT2G40270	31.925925925925927
AT2G40280	20.363636363636363
AT2G40290	80.32727272727273
AT2G40300	48.81481481481482
AT2G40310	0.44999999999999996
AT2G40316	18.8
AT2G40320	7.542592592592593
AT2G40330	9.40925925925926
AT2G40340	3.0207547169811324
AT2G40350	1.0833333333333333
AT2G40360	62.10545454545455
AT2G40370	5.804255319148935
AT2G40380	40.12777777777778
AT2G40390	3.712962962962963
AT2G40400	34.85454545454545
AT2G40410	26.165454545454544
AT2G40420	13.545454545454545
AT2G40430	46.1
AT2G40435	5.2620000000000005
AT2G40440	0.7941176470588234
AT2G40450	0.38
AT2G40460	25.331481481481482
AT2G40470	3.1980392156862743
AT2G40475	27.6
AT2G40480	16.861818181818183
AT2G40490	172.27272727272728
AT2G40500	0.39999999999999997
AT2G40510	197.01818181818183
AT2G40520	6.366666666666667
AT2G40530	4.166666666666667
AT2G40540	32.28909090909091
AT2G40550	12.272727272727273
AT2G40560	0.25
AT2G40570	7.801818181818183
AT2G40580	0.19999999999999998
AT2G40590	105.24545454545455
AT2G40600	42.074074074074076
AT2G40610	76.70370370370371
AT2G40620	24.381818181818183
AT2G40630	6.34
AT2G40640	6.5
AT2G40650	35.29090909090909
AT2G40660	45.611111111111114
AT2G40670	8.236363636363636
AT2G40690	12.056363636363637
AT2G40700	13.510909090909092
AT2G40710	0.8416666666666667
AT2G40711	3.1363636363636362
AT2G40715	1.4893617021276595
AT2G40720	1.9188679245283016
AT2G40730	41.41818181818182
AT2G40740	0.7069767441860466
AT2G40745	0.26666666666666666
AT2G40750	16.10943396226415
AT2G40760	20.965454545454545
AT2G40765	101.9090909090909
AT2G40770	6.764814814814815
AT2G40780	8.52909090909091
AT2G40790	1.0324324324324323
AT2G40800	17.327272727272728
AT2G40805	1.1333333333333333
AT2G40810	7.225454545454545
AT2G40815	8.462962962962964
AT2G40820	18.64814814814815
AT2G40830	24.296296296296298
AT2G40840	85.25818181818181
AT2G40850	30.29090909090909
AT2G40860	10.636363636363637
AT2G40880	175.0127272727273
AT2G40890	78.87037037037037
AT2G40900	22.177777777777777
AT2G40910	0.24000000000000002
AT2G40920	17.927272727272726
AT2G40925	0.175
AT2G40930	14.785454545454547
AT2G40935	8.37037037037037
AT2G40940	48.18518518518518
AT2G40950	18.765454545454542
AT2G40955	0.1416666666666667
AT2G40960	11.981481481481481
AT2G40970	17.5
AT2G40980	15.981481481481481
AT2G40990	56.512499999999996
AT2G40995	1.8500000000000003
AT2G41000	7.818181818181818
AT2G41010	19.54909090909091
AT2G41020	9.82
AT2G41040	18.565454545454546
AT2G41050	6.047272727272728
AT2G41060	14.945454545454545
AT2G41070	5.909090909090909
AT2G41080	7.703703703703703
AT2G41082	6.509433962264151
AT2G41090	241.57407407407408
AT2G41100	86.88888888888889
AT2G41105	3.5461538461538455
AT2G41110	45.29090909090909
AT2G41120	10.034545454545453
AT2G41130	7.12962962962963
AT2G41140	36.16909090909091
AT2G41150	5.7727272727272725
AT2G41160	24.69090909090909
AT2G41170	11.714545454545453
AT2G41178	0.155
AT2G41190	8.498181818181818
AT2G41200	10.809090909090909
AT2G41210	6.681818181818182
AT2G41220	37.77272727272727
AT2G41225	0.3857142857142857
AT2G41230	1.0794871794871794
AT2G41231	0.1
AT2G41240	14.065909090909093
AT2G41250	40.163636363636364
AT2G41260	4.483333333333333
AT2G41280	1.3119999999999998
AT2G41290	7.565454545454545
AT2G41300	4.087037037037037
AT2G41310	21.905454545454546
AT2G41312	7.371698113207547
AT2G41330	5.351851851851852
AT2G41340	3.760377358490566
AT2G41350	15.161818181818182
AT2G41360	0.36
AT2G41370	7.3314814814814815
AT2G41380	26.585185185185182
AT2G41390	0.275
AT2G41400	0.4333333333333333
AT2G41410	136.12727272727273
AT2G41415	1.31
AT2G41420	119.07272727272728
AT2G41430	715.574074074074
AT2G41440	8.836363636363636
AT2G41445	3.6851851851851847
AT2G41450	1.6618181818181819
AT2G41451	0.2518518518518518
AT2G41460	7.901818181818181
AT2G41470	0.49705882352941183
AT2G41473	0.2
AT2G41475	70.54545454545455
AT2G41480	14.853061224489794
AT2G41490	14.743636363636364
AT2G41500	17.638181818181817
AT2G41505	1.9444444444444446
AT2G41510	1.069811320754717
AT2G41515	0.18333333333333335
AT2G41520	11.47090909090909
AT2G41530	109.85454545454546
AT2G41540	32.53703703703704
AT2G41550	7.2185185185185174
AT2G41560	51.33090909090909
AT2G41590	0.5349999999999999
AT2G41600	18.136363636363637
AT2G41610	0.34545454545454546
AT2G41616	0.8
AT2G41620	19.8
AT2G41630	66.6
AT2G41640	9.64074074074074
AT2G41650	34.03703703703704
AT2G41660	30.288679245283017
AT2G41670	6.238181818181818
AT2G41680	143.82
AT2G41690	1.1456521739130436
AT2G41700	13.178181818181818
AT2G41705	10.277777777777779
AT2G41710	22.796296296296298
AT2G41720	21.74074074074074
AT2G41730	6.6454545454545455
AT2G41740	53.90909090909091
AT2G41750	0.15714285714285717
AT2G41760	10.851851851851851
AT2G41770	15.074074074074074
AT2G41780	8.952727272727273
AT2G41790	43.09090909090909
AT2G41800	18.295833333333334
AT2G41810	6.797916666666667
AT2G41820	22.166666666666668
AT2G41830	7.472727272727273
AT2G41835	8.054545454545455
AT2G41840	602.709090909091
AT2G41850	1.8289473684210527
AT2G41860	54.73333333333334
AT2G41870	27.037037037037038
AT2G41880	12.054545454545455
AT2G41890	9.74074074074074
AT2G41900	56.72222222222222
AT2G41905	152.0418181818182
AT2G41910	0.26666666666666666
AT2G41920	0.25
AT2G41930	0.16999999999999998
AT2G41940	39.807843137254906
AT2G41945	13.3
AT2G41950	31.98148148148148
AT2G41960	22.272727272727273
AT2G41970	7.422222222222222
AT2G41980	19.4
AT2G41990	7.166666666666667
AT2G41997	0.45
AT2G42000	0.35000000000000003
AT2G42005	23.927659574468084
AT2G42010	17.12727272727273
AT2G42030	23.254545454545454
AT2G42040	20.14814814814815
AT2G42060	8.186046511627907
AT2G42065	1.102857142857143
AT2G42070	29.647272727272725
AT2G42080	16.181818181818183
AT2G42090	0.15294117647058827
AT2G42100	0.23333333333333336
AT2G42110	9.88703703703704
AT2G42120	9.203636363636363
AT2G42130	44.18518518518518
AT2G42140	1.2214285714285713
AT2G42150	0.5530612244897959
AT2G42160	18.12727272727273
AT2G42170	8.247169811320756
AT2G42180	0.5750000000000001
AT2G42190	29.90740740740741
AT2G42200	10.407407407407407
AT2G42210	128.65454545454546
AT2G42220	405.9472727272727
AT2G42230	24.89090909090909
AT2G42240	9.092727272727274
AT2G42247	0.5811320754716981
AT2G42250	0.37142857142857144
AT2G42260	4.283333333333333
AT2G42270	12.18
AT2G42280	7.944444444444445
AT2G42290	6.142592592592592
AT2G42300	14.26
AT2G42310	110.69090909090909
AT2G42320	29.074074074074073
AT2G42330	8.614545454545455
AT2G42340	0.5043478260869564
AT2G42350	8.468627450980392
AT2G42365	0.7018518518518518
AT2G42380	16.527272727272727
AT2G42388	0.5393939393939394
AT2G42390	26.54909090909091
AT2G42395	2.5018518518518524
AT2G42400	18.30909090909091
AT2G42410	8.4625
AT2G42420	4.0
AT2G42430	2.8054054054054056
AT2G42440	0.46
AT2G42450	5.194444444444445
AT2G42455	0.4
AT2G42460	0.18
AT2G42465	0.25
AT2G42470	0.3666666666666667
AT2G42475	0.2
AT2G42480	0.23928571428571427
AT2G42485	15.12962962962963
AT2G42490	61.92727272727273
AT2G42500	70.14545454545454
AT2G42510	1.558181818181818
AT2G42520	26.818181818181817
AT2G42530	128.4392156862745
AT2G42540	216.34814814814814
AT2G42550	0.4666666666666666
AT2G42560	1.6321428571428573
AT2G42570	25.674074074074074
AT2G42580	34.388888888888886
AT2G42590	235.0036363636364
AT2G42600	190.11111111111111
AT2G42610	27.59259259259259
AT2G42620	23.48148148148148
AT2G42640	3.1351851851851853
AT2G42650	6.381481481481482
AT2G42660	2.8588235294117648
AT2G42670	10.81090909090909
AT2G42680	189.34545454545454
AT2G42690	100.46296296296296
AT2G42700	10.963636363636363
AT2G42710	27.838181818181816
AT2G42720	0.708
AT2G42725	0.5
AT2G42730	3.1333333333333333
AT2G42740	30.080000000000002
AT2G42750	107.92727272727272
AT2G42760	14.481481481481481
AT2G42770	48.054545454545455
AT2G42780	35.45454545454545
AT2G42790	49.81090909090909
AT2G42800	6.364
AT2G42810	33.78363636363636
AT2G42820	4.409259259259259
AT2G42830	6.618181818181819
AT2G42835	5.9
AT2G42840	363.14444444444445
AT2G42850	1.8595744680851063
AT2G42860	0.8999999999999999
AT2G42865	12.277777777777779
AT2G42870	12.13888888888889
AT2G42880	60.36363636363637
AT2G42885	6.481481481481482
AT2G42890	19.78363636363636
AT2G42900	14.444444444444445
AT2G42910	59.91636363636364
AT2G42920	3.5309090909090908
AT2G42940	0.19
AT2G42950	6.616363636363636
AT2G42955	1.1803921568627451
AT2G42960	5.037037037037037
AT2G42975	26.814814814814813
AT2G42980	5.412962962962963
AT2G42990	5.536170212765958
AT2G43000	3.7880000000000003
AT2G43010	41.69074074074074
AT2G43020	48.69090909090909
AT2G43030	542.4945454545455
AT2G43040	6.081818181818182
AT2G43050	12.968518518518518
AT2G43060	20.712962962962962
AT2G43070	29.930909090909093
AT2G43080	27.30909090909091
AT2G43090	185.2072727272727
AT2G43100	88.26296296296296
AT2G43110	17.51851851851852
AT2G43120	16.2
AT2G43130	32.351851851851855
AT2G43137	9.66578947368421
AT2G43138	6.550000000000001
AT2G43139	3.284375
AT2G43140	2.3877551020408165
AT2G43150	572.3703703703703
AT2G43160	99.03636363636363
AT2G43180	11.037037037037036
AT2G43190	6.592727272727273
AT2G43200	6.694545454545454
AT2G43210	22.44181818181818
AT2G43220	3.266666666666666
AT2G43230	32.07037037037038
AT2G43235	13.581818181818182
AT2G43240	11.623636363636363
AT2G43250	5.0181818181818185
AT2G43255	0.25
AT2G43260	8.823636363636364
AT2G43261	0.6
AT2G43270	0.5454545454545455
AT2G43280	13.796296296296296
AT2G43290	73.72222222222223
AT2G43310	1.4538461538461538
AT2G43320	12.945454545454545
AT2G43330	21.89090909090909
AT2G43340	34.165454545454544
AT2G43350	32.156363636363636
AT2G43360	55.347272727272724
AT2G43370	10.265454545454546
AT2G43375	2.785454545454545
AT2G43386	19.54285714285714
AT2G43390	3.7447368421052634
AT2G43400	19.445454545454545
AT2G43410	14.145454545454545
AT2G43420	21.70909090909091
AT2G43430	20.98148148148148
AT2G43440	1.6470588235294117
AT2G43445	4.424074074074074
AT2G43450	0.4538461538461538
AT2G43460	447.30181818181813
AT2G43465	4.1490909090909085
AT2G43470	0.726086956521739
AT2G43480	3.2583333333333337
AT2G43490	10.672727272727272
AT2G43500	6.501851851851852
AT2G43510	54.81818181818182
AT2G43520	14.728301886792451
AT2G43530	304.6296296296296
AT2G43535	80.85185185185185
AT2G43540	22.87454545454545
AT2G43550	257.6296296296296
AT2G43560	143.5185185185185
AT2G43570	34.0
AT2G43580	1.353846153846154
AT2G43590	82.48148148148148
AT2G43600	1.8619047619047617
AT2G43610	70.52830188679245
AT2G43620	28.42037037037037
AT2G43630	57.24181818181818
AT2G43640	37.85454545454545
AT2G43650	32.45636363636363
AT2G43660	1.2447368421052634
AT2G43670	6.9622222222222225
AT2G43680	97.75925925925925
AT2G43690	1.4166666666666667
AT2G43700	1.3581818181818182
AT2G43710	147.98181818181817
AT2G43720	4.944444444444445
AT2G43730	0.3
AT2G43740	0.22499999999999998
AT2G43745	0.35581395348837214
AT2G43750	147.36545454545455
AT2G43760	35.16909090909091
AT2G43770	38.51851851851852
AT2G43780	17.703703703703702
AT2G43790	55.4
AT2G43795	1.5333333333333332
AT2G43800	20.01666666666667
AT2G43810	36.38545454545454
AT2G43820	54.02407407407408
AT2G43840	1.8203703703703706
AT2G43850	12.041818181818181
AT2G43860	0.6000000000000001
AT2G43865	0.2666666666666667
AT2G43870	2.43
AT2G43880	5.211764705882352
AT2G43890	4.791666666666667
AT2G43900	9.118181818181819
AT2G43910	174.22222222222223
AT2G43920	12.387037037037036
AT2G43930	1.1924528301886792
AT2G43940	15.625454545454545
AT2G43945	78.2
AT2G43950	37.38545454545454
AT2G43960	0.41428571428571426
AT2G43970	427.1181818181818
AT2G43980	18.130909090909093
AT2G43990	2.72962962962963
AT2G44000	0.7959999999999999
AT2G44010	8.402222222222223
AT2G44020	7.765454545454546
AT2G44030	0.39999999999999997
AT2G44040	34.28363636363636
AT2G44050	89.5490909090909
AT2G44060	242.05454545454546
AT2G44065	33.92909090909091
AT2G44070	0.43043478260869567
AT2G44080	20.462962962962962
AT2G44090	28.70909090909091
AT2G44100	122.42
AT2G44110	6.2875000000000005
AT2G44120	157.9690909090909
AT2G44140	13.6
AT2G44150	17.65090909090909
AT2G44160	127.8
AT2G44175	0.2333333333333333
AT2G44180	33.129629629629626
AT2G44190	4.332727272727273
AT2G44195	0.3916666666666667
AT2G44198	0.2
AT2G44200	22.509090909090908
AT2G44210	62.351851851851855
AT2G44220	0.37
AT2G44230	28.074074074074073
AT2G44240	3.2666666666666666
AT2G44250	0.2424242424242424
AT2G44255	0.1
AT2G44270	18.72222222222222
AT2G44280	5.5618181818181816
AT2G44290	29.64814814814815
AT2G44300	19.10925925925926
AT2G44310	97.7090909090909
AT2G44320	1.7833333333333332
AT2G44330	0.3125
AT2G44340	2.0928571428571425
AT2G44350	110.8
AT2G44360	46.81272727272727
AT2G44370	9.588235294117649
AT2G44380	19.214583333333334
AT2G44390	1.1848484848484848
AT2G44400	0.7291666666666666
AT2G44410	29.2
AT2G44420	12.567272727272728
AT2G44430	17.212727272727275
AT2G44440	10.462962962962964
AT2G44450	9.04814814814815
AT2G44460	3.259183673469388
AT2G44470	0.5142857142857143
AT2G44480	2.533333333333333
AT2G44490	118.83333333333333
AT2G44500	28.444444444444443
AT2G44510	8.055555555555555
AT2G44520	32.236363636363635
AT2G44525	35.8
AT2G44530	39.82545454545455
AT2G44540	0.5666666666666667
AT2G44550	0.18000000000000002
AT2G44560	103.67777777777778
AT2G44570	0.725531914893617
AT2G44578	1.8903846153846153
AT2G44580	5.652727272727272
AT2G44581	0.2625
AT2G44590	0.28205128205128205
AT2G44600	5.92909090909091
AT2G44610	108.76363636363637
AT2G44620	122.85454545454546
AT2G44630	1.9396226415094342
AT2G44640	39.907407407407405
AT2G44650	127.2109090909091
AT2G44660	14.163636363636364
AT2G44670	133.6851851851852
AT2G44680	27.91090909090909
AT2G44690	4.32037037037037
AT2G44700	1.751851851851852
AT2G44710	20.327272727272728
AT2G44730	40.14545454545455
AT2G44735	2.9166666666666665
AT2G44740	14.814545454545454
AT2G44745	2.6816326530612242
AT2G44750	12.412727272727274
AT2G44760	32.803636363636365
AT2G44770	32.30909090909091
AT2G44790	177.125
AT2G44798	0.30000000000000004
AT2G44800	0.12000000000000002
AT2G44810	2.8142857142857145
AT2G44820	18.065454545454546
AT2G44830	11.518518518518519
AT2G44840	6.9603773584905655
AT2G44850	3.9036363636363633
AT2G44860	99.54727272727273
AT2G44870	87.89090909090909
AT2G44880	0.8592592592592591
AT2G44890	0.21666666666666667
AT2G44900	12.6
AT2G44910	2.9537037037037037
AT2G44920	72.6
AT2G44925	4.288888888888889
AT2G44930	1.4705882352941178
AT2G44940	20.62962962962963
AT2G44950	14.845454545454546
AT2G44970	26.6
AT2G44980	5.889090909090909
AT2G44990	0.3103448275862069
AT2G44993	0.2
AT2G44995	1.4280000000000002
AT2G45000	12.454545454545455
AT2G45010	21.30909090909091
AT2G45020	4.0
AT2G45023	4.845454545454546
AT2G45030	22.48148148148148
AT2G45040	1.7173076923076922
AT2G45050	14.794444444444446
AT2G45060	24.2
AT2G45070	195.45454545454547
AT2G45080	4.253703703703703
AT2G45100	6.348148148148148
AT2G45110	1.7
AT2G45120	1.6690909090909094
AT2G45130	2.9108695652173906
AT2G45135	0.8783783783783784
AT2G45140	60.14545454545455
AT2G45150	8.13090909090909
AT2G45160	26.494545454545456
AT2G45170	83.10909090909091
AT2G45180	1250.5925925925926
AT2G45190	39.522
AT2G45200	29.6
AT2G45210	10.149999999999999
AT2G45220	47.48431372549019
AT2G45240	32.45636363636363
AT2G45243	0.1
AT2G45245	1.9431372549019608
AT2G45250	25.945454545454545
AT2G45260	17.259999999999998
AT2G45270	16.425925925925927
AT2G45280	5.672727272727273
AT2G45290	23.727272727272727
AT2G45300	31.44909090909091
AT2G45315	0.3
AT2G45320	6.138181818181819
AT2G45330	21.254545454545454
AT2G45340	31.055555555555557
AT2G45350	1.6660377358490566
AT2G45360	2.241463414634146
AT2G45380	26.436363636363637
AT2G45390	0.4
AT2G45400	15.342592592592593
AT2G45403	38.44285714285714
AT2G45405	60.642857142857146
AT2G45406	1.65
AT2G45410	0.3975
AT2G45420	1.1104166666666668
AT2G45430	20.851219512195122
AT2G45440	39.529090909090904
AT2G45450	12.848148148148148
AT2G45460	6.448148148148149
AT2G45470	211.3148148148148
AT2G45480	3.7226415094339624
AT2G45490	5.203636363636363
AT2G45500	8.836363636363636
AT2G45510	15.925925925925926
AT2G45520	50.80545454545455
AT2G45530	5.444444444444445
AT2G45540	20.21818181818182
AT2G45550	0.42000000000000004
AT2G45560	28.43148148148148
AT2G45570	1.771153846153846
AT2G45580	11.747619047619045
AT2G45590	20.27777777777778
AT2G45600	10.381818181818181
AT2G45610	2.2775
AT2G45620	47.345454545454544
AT2G45630	12.056363636363637
AT2G45640	73.58181818181818
AT2G45650	3.861538461538462
AT2G45660	41.907272727272726
AT2G45670	69.85454545454546
AT2G45685	0.1
AT2G45690	11.254545454545454
AT2G45695	27.396363636363635
AT2G45700	18.856363636363636
AT2G45710	30.61090909090909
AT2G45720	6.222222222222222
AT2G45730	24.490909090909092
AT2G45740	125.63454545454545
AT2G45750	9.629090909090909
AT2G45760	2.9499999999999997
AT2G45770	47.20181818181818
AT2G45780	0.6822222222222223
AT2G45790	97.04363636363635
AT2G45800	8.833333333333334
AT2G45810	53.22545454545455
AT2G45820	293.6363636363636
AT2G45830	6.0
AT2G45840	0.7950000000000002
AT2G45850	20.085185185185182
AT2G45860	38.00727272727273
AT2G45870	3.52037037037037
AT2G45880	9.2
AT2G45890	3.8096153846153844
AT2G45900	3.2415094339622645
AT2G45910	18.05818181818182
AT2G45920	14.69074074074074
AT2G45930	0.9499999999999998
AT2G45940	0.37250000000000005
AT2G45950	13.854545454545455
AT2G45960	980.5490909090909
AT2G45970	26.636363636363637
AT2G45980	62.50909090909091
AT2G45990	45.89272727272727
AT2G46000	12.145454545454545
AT2G46020	28.545454545454547
AT2G46030	34.6
AT2G46040	4.5600000000000005
AT2G46050	0.49199999999999994
AT2G46060	10.147272727272728
AT2G46070	10.84074074074074
AT2G46080	32.74727272727272
AT2G46090	25.474545454545453
AT2G46100	55.71818181818182
AT2G46110	6.962962962962963
AT2G46120	0.7
AT2G46130	2.184375
AT2G46140	39.27272727272727
AT2G46150	6.849090909090909
AT2G46160	5.305454545454546
AT2G46170	39.78181818181818
AT2G46180	16.918181818181818
AT2G46190	0.3
AT2G46192	1.0116279069767444
AT2G46200	3.3636363636363638
AT2G46210	1.2000000000000002
AT2G46220	132.72727272727272
AT2G46225	30.656363636363636
AT2G46230	52.89454545454545
AT2G46240	10.056363636363637
AT2G46250	14.0
AT2G46255	0.6
AT2G46260	53.41818181818182
AT2G46270	20.76181818181818
AT2G46280	105.85454545454546
AT2G46290	7.654545454545454
AT2G46300	6.49245283018868
AT2G46308	0.55
AT2G46310	7.369090909090909
AT2G46320	12.127272727272727
AT2G46330	117.41818181818182
AT2G46340	40.10909090909091
AT2G46360	48.48125
AT2G46370	53.148148148148145
AT2G46375	0.675
AT2G46380	4.638888888888889
AT2G46390	149.6
AT2G46400	15.377358490566039
AT2G46410	5.7924528301886795
AT2G46420	16.203703703703702
AT2G46430	11.722222222222221
AT2G46440	12.150980392156864
AT2G46450	20.442592592592593
AT2G46455	1.0163265306122449
AT2G46460	0.16666666666666666
AT2G46470	24.552727272727275
AT2G46480	0.5275000000000001
AT2G46490	84.45454545454545
AT2G46493	0.2076923076923077
AT2G46494	0.22857142857142856
AT2G46495	4.720000000000001
AT2G46500	56.03636363636364
AT2G46505	68.85454545454546
AT2G46510	19.943636363636365
AT2G46520	23.01818181818182
AT2G46530	9.725925925925926
AT2G46535	20.685185185185187
AT2G46540	90.41818181818182
AT2G46550	55.32909090909091
AT2G46560	16.056363636363635
AT2G46570	0.6528301886792454
AT2G46572	0.21956521739130433
AT2G46580	26.581818181818182
AT2G46590	10.457407407407409
AT2G46600	153.54545454545453
AT2G46610	7.089090909090909
AT2G46620	14.101818181818182
AT2G46630	19.055555555555557
AT2G46640	8.328846153846154
AT2G46650	67.14814814814815
AT2G46660	3.830188679245283
AT2G46670	0.21481481481481485
AT2G46680	38.29272727272727
AT2G46685	1.5684210526315787
AT2G46690	37.42037037037037
AT2G46700	9.347272727272728
AT2G46710	24.62962962962963
AT2G46720	1.9470588235294117
AT2G46735	16.054545454545455
AT2G46740	11.258333333333335
AT2G46750	21.6475
AT2G46760	1.8309090909090906
AT2G46765	0.6333333333333333
AT2G46770	1.516
AT2G46780	15.511111111111111
AT2G46790	10.451020408163263
AT2G46800	38.69090909090909
AT2G46810	8.387037037037036
AT2G46820	1041.0618181818181
AT2G46830	42.39818181818181
AT2G46840	0.47857142857142854
AT2G46850	1.1387096774193548
AT2G46860	44.63142857142858
AT2G46870	16.91320754716981
AT2G46880	2.2157894736842105
AT2G46890	16.747272727272726
AT2G46900	31.490909090909092
AT2G46910	52.4
AT2G46915	26.545454545454547
AT2G46920	11.345454545454546
AT2G46930	24.462962962962962
AT2G46940	3.658
AT2G46950	2.3387755102040817
AT2G46960	2.0142857142857142
AT2G46970	2.7018518518518513
AT2G46980	4.738888888888888
AT2G46990	1.8145833333333332
AT2G46995	0.96
AT2G47000	25.92962962962963
AT2G47010	8.621818181818181
AT2G47020	9.10909090909091
AT2G47030	651.8062500000001
AT2G47040	1187.0857142857142
AT2G47050	208.75476190476198
AT2G47060	30.166666666666668
AT2G47070	64.91272727272727
AT2G47090	8.018181818181818
AT2G47100	2.0
AT2G47110	502.87636363636364
AT2G47115	0.8299999999999998
AT2G47120	3.6875
AT2G47130	22.20909090909091
AT2G47140	13.001886792452831
AT2G47150	0.675
AT2G47160	25.833333333333332
AT2G47170	248.85454545454544
AT2G47180	37.03703703703704
AT2G47190	5.846808510638298
AT2G47200	0.26000000000000006
AT2G47210	22.0
AT2G47220	7.137037037037037
AT2G47230	6.796363636363637
AT2G47240	73.16666666666667
AT2G47245	0.45625
AT2G47250	40.36363636363637
AT2G47260	5.6909090909090905
AT2G47270	11.313725490196079
AT2G47275	2.2264705882352938
AT2G47280	0.48571428571428577
AT2G47300	2.2145454545454544
AT2G47310	6.901851851851852
AT2G47320	95.12727272727273
AT2G47330	20.181818181818183
AT2G47340	29.438709677419357
AT2G47350	8.854545454545455
AT2G47360	6.890566037735849
AT2G47370	7.042592592592593
AT2G47380	51.78181818181818
AT2G47390	76.49454545454545
AT2G47400	861.0745454545454
AT2G47410	15.636363636363637
AT2G47420	40.36181818181819
AT2G47430	0.24
AT2G47440	39.838181818181816
AT2G47450	237.07407407407408
AT2G47460	6.234
AT2G47470	169.1818181818182
AT2G47480	0.4780487804878049
AT2G47485	15.94814814814815
AT2G47490	24.836363636363636
AT2G47500	17.796296296296298
AT2G47510	85.36363636363636
AT2G47520	2.1774999999999998
AT2G47530	5.567857142857143
AT2G47540	28.70967741935484
AT2G47550	4.996078431372549
AT2G47560	4.088461538461538
AT2G47570	0.35000000000000003
AT2G47580	32.41818181818182
AT2G47585	0.7571428571428571
AT2G47590	146.83818181818182
AT2G47600	30.327272727272728
AT2G47610	463.84909090909093
AT2G47620	13.08
AT2G47630	24.666666666666668
AT2G47640	45.5
AT2G47650	67.78181818181818
AT2G47670	2.8309090909090906
AT2G47680	4.885185185185185
AT2G47690	53.63636363636363
AT2G47700	58.49090909090909
AT2G47710	131.24
AT2G47730	264.76363636363635
AT2G47740	2.0
AT2G47750	3.596296296296296
AT2G47760	15.309090909090909
AT2G47770	4.292000000000001
AT2G47780	15.56851851851852
AT2G47790	24.265454545454542
AT2G47800	22.274545454545454
AT2G47810	0.982051282051282
AT2G47820	3.0399999999999996
AT2G47830	14.367272727272729
AT2G47840	81.87272727272727
AT2G47844	0.82
AT2G47850	17.456363636363637
AT2G47860	7.222222222222222
AT2G47870	0.9
AT2G47880	12.044444444444444
AT2G47890	26.944444444444443
AT2G47895	1.7333333333333334
AT2G47900	37.941818181818185
AT2G47910	51.370370370370374
AT2G47920	6.148148148148148
AT2G47930	12.74814814814815
AT2G47935	0.14615384615384616
AT2G47940	105.11454545454546
AT2G47950	2.46
AT2G47960	44.69090909090909
AT2G47970	38.654545454545456
AT2G47980	28.8
AT2G47990	14.076363636363638
AT2G48000	10.396363636363635
AT2G48010	8.814814814814815
AT2G48020	26.241818181818182
AT2G48030	16.11111111111111
AT2G48060	11.981818181818182
AT2G48070	73.01818181818182
AT2G48075	0.8944444444444445
AT2G48080	5.330612244897959
AT2G48090	3.4169811320754717
AT2G48100	27.672727272727272
AT2G48110	12.447272727272727
AT2G48120	35.2962962962963
AT2G48121	1.1063829787234043
AT2G48130	13.30238095238095
AT2G48140	27.04893617021277
AT2G48150	3.972916666666666
AT2G48160	28.963636363636365
AT3G00970	1.135135135135135
AT3G00975	0.55
AT3G00980	0.64
AT3G00985	1.44
AT3G00995	0.8500000000000001
AT3G01010	0.1
AT3G01015	0.9844444444444443
AT3G01020	9.785714285714288
AT3G01025	0.3
AT3G01030	0.20000000000000004
AT3G01035	2.9153846153846157
AT3G01040	17.618181818181817
AT3G01050	16.436363636363637
AT3G01060	59.45272727272727
AT3G01070	2.0962962962962965
AT3G01075	0.5
AT3G01080	1.9018867924528304
AT3G01085	130.8
AT3G01090	37.58181818181818
AT3G01095	0.5
AT3G01100	14.418181818181818
AT3G01105	0.3333333333333333
AT3G01115	0.22352941176470587
AT3G01120	227.5818181818182
AT3G01125	0.4
AT3G01130	42.90909090909091
AT3G01140	0.8600000000000001
AT3G01142	0.5816326530612246
AT3G01150	22.20181818181818
AT3G01160	21.619999999999997
AT3G01170	19.11090909090909
AT3G01175	2.586046511627907
AT3G01180	28.05818181818182
AT3G01185	1.1166666666666667
AT3G01190	119.625
AT3G01195	0.42857142857142855
AT3G01200	3.7363636363636363
AT3G01202	0.20833333333333337
AT3G01205	0.2555555555555556
AT3G01210	15.958181818181819
AT3G01220	9.913207547169808
AT3G01230	507.3818181818182
AT3G01235	2.62156862745098
AT3G01240	617.525
AT3G01250	223.29999999999998
AT3G01255	0.7
AT3G01260	16.610256410256408
AT3G01270	939.0421052631579
AT3G01280	191.83636363636364
AT3G01290	125.83148148148148
AT3G01295	8.305454545454545
AT3G01300	15.763636363636364
AT3G01310	47.80181818181818
AT3G01311	0.7866666666666667
AT3G01313	47.62
AT3G01316	15.975999999999999
AT3G01320	16.0
AT3G01322	0.35000000000000003
AT3G01323	5.866666666666666
AT3G01324	1.3666666666666665
AT3G01325	0.175
AT3G01326	0.6666666666666666
AT3G01327	0.4428571428571429
AT3G01328	3.8666666666666667
AT3G01329	0.6166666666666666
AT3G01330	6.736363636363636
AT3G01331	0.9666666666666668
AT3G01340	69.74363636363637
AT3G01345	108.51956521739132
AT3G01350	2.370909090909091
AT3G01360	8.167272727272728
AT3G01370	44.14727272727273
AT3G01375	1.4761904761904763
AT3G01380	11.481481481481481
AT3G01385	0.30000000000000004
AT3G01390	136.70909090909092
AT3G01395	0.6
AT3G01400	16.112727272727273
AT3G01410	9.743636363636364
AT3G01415	0.6
AT3G01420	235.05416666666667
AT3G01425	2.7615384615384615
AT3G01430	9.018181818181818
AT3G01435	12.585454545454546
AT3G01440	54.8962962962963
AT3G01450	6.783636363636364
AT3G01460	10.296363636363635
AT3G01470	90.18363636363637
AT3G01475	0.6393939393939394
AT3G01480	198.13636363636363
AT3G01490	22.925925925925927
AT3G01495	0.7466666666666666
AT3G01500	1228.2566037735849
AT3G01510	14.040000000000001
AT3G01513	4.713636363636363
AT3G01516	1.9166666666666667
AT3G01520	89.07272727272728
AT3G01530	3.28695652173913
AT3G01535	0.75
AT3G01540	157.70909090909092
AT3G01550	26.466037735849053
AT3G01560	30.863636363636363
AT3G01570	2.8415094339622646
AT3G01572	2.9434782608695653
AT3G01575	0.1
AT3G01580	1.562962962962963
AT3G01585	0.46153846153846156
AT3G01590	27.956363636363633
AT3G01600	1.2846153846153845
AT3G01605	0.3499999999999999
AT3G01610	12.663636363636364
AT3G01615	0.47692307692307695
AT3G01620	1.7391304347826086
AT3G01630	5.800000000000001
AT3G01635	0.9117647058823529
AT3G01640	27.0
AT3G01645	0.39999999999999997
AT3G01650	13.709090909090909
AT3G01655	0.2
AT3G01660	13.183018867924527
AT3G01665	0.5666666666666668
AT3G01670	25.85185185185185
AT3G01680	26.419999999999998
AT3G01690	111.22000000000001
AT3G01700	248.571875
AT3G01710	9.256363636363636
AT3G01720	28.21636363636364
AT3G01730	2.6857142857142855
AT3G01740	34.71090909090909
AT3G01745	0.8031250000000001
AT3G01750	7.770370370370371
AT3G01760	0.8794871794871794
AT3G01770	37.10909090909091
AT3G01775	0.1
AT3G01780	24.672727272727272
AT3G01785	1.0
AT3G01790	31.537037037037038
AT3G01795	9.545833333333334
AT3G01800	15.166666666666666
AT3G01805	0.4
AT3G01810	18.944444444444443
AT3G01820	34.54545454545455
AT3G01830	5.745454545454544
AT3G01835	0.39285714285714285
AT3G01840	1.2156862745098038
AT3G01845	0.41904761904761906
AT3G01850	23.46727272727273
AT3G01855	0.26666666666666666
AT3G01860	16.48148148148148
AT3G01865	0.4857142857142857
AT3G01870	5.314705882352941
AT3G01880	0.1375
AT3G01885	0.40769230769230774
AT3G01890	8.027272727272727
AT3G01900	0.9294117647058824
AT3G01910	112.81818181818181
AT3G01920	20.2
AT3G01925	0.6272727272727273
AT3G01930	14.254545454545454
AT3G01935	0.2
AT3G01940	2.912962962962963
AT3G01945	0.64
AT3G01960	2.6641509433962263
AT3G01965	10.35
AT3G01970	8.252727272727272
AT3G01975	0.1
AT3G01980	23.69272727272727
AT3G01985	0.4
AT3G01990	1.8075471698113208
AT3G02015	0.7833333333333333
AT3G02020	28.87735849056604
AT3G02030	3.3545454545454545
AT3G02035	0.6136363636363636
AT3G02040	23.490909090909092
AT3G02050	28.074074074074073
AT3G02055	0.1
AT3G02060	23.88888888888889
AT3G02065	15.236363636363636
AT3G02070	18.87272727272727
AT3G02075	0.809090909090909
AT3G02080	372.71454545454543
AT3G02090	253.16363636363636
AT3G02100	0.4666666666666667
AT3G02110	42.31090909090909
AT3G02120	47.29245283018868
AT3G02125	0.23939393939393938
AT3G02130	14.62962962962963
AT3G02135	0.3
AT3G02140	10.981818181818182
AT3G02145	0.45
AT3G02150	12.674074074074074
AT3G02155	3.0
AT3G02160	3.3018518518518523
AT3G02165	0.5791666666666666
AT3G02170	29.22222222222222
AT3G02180	89.05090909090909
AT3G02190	44.154545454545456
AT3G02195	0.2
AT3G02200	70.77090909090909
AT3G02205	1.4733333333333334
AT3G02210	6.366666666666667
AT3G02220	67.12727272727273
AT3G02225	0.5324324324324325
AT3G02230	179.47272727272727
AT3G02235	0.13333333333333333
AT3G02240	7.85
AT3G02242	1.65
AT3G02245	0.48571428571428577
AT3G02250	29.055555555555557
AT3G02260	22.09090909090909
AT3G02265	0.5
AT3G02270	0.21250000000000002
AT3G02280	9.989090909090908
AT3G02285	0.6875
AT3G02290	9.755555555555555
AT3G02295	0.5375
AT3G02300	34.92727272727273
AT3G02305	0.7000000000000001
AT3G02310	32.23870967741935
AT3G02320	12.621818181818183
AT3G02330	1.6055555555555556
AT3G02335	1.3
AT3G02340	16.072727272727274
AT3G02345	0.5
AT3G02350	48.50909090909091
AT3G02360	119.10909090909091
AT3G02370	3.981818181818182
AT3G02380	20.97037037037037
AT3G02385	1.75
AT3G02395	0.1
AT3G02405	0.3
AT3G02410	2.5673076923076925
AT3G02415	0.9
AT3G02420	26.963636363636365
AT3G02425	0.95
AT3G02430	0.6411764705882352
AT3G02435	10.02340425531915
AT3G02440	10.742857142857142
AT3G02445	26.983673469387757
AT3G02450	48.43818181818182
AT3G02455	0.26285714285714284
AT3G02460	14.218181818181819
AT3G02465	0.28888888888888886
AT3G02470	994.5090909090909
AT3G02480	62.3
AT3G02485	0.2117647058823529
AT3G02490	7.296296296296297
AT3G02493	1.5790697674418606
AT3G02495	0.42790697674418604
AT3G02500	3.541818181818182
AT3G02510	14.814814814814815
AT3G02520	85.52727272727273
AT3G02525	1.3972972972972975
AT3G02530	53.91090909090909
AT3G02540	68.37272727272727
AT3G02545	1.7702702702702702
AT3G02550	15.712727272727273
AT3G02555	17.272727272727273
AT3G02560	210.14545454545456
AT3G02570	79.72727272727273
AT3G02575	0.2222222222222222
AT3G02580	38.665454545454544
AT3G02585	1.2192307692307691
AT3G02590	0.48484848484848486
AT3G02595	0.4
AT3G02600	23.821818181818184
AT3G02605	0.4
AT3G02610	1.7836363636363637
AT3G02615	2.0
AT3G02620	2.8094339622641504
AT3G02625	0.44999999999999996
AT3G02630	55.96727272727272
AT3G02640	62.49444444444444
AT3G02645	0.15000000000000002
AT3G02650	18.565454545454546
AT3G02655	0.3285714285714286
AT3G02660	22.456363636363633
AT3G02665	0.43333333333333335
AT3G02670	0.9090909090909091
AT3G02677	1.3686274509803922
AT3G02680	4.856363636363636
AT3G02685	0.8
AT3G02690	58.78363636363636
AT3G02695	0.8649999999999999
AT3G02700	43.72727272727273
AT3G02705	3.841379310344828
AT3G02710	29.666666666666668
AT3G02715	2.727272727272727
AT3G02720	54.574074074074076
AT3G02725	3.06
AT3G02730	346.6666666666667
AT3G02740	26.555555555555557
AT3G02745	0.3
AT3G02750	39.81818181818182
AT3G02760	38.17454545454545
AT3G02770	42.158181818181816
AT3G02775	0.675
AT3G02780	72.25454545454545
AT3G02800	6.110909090909091
AT3G02805	0.1
AT3G02810	110.56470588235295
AT3G02815	0.7
AT3G02820	10.563636363636364
AT3G02830	76.36363636363636
AT3G02832	1.021153846153846
AT3G02835	0.6333333333333333
AT3G02840	5.891836734693877
AT3G02845	0.425
AT3G02850	4.376363636363636
AT3G02860	21.10909090909091
AT3G02870	42.56363636363636
AT3G02875	12.685185185185185
AT3G02880	41.91636363636364
AT3G02885	16.112962962962964
AT3G02890	8.36
AT3G02895	1.2107142857142856
AT3G02900	52.369090909090914
AT3G02905	0.525
AT3G02920	8.309090909090909
AT3G02925	0.775
AT3G02930	10.881818181818181
AT3G02940	1.6609756097560975
AT3G02945	0.36000000000000004
AT3G02950	22.4
AT3G02955	0.4666666666666666
AT3G02960	0.3
AT3G02970	86.98666666666665
AT3G02980	2.4600000000000004
AT3G02990	4.82962962962963
AT3G02995	0.4
AT3G03000	14.00925925925926
AT3G03005	1.0
AT3G03010	10.32909090909091
AT3G03020	25.465454545454545
AT3G03025	3.301960784313725
AT3G03030	4.52962962962963
AT3G03035	0.225
AT3G03040	17.833333333333332
AT3G03050	22.89272727272727
AT3G03055	0.3
AT3G03060	9.458181818181819
AT3G03070	154.9090909090909
AT3G03080	6.4300000000000015
AT3G03085	5.453846153846154
AT3G03090	16.745454545454546
AT3G03100	213.16363636363636
AT3G03105	5.287999999999999
AT3G03110	10.963636363636363
AT3G03115	0.1
AT3G03120	11.425454545454546
AT3G03125	0.1888888888888889
AT3G03130	13.527777777777779
AT3G03135	2.217391304347826
AT3G03140	8.794545454545455
AT3G03150	198.1109090909091
AT3G03155	0.311764705882353
AT3G03160	53.38181818181818
AT3G03165	2.248
AT3G03170	6.07962962962963
AT3G03180	6.292727272727273
AT3G03200	0.6811320754716982
AT3G03205	1.1666666666666667
AT3G03210	8.345454545454546
AT3G03220	18.62363636363636
AT3G03225	0.3277777777777778
AT3G03230	0.2961538461538462
AT3G03235	0.5599999999999999
AT3G03240	0.4142857142857143
AT3G03250	106.2
AT3G03260	0.30833333333333335
AT3G03265	12.590384615384616
AT3G03270	21.130909090909093
AT3G03272	0.33658536585365856
AT3G03275	0.8878787878787878
AT3G03280	3.052380952380952
AT3G03285	0.31666666666666665
AT3G03290	0.6586206896551725
AT3G03300	8.644444444444444
AT3G03305	9.801818181818183
AT3G03310	16.092727272727274
AT3G03320	13.690909090909091
AT3G03325	2.197777777777778
AT3G03330	29.429090909090906
AT3G03340	27.28
AT3G03341	4.878260869565218
AT3G03345	0.1
AT3G03350	5.592727272727273
AT3G03355	0.3
AT3G03360	10.303636363636365
AT3G03365	0.2
AT3G03370	3.010909090909091
AT3G03375	1.0
AT3G03380	46.054545454545455
AT3G03400	0.24000000000000005
AT3G03405	0.5
AT3G03410	0.5
AT3G03415	16.57058823529412
AT3G03420	19.765454545454542
AT3G03425	1.2333333333333334
AT3G03430	49.916666666666664
AT3G03435	0.4
AT3G03440	9.181818181818182
AT3G03450	8.655555555555555
AT3G03455	0.4
AT3G03460	5.890909090909091
AT3G03465	0.5
AT3G03470	40.111111111111114
AT3G03475	0.7658536585365854
AT3G03480	3.5
AT3G03490	23.836363636363636
AT3G03495	0.2857142857142857
AT3G03500	5.944117647058824
AT3G03510	0.39999999999999997
AT3G03520	18.827272727272728
AT3G03525	0.43333333333333335
AT3G03530	3.1117647058823534
AT3G03535	0.45185185185185184
AT3G03540	2.88
AT3G03550	17.436363636363637
AT3G03555	0.42857142857142855
AT3G03560	24.84
AT3G03570	14.659999999999998
AT3G03580	3.17962962962963
AT3G03590	9.475925925925926
AT3G03600	33.09818181818182
AT3G03605	1.528
AT3G03610	13.454545454545455
AT3G03615	0.35
AT3G03620	0.2925925925925926
AT3G03625	3.868888888888889
AT3G03630	26.296296296296298
AT3G03640	31.947272727272725
AT3G03650	1.9422222222222223
AT3G03660	0.5884615384615385
AT3G03665	0.3
AT3G03670	3.5916666666666663
AT3G03675	0.2
AT3G03680	8.814814814814815
AT3G03685	0.25
AT3G03690	11.11111111111111
AT3G03695	0.6
AT3G03702	0.25348837209302333
AT3G03705	0.3428571428571429
AT3G03710	40.93454545454546
AT3G03715	0.975
AT3G03720	25.2
AT3G03725	0.5
AT3G03726	0.25
AT3G03730	0.3
AT3G03735	0.1
AT3G03740	14.4
AT3G03750	0.13333333333333333
AT3G03760	0.32999999999999996
AT3G03765	0.4625
AT3G03770	24.74074074074074
AT3G03773	12.365454545454545
AT3G03775	0.8
AT3G03776	0.9185185185185185
AT3G03780	163.8181818181818
AT3G03790	20.181818181818183
AT3G03795	0.4
AT3G03800	40.80434782608696
AT3G03805	0.3238095238095238
AT3G03810	9.452727272727273
AT3G03815	0.68
AT3G03820	9.141509433962264
AT3G03825	0.7777777777777778
AT3G03826	0.9200000000000002
AT3G03828	5.028571428571429
AT3G03830	3.4416666666666664
AT3G03835	0.4
AT3G03840	4.723529411764706
AT3G03845	13.333333333333334
AT3G03847	0.425
AT3G03850	5.201960784313726
AT3G03852	1.8666666666666665
AT3G03860	31.181818181818183
AT3G03865	0.6428571428571429
AT3G03870	21.932727272727274
AT3G03875	0.35
AT3G03880	17.2
AT3G03890	32.763636363636365
AT3G03900	8.963636363636363
AT3G03905	0.55
AT3G03910	1.392156862745098
AT3G03915	0.6857142857142857
AT3G03920	122.62962962962963
AT3G03925	0.4666666666666666
AT3G03930	0.25416666666666665
AT3G03935	0.1
AT3G03940	47.78181818181818
AT3G03945	0.75
AT3G03950	28.656363636363636
AT3G03960	85.91272727272727
AT3G03965	6.218867924528302
AT3G03970	4.594545454545455
AT3G03980	20.181818181818183
AT3G03990	65.20370370370371
AT3G03995	0.15000000000000002
AT3G04000	4.916666666666667
AT3G04005	0.7000000000000001
AT3G04010	7.521818181818182
AT3G04020	6.26
AT3G04025	0.41111111111111115
AT3G04030	7.266037735849057
AT3G04035	0.35625
AT3G04040	2.7199999999999998
AT3G04045	0.9
AT3G04050	0.556
AT3G04055	0.9769230769230768
AT3G04060	8.316981132075473
AT3G04065	0.7
AT3G04070	12.141818181818183
AT3G04080	22.818181818181817
AT3G04085	1.037837837837838
AT3G04090	91.0
AT3G04100	0.26666666666666666
AT3G04110	8.118518518518519
AT3G04115	1.7058823529411764
AT3G04120	755.8181818181819
AT3G04130	4.056363636363637
AT3G04140	8.450909090909091
AT3G04150	0.25
AT3G04155	18.451162790697673
AT3G04160	6.4685185185185174
AT3G04165	52.0
AT3G04170	0.2
AT3G04175	9.603703703703705
AT3G04180	0.26666666666666666
AT3G04181	2.379245283018868
AT3G04184	7.381481481481482
AT3G04190	0.44999999999999996
AT3G04195	0.4818181818181818
AT3G04200	0.5652173913043478
AT3G04205	0.3166666666666667
AT3G04210	48.71764705882353
AT3G04215	0.6333333333333333
AT3G04220	1.1425531914893619
AT3G04225	0.4
AT3G04230	18.930909090909093
AT3G04235	0.3
AT3G04240	42.03636363636364
AT3G04245	0.2
AT3G04250	0.3
AT3G04255	0.7892857142857143
AT3G04260	49.72222222222222
AT3G04270	0.30000000000000004
AT3G04275	0.8625
AT3G04280	4.66
AT3G04285	0.9813953488372094
AT3G04290	86.23269230769232
AT3G04295	0.4
AT3G04300	2.3403846153846155
AT3G04305	0.3
AT3G04310	7.565454545454545
AT3G04315	0.26666666666666666
AT3G04320	9.04054054054054
AT3G04325	0.4
AT3G04330	3.037931034482759
AT3G04335	0.2
AT3G04340	44.629629629629626
AT3G04345	0.4
AT3G04350	18.327272727272728
AT3G04355	1.8695652173913044
AT3G04360	25.784615384615385
AT3G04365	0.6
AT3G04370	2.878947368421053
AT3G04375	0.43333333333333335
AT3G04380	3.2436363636363637
AT3G04390	0.5666666666666667
AT3G04395	0.1
AT3G04400	732.1963636363637
AT3G04405	0.5
AT3G04410	0.6944444444444444
AT3G04415	0.2
AT3G04420	2.1239999999999997
AT3G04425	0.6888888888888889
AT3G04430	0.33999999999999997
AT3G04435	0.1
AT3G04443	0.1125
AT3G04450	4.024074074074074
AT3G04455	0.26666666666666666
AT3G04460	13.872727272727273
AT3G04470	38.07272727272727
AT3G04475	0.4846153846153846
AT3G04480	20.329090909090908
AT3G04485	5.92037037037037
AT3G04490	13.565454545454546
AT3G04495	0.4222222222222222
AT3G04500	35.03636363636364
AT3G04505	0.6000000000000001
AT3G04510	1.7404761904761903
AT3G04515	0.2
AT3G04520	23.796296296296298
AT3G04530	4.374418604651162
AT3G04535	1.0666666666666667
AT3G04540	1.0777777777777777
AT3G04545	0.7333333333333334
AT3G04550	107.37090909090908
AT3G04555	0.35000000000000003
AT3G04560	13.709090909090909
AT3G04570	18.632558139534886
AT3G04580	12.88888888888889
AT3G04585	0.8
AT3G04590	35.351851851851855
AT3G04600	43.85636363636363
AT3G04610	34.31090909090909
AT3G04620	15.836363636363636
AT3G04625	0.3
AT3G04630	44.14545454545455
AT3G04640	29.727272727272727
AT3G04645	0.2
AT3G04650	26.565454545454543
AT3G04655	0.8
AT3G04660	0.21052631578947367
AT3G04665	0.6
AT3G04670	33.74074074074074
AT3G04675	0.5800000000000001
AT3G04680	13.987272727272726
AT3G04690	4.889090909090909
AT3G04695	0.7580645161290323
AT3G04700	9.913636363636362
AT3G04705	0.3
AT3G04710	11.683636363636364
AT3G04720	149.12727272727273
AT3G04725	0.3
AT3G04730	150.96545454545455
AT3G04735	0.6125
AT3G04740	15.163636363636364
AT3G04745	0.2571428571428571
AT3G04750	7.472727272727273
AT3G04755	1.7719999999999998
AT3G04760	41.93703703703704
AT3G04765	1.4166666666666667
AT3G04770	12.245454545454546
AT3G04775	0.48666666666666664
AT3G04780	40.70909090909091
AT3G04785	0.9782608695652174
AT3G04790	225.59636363636363
AT3G04800	1.9963636363636363
AT3G04810	15.345454545454546
AT3G04815	0.53
AT3G04820	11.166666666666666
AT3G04830	58.972727272727276
AT3G04840	520.709090909091
AT3G04845	0.3875
AT3G04850	3.9672727272727273
AT3G04854	1.769090909090909
AT3G04855	0.3181818181818182
AT3G04860	5.359999999999999
AT3G04870	81.77777777777777
AT3G04875	6.333333333333333
AT3G04880	45.74074074074074
AT3G04890	14.333333333333334
AT3G04895	0.25
AT3G04903	0.39999999999999997
AT3G04910	75.52909090909091
AT3G04920	274.4909090909091
AT3G04925	0.8800000000000001
AT3G04930	31.581818181818182
AT3G04935	0.1
AT3G04940	47.2962962962963
AT3G04943	0.5666666666666667
AT3G04945	0.26666666666666666
AT3G04950	7.481481481481482
AT3G04960	4.546153846153846
AT3G04965	0.9290322580645162
AT3G04970	8.783636363636363
AT3G04975	0.4580645161290324
AT3G04980	2.9200000000000004
AT3G04990	0.5
AT3G04995	0.2
AT3G05000	47.236363636363635
AT3G05005	0.3
AT3G05010	13.145454545454545
AT3G05020	100.89090909090909
AT3G05025	0.3333333333333333
AT3G05030	13.618181818181819
AT3G05035	0.44054054054054054
AT3G05040	9.565454545454546
AT3G05045	0.35
AT3G05050	20.77777777777778
AT3G05055	0.9578947368421052
AT3G05060	64.20181818181818
AT3G05070	42.983636363636364
AT3G05085	0.85
AT3G05090	20.78181818181818
AT3G05095	0.72
AT3G05100	20.436363636363637
AT3G05105	1.0424242424242425
AT3G05110	0.46470588235294114
AT3G05120	22.76909090909091
AT3G05130	13.510909090909092
AT3G05140	5.346153846153846
AT3G05150	7.333333333333333
AT3G05152	1.0236842105263158
AT3G05155	2.2205882352941178
AT3G05160	19.9
AT3G05165	42.67272727272727
AT3G05170	6.638181818181819
AT3G05175	0.3714285714285714
AT3G05180	18.83888888888889
AT3G05185	0.2
AT3G05190	3.118181818181818
AT3G05195	0.30000000000000004
AT3G05200	23.814814814814813
AT3G05205	0.21428571428571427
AT3G05210	18.509090909090908
AT3G05215	0.5
AT3G05220	82.87454545454545
AT3G05225	0.5
AT3G05230	10.425454545454546
AT3G05235	0.8333333333333334
AT3G05245	0.20000000000000004
AT3G05250	13.418181818181818
AT3G05260	0.3853658536585366
AT3G05265	0.5625
AT3G05270	17.78909090909091
AT3G05275	0.6
AT3G05280	38.85454545454545
AT3G05285	0.5916666666666667
AT3G05290	22.30909090909091
AT3G05295	0.3666666666666667
AT3G05300	0.2
AT3G05305	1.02
AT3G05310	0.48333333333333334
AT3G05320	5.32
AT3G05325	9.200000000000001
AT3G05327	1.0647058823529412
AT3G05330	9.4
AT3G05335	64.47169811320755
AT3G05340	2.5
AT3G05345	29.17962962962963
AT3G05350	41.74074074074074
AT3G05355	25.28
AT3G05360	5.241818181818181
AT3G05365	0.3325
AT3G05370	7.427450980392157
AT3G05375	0.7
AT3G05380	11.92222222222222
AT3G05385	1.0125
AT3G05390	2.903921568627451
AT3G05395	0.6666666666666666
AT3G05400	6.475925925925927
AT3G05410	23.666666666666668
AT3G05420	49.54545454545455
AT3G05430	2.535185185185185
AT3G05440	0.35
AT3G05445	0.42608695652173917
AT3G05450	0.38
AT3G05455	2.1333333333333333
AT3G05460	14.2
AT3G05465	0.30000000000000004
AT3G05470	6.994444444444445
AT3G05475	0.44999999999999996
AT3G05480	2.4666666666666663
AT3G05485	0.5666666666666668
AT3G05490	30.5
AT3G05495	0.1
AT3G05500	46.85454545454545
AT3G05505	0.35
AT3G05510	7.965454545454546
AT3G05520	29.763636363636362
AT3G05530	136.65454545454546
AT3G05535	0.1
AT3G05540	0.43333333333333335
AT3G05545	47.763636363636365
AT3G05550	2.285185185185185
AT3G05555	0.55
AT3G05560	269.3090909090909
AT3G05570	30.472727272727273
AT3G05580	11.090909090909092
AT3G05585	0.45000000000000007
AT3G05590	510.3818181818182
AT3G05595	0.43333333333333335
AT3G05600	20.883333333333333
AT3G05605	0.30999999999999994
AT3G05610	286.8
AT3G05620	1.410909090909091
AT3G05625	20.36
AT3G05630	2.82
AT3G05635	0.5645161290322581
AT3G05640	21.492727272727272
AT3G05645	0.5
AT3G05650	4.481132075471698
AT3G05655	4.96060606060606
AT3G05660	5.1415094339622645
AT3G05665	0.3333333333333333
AT3G05670	22.363636363636363
AT3G05675	4.779999999999999
AT3G05680	15.692727272727273
AT3G05685	2.6314814814814813
AT3G05690	9.833333333333334
AT3G05695	0.13333333333333333
AT3G05700	10.545454545454545
AT3G05705	0.9
AT3G05710	22.581818181818182
AT3G05715	28.941176470588236
AT3G05720	0.5804347826086956
AT3G05725	162.06
AT3G05727	182.78809523809525
AT3G05730	183.282
AT3G05735	0.2
AT3G05740	3.370909090909091
AT3G05741	2.2
AT3G05745	0.25
AT3G05746	0.4916666666666667
AT3G05750	7.467272727272727
AT3G05755	5.0
AT3G05760	40.43636363636364
AT3G05765	0.2
AT3G05770	1.25
AT3G05775	0.3
AT3G05780	0.225
AT3G05785	0.43333333333333335
AT3G05790	0.9388888888888888
AT3G05795	1.0
AT3G05800	20.418181818181818
AT3G05805	2.0
AT3G05810	32.67818181818182
AT3G05815	0.5
AT3G05820	5.232692307692308
AT3G05825	0.65
AT3G05830	12.62037037037037
AT3G05835	3.0
AT3G05840	96.21818181818182
AT3G05850	12.127272727272727
AT3G05858	1.0945945945945945
AT3G05860	0.5222222222222223
AT3G05870	5.012727272727273
AT3G05880	344.69454545454545
AT3G05885	0.1
AT3G05890	60.74444444444444
AT3G05895	0.5
AT3G05900	0.26
AT3G05905	0.14634146341463414
AT3G05910	62.71090909090909
AT3G05915	1.22
AT3G05920	14.151428571428573
AT3G05925	1.2666666666666666
AT3G05930	36.056
AT3G05932	0.7307692307692307
AT3G05936	7.645283018867924
AT3G05937	8.00925925925926
AT3G05940	10.02
AT3G05945	34.55555555555556
AT3G05950	2.096428571428571
AT3G05955	2.284615384615385
AT3G05960	7.5181818181818185
AT3G05965	0.4
AT3G05970	52.38181818181818
AT3G05975	0.4846153846153846
AT3G05980	5.943396226415095
AT3G05985	0.4000000000000001
AT3G05990	20.254545454545454
AT3G05995	0.5944444444444446
AT3G06000	0.5
AT3G06010	15.9
AT3G06015	0.30000000000000004
AT3G06019	0.55
AT3G06020	5.387037037037037
AT3G06025	0.16666666666666666
AT3G06030	12.312727272727274
AT3G06035	43.77777777777778
AT3G06040	41.91090909090909
AT3G06045	0.4666666666666667
AT3G06050	90.7090909090909
AT3G06055	0.5
AT3G06060	27.163636363636364
AT3G06065	1.2
AT3G06070	49.77777777777778
AT3G06075	0.5499999999999999
AT3G06080	35.46296296296296
AT3G06085	0.2
AT3G06090	0.55
AT3G06095	9.442307692307692
AT3G06100	0.5277777777777778
AT3G06110	25.87636363636364
AT3G06115	0.1
AT3G06120	2.3022727272727272
AT3G06125	42.13454545454545
AT3G06130	33.53703703703704
AT3G06135	0.3333333333333333
AT3G06140	10.763636363636364
AT3G06145	12.085185185185185
AT3G06150	21.818181818181817
AT3G06155	0.5
AT3G06160	5.684
AT3G06165	0.9
AT3G06170	42.40909090909091
AT3G06180	8.112727272727273
AT3G06185	0.7700000000000001
AT3G06190	28.2
AT3G06200	22.152727272727276
AT3G06205	0.2
AT3G06210	7.652727272727272
AT3G06215	0.2
AT3G06220	5.413043478260869
AT3G06225	0.3
AT3G06230	0.5
AT3G06240	12.436363636363636
AT3G06245	0.6923076923076923
AT3G06250	10.781818181818181
AT3G06255	0.3
AT3G06260	21.136
AT3G06270	19.945454545454545
AT3G06280	0.4
AT3G06285	0.43999999999999995
AT3G06290	12.309090909090909
AT3G06295	0.4000000000000001
AT3G06300	33.62
AT3G06310	23.89818181818182
AT3G06315	1.0
AT3G06320	34.58181818181818
AT3G06330	16.072727272727274
AT3G06335	4.714285714285714
AT3G06340	11.290909090909091
AT3G06345	1.8564102564102565
AT3G06350	63.90909090909091
AT3G06355	107.74545454545455
AT3G06360	2.1346153846153846
AT3G06370	4.6909090909090905
AT3G06375	0.24000000000000005
AT3G06380	30.965454545454545
AT3G06385	0.5
AT3G06390	16.386
AT3G06395	0.5
AT3G06400	53.127272727272725
AT3G06410	20.472727272727273
AT3G06420	40.50909090909091
AT3G06425	1.592857142857143
AT3G06430	39.949090909090906
AT3G06435	0.4533333333333333
AT3G06440	13.462962962962964
AT3G06445	0.4
AT3G06450	21.64814814814815
AT3G06455	6.287272727272727
AT3G06460	8.811428571428573
AT3G06465	0.23333333333333336
AT3G06470	19.036363636363635
AT3G06475	0.32
AT3G06480	15.454545454545455
AT3G06483	71.2
AT3G06485	0.4
AT3G06490	4.396078431372549
AT3G06495	0.6083333333333333
AT3G06500	44.72909090909091
AT3G06510	63.29090909090909
AT3G06515	0.4428571428571428
AT3G06520	2.338181818181818
AT3G06530	14.124074074074075
AT3G06535	0.2
AT3G06540	18.61111111111111
AT3G06545	0.3666666666666667
AT3G06550	44.22545454545455
AT3G06555	0.6
AT3G06560	2.607142857142857
AT3G06565	0.32
AT3G06570	11.545454545454545
AT3G06575	0.4818181818181818
AT3G06580	41.70909090909091
AT3G06585	0.3
AT3G06590	16.03818181818182
AT3G06595	0.26666666666666666
AT3G06600	0.9137254901960783
AT3G06605	0.32499999999999996
AT3G06610	53.13454545454545
AT3G06615	0.2333333333333333
AT3G06620	16.563636363636363
AT3G06625	0.3
AT3G06630	1.4563636363636363
AT3G06635	0.39999999999999997
AT3G06640	0.7354166666666667
AT3G06645	0.3333333333333333
AT3G06650	85.72727272727273
AT3G06655	2.415
AT3G06660	11.35090909090909
AT3G06670	33.763636363636365
AT3G06675	0.3
AT3G06680	98.09636363636363
AT3G06685	0.5521739130434782
AT3G06690	3.6054545454545455
AT3G06695	0.4
AT3G06700	415.0
AT3G06710	0.9433962264150944
AT3G06720	63.87818181818182
AT3G06725	0.5
AT3G06730	58.666666666666664
AT3G06735	0.25
AT3G06740	25.62962962962963
AT3G06745	0.4666666666666666
AT3G06750	46.425925925925924
AT3G06755	4.850980392156863
AT3G06760	30.545454545454547
AT3G06765	0.475
AT3G06770	13.843636363636364
AT3G06775	0.35
AT3G06778	7.079999999999999
AT3G06780	18.69090909090909
AT3G06785	7.575
AT3G06790	31.894545454545455
AT3G06795	0.475
AT3G06805	0.1
AT3G06810	29.581818181818182
AT3G06815	0.375
AT3G06820	8.145454545454545
AT3G06830	0.490625
AT3G06835	0.3409090909090909
AT3G06840	9.648148148148149
AT3G06850	26.243636363636366
AT3G06855	1.0
AT3G06860	64.07272727272728
AT3G06868	4.025925925925926
AT3G06880	15.722641509433961
AT3G06890	6.2
AT3G06895	0.48
AT3G06900	76.75
AT3G06905	0.30000000000000004
AT3G06910	7.349090909090909
AT3G06920	4.390909090909091
AT3G06925	0.5333333333333333
AT3G06930	22.78363636363636
AT3G06935	0.3
AT3G06950	12.694444444444445
AT3G06955	2.494285714285714
AT3G06960	19.703703703703702
AT3G06962	1.8676470588235294
AT3G06970	0.28500000000000003
AT3G06975	0.20000000000000004
AT3G06980	53.611111111111114
AT3G06985	1.0761904761904764
AT3G06990	1.9065217391304345
AT3G07000	1.55
AT3G07005	0.5333333333333333
AT3G07010	27.454545454545453
AT3G07020	21.21818181818182
AT3G07025	0.95
AT3G07030	22.418181818181818
AT3G07040	6.055555555555555
AT3G07045	0.8433333333333334
AT3G07050	53.656363636363636
AT3G07060	6.87090909090909
AT3G07070	3.918421052631579
AT3G07075	1.775
AT3G07080	9.545454545454545
AT3G07090	55.90909090909091
AT3G07095	0.5333333333333333
AT3G07100	51.30909090909091
AT3G07105	0.35000000000000003
AT3G07110	248.40363636363637
AT3G07115	4.7
AT3G07120	1.5961538461538458
AT3G07125	0.8
AT3G07130	7.68
AT3G07135	0.5
AT3G07140	20.563636363636363
AT3G07150	1.0615384615384615
AT3G07155	0.2
AT3G07160	39.27272727272727
AT3G07165	0.2
AT3G07170	35.163636363636364
AT3G07175	0.5714285714285714
AT3G07180	32.14909090909091
AT3G07185	1.45
AT3G07190	12.166666666666666
AT3G07195	9.309433962264151
AT3G07200	12.874545454545455
AT3G07205	0.9229166666666666
AT3G07210	8.777777777777779
AT3G07215	10.361818181818183
AT3G07220	31.745454545454546
AT3G07225	0.48
AT3G07230	186.1090909090909
AT3G07235	0.25
AT3G07245	0.5
AT3G07250	0.25
AT3G07255	1.4733333333333334
AT3G07260	0.4454545454545455
AT3G07270	27.927272727272726
AT3G07273	27.2
AT3G07275	0.4555555555555555
AT3G07290	1.912962962962963
AT3G07300	28.272727272727273
AT3G07310	56.72222222222222
AT3G07320	40.14545454545455
AT3G07325	0.2375
AT3G07330	30.454545454545453
AT3G07335	0.4000000000000001
AT3G07340	9.555555555555555
AT3G07345	0.33999999999999997
AT3G07350	12.996363636363636
AT3G07355	0.3333333333333333
AT3G07360	45.27818181818182
AT3G07370	19.01818181818182
AT3G07380	0.15384615384615385
AT3G07390	89.96363636363637
AT3G07395	0.5
AT3G07400	13.309090909090909
AT3G07405	0.15000000000000002
AT3G07410	28.27777777777778
AT3G07420	7.856363636363636
AT3G07425	1.8358974358974358
AT3G07430	104.18727272727273
AT3G07435	0.4800000000000001
AT3G07440	13.383636363636365
AT3G07450	0.5916666666666667
AT3G07460	112.0
AT3G07465	1.3325581395348836
AT3G07470	55.21818181818182
AT3G07480	135.9090909090909
AT3G07485	0.825
AT3G07490	1.75
AT3G07495	0.42142857142857143
AT3G07500	5.0814814814814815
AT3G07505	0.24285714285714288
AT3G07510	1.388235294117647
AT3G07515	1.2875
AT3G07520	4.781818181818182
AT3G07522	1.1117647058823528
AT3G07525	6.967272727272727
AT3G07530	3.0945454545454543
AT3G07540	12.851851851851851
AT3G07545	0.15000000000000002
AT3G07550	9.8
AT3G07555	11.925925925925926
AT3G07560	129.5818181818182
AT3G07565	19.01818181818182
AT3G07568	47.72727272727273
AT3G07570	23.147272727272725
AT3G07580	9.078181818181818
AT3G07585	0.4
AT3G07590	17.87037037037037
AT3G07600	1.5576923076923077
AT3G07610	9.863636363636363
AT3G07620	1.25
AT3G07630	26.547272727272727
AT3G07635	1.3705882352941177
AT3G07640	31.51851851851852
AT3G07645	0.23333333333333336
AT3G07650	46.1
AT3G07655	0.1
AT3G07660	33.14545454545455
AT3G07670	33.01851851851852
AT3G07675	5.083333333333333
AT3G07680	91.4
AT3G07690	12.32909090909091
AT3G07695	0.2
AT3G07700	49.2962962962963
AT3G07705	0.65
AT3G07710	0.22000000000000003
AT3G07715	22.66
AT3G07720	49.49272727272727
AT3G07725	14.925490196078432
AT3G07730	3.787037037037037
AT3G07735	28.936
AT3G07740	11.076363636363638
AT3G07745	0.5
AT3G07750	11.82
AT3G07760	18.163636363636364
AT3G07765	0.16666666666666666
AT3G07770	43.72909090909091
AT3G07775	0.3
AT3G07780	54.0
AT3G07790	41.018181818181816
AT3G07800	19.80181818181818
AT3G07810	35.43636363636364
AT3G07820	1170.395
AT3G07825	0.8372549019607843
AT3G07830	46.627272727272725
AT3G07840	10.042857142857143
AT3G07845	0.5
AT3G07850	770.86
AT3G07855	0.5
AT3G07860	9.458181818181819
AT3G07865	0.4
AT3G07870	17.527272727272727
AT3G07875	0.4355555555555556
AT3G07880	96.45454545454545
AT3G07890	23.454545454545453
AT3G07895	0.6285714285714287
AT3G07900	2.736111111111111
AT3G07905	0.5
AT3G07910	65.81818181818181
AT3G07915	0.3647058823529412
AT3G07920	0.4481481481481482
AT3G07925	0.38125000000000003
AT3G07930	6.687272727272727
AT3G07935	1.4307692307692308
AT3G07940	19.4
AT3G07945	0.4
AT3G07950	38.43636363636364
AT3G07960	4.3945454545454545
AT3G07965	0.3
AT3G07970	6.345098039215687
AT3G07975	0.15000000000000002
AT3G07980	7.170909090909091
AT3G07985	0.3
AT3G07990	11.981481481481481
AT3G07995	0.6
AT3G08000	6.888888888888889
AT3G08005	0.39999999999999997
AT3G08010	80.0
AT3G08020	14.572727272727272
AT3G08030	121.18518518518519
AT3G08040	8.926923076923076
AT3G08045	0.8382352941176471
AT3G08055	0.5
AT3G08065	11.534615384615384
AT3G08075	0.4318181818181818
AT3G08080	1.275
AT3G08090	0.3333333333333333
AT3G08100	0.3333333333333333
AT3G08115	0.9266666666666664
AT3G08120	0.4333333333333333
AT3G08130	0.5499999999999999
AT3G08135	0.5
AT3G08155	0.1
AT3G08160	0.2
AT3G08165	33.3921568627451
AT3G08170	0.6666666666666666
AT3G08185	0.546875
AT3G08190	2.0
AT3G08200	0.15000000000000002
AT3G08205	0.5666666666666668
AT3G08210	10.676923076923078
AT3G08220	3.0041666666666664
AT3G08225	0.2857142857142857
AT3G08240	2.022222222222222
AT3G08245	0.6923076923076923
AT3G08250	0.4
AT3G08255	0.25
AT3G08260	0.5
AT3G08275	25.829787234042552
AT3G08285	0.16666666666666666
AT3G08290	0.7
AT3G08295	0.39999999999999997
AT3G08300	0.6212121212121212
AT3G08310	0.6
AT3G08315	3.625
AT3G08325	0.8666666666666667
AT3G08330	0.5599999999999999
AT3G08335	0.5
AT3G08340	0.4
AT3G08345	1.3
AT3G08355	0.2
AT3G08360	0.43913043478260877
AT3G08370	0.4166666666666667
AT3G08380	0.3
AT3G08390	0.4333333333333334
AT3G08405	0.4538461538461539
AT3G08410	0.5
AT3G08415	0.6
AT3G08425	0.4533333333333333
AT3G08430	0.2
AT3G08435	0.8411764705882353
AT3G08450	0.1
AT3G08455	0.4866666666666667
AT3G08460	1.0
AT3G08490	1.342
AT3G08495	0.3
AT3G08500	0.9796296296296296
AT3G08505	11.962962962962964
AT3G08510	126.94545454545455
AT3G08520	495.07272727272726
AT3G08525	0.45714285714285713
AT3G08530	97.65454545454546
AT3G08535	0.2
AT3G08545	0.5
AT3G08550	25.71636363636364
AT3G08560	6.8428571428571425
AT3G08570	2.6509090909090913
AT3G08580	1094.2181818181818
AT3G08585	0.4125
AT3G08590	113.85454545454546
AT3G08595	1.05
AT3G08600	15.203703703703704
AT3G08610	310.09090909090907
AT3G08620	11.055555555555555
AT3G08630	20.09090909090909
AT3G08635	1.7461538461538464
AT3G08636	0.825
AT3G08640	58.29454545454545
AT3G08645	0.3692307692307692
AT3G08650	54.527272727272724
AT3G08655	1.3478260869565217
AT3G08660	1.8962962962962964
AT3G08670	21.5
AT3G08680	38.31481481481482
AT3G08685	0.9777777777777779
AT3G08690	37.627272727272725
AT3G08700	0.8933333333333334
AT3G08710	29.09090909090909
AT3G08715	1.0
AT3G08720	16.10909090909091
AT3G08730	74.72727272727273
AT3G08740	275.7290909090909
AT3G08750	0.19999999999999998
AT3G08760	18.472727272727273
AT3G08765	0.2
AT3G08770	283.76666666666665
AT3G08775	0.47500000000000003
AT3G08780	17.636363636363637
AT3G08790	0.7
AT3G08795	3.5044444444444443
AT3G08800	3.3927272727272726
AT3G08805	0.6954545454545454
AT3G08810	0.5026315789473684
AT3G08815	0.44999999999999996
AT3G08820	1.7654545454545454
AT3G08825	0.82
AT3G08840	9.43818181818182
AT3G08845	0.1
AT3G08850	32.32727272727273
AT3G08860	5.183333333333333
AT3G08870	2.5981132075471702
AT3G08875	0.5
AT3G08880	10.763636363636364
AT3G08890	13.26
AT3G08900	0.196551724137931
AT3G08905	0.2833333333333333
AT3G08910	14.163636363636364
AT3G08915	0.30000000000000004
AT3G08920	59.56545454545454
AT3G08925	0.4
AT3G08930	63.836363636363636
AT3G08935	0.3
AT3G08940	1435.22
AT3G08943	20.474545454545453
AT3G08947	4.2709090909090905
AT3G08950	11.32909090909091
AT3G08960	15.581818181818182
AT3G08965	0.35
AT3G08970	5.647272727272727
AT3G08980	6.218181818181818
AT3G08985	0.5
AT3G08990	8.327272727272728
AT3G09000	17.944444444444443
AT3G09005	3.740425531914894
AT3G09010	5.051851851851852
AT3G09015	0.4
AT3G09020	9.049999999999999
AT3G09025	0.2
AT3G09030	15.605454545454545
AT3G09032	3.935185185185185
AT3G09035	18.925925925925927
AT3G09040	1.7272727272727273
AT3G09045	0.5666666666666667
AT3G09050	27.15818181818182
AT3G09055	1.4875
AT3G09060	2.2436363636363637
AT3G09065	0.3
AT3G09070	13.25925925925926
AT3G09075	0.3
AT3G09080	0.7083333333333334
AT3G09085	9.6
AT3G09090	28.694545454545455
AT3G09095	0.17142857142857143
AT3G09100	26.989090909090912
AT3G09105	0.45789473684210524
AT3G09110	0.21428571428571427
AT3G09120	0.19
AT3G09130	0.6
AT3G09140	0.4
AT3G09145	1.8
AT3G09150	14.59074074074074
AT3G09155	0.8111111111111112
AT3G09160	6.3882352941176475
AT3G09162	4.221153846153846
AT3G09180	16.369090909090907
AT3G09185	0.4894736842105263
AT3G09190	4.537037037037037
AT3G09195	0.35714285714285715
AT3G09200	659.0909090909091
AT3G09205	0.3666666666666667
AT3G09210	82.96727272727273
AT3G09220	53.3775
AT3G09230	6.710909090909091
AT3G09240	1.9081632653061225
AT3G09245	0.4444444444444444
AT3G09250	18.11111111111111
AT3G09255	0.2
AT3G09260	2461.9901960784314
AT3G09265	0.25
AT3G09270	56.388888888888886
AT3G09280	0.8121212121212121
AT3G09290	2.3870967741935485
AT3G09295	0.3909090909090909
AT3G09300	52.96363636363636
AT3G09305	0.8358974358974359
AT3G09310	3.810909090909091
AT3G09315	0.3
AT3G09320	17.09090909090909
AT3G09325	0.5
AT3G09330	0.7550000000000001
AT3G09335	0.3333333333333333
AT3G09340	0.7000000000000001
AT3G09345	1.0186046511627906
AT3G09350	26.489090909090912
AT3G09355	0.42000000000000004
AT3G09360	10.674545454545456
AT3G09365	0.3
AT3G09370	7.4
AT3G09380	0.20000000000000004
AT3G09390	753.6545454545454
AT3G09395	0.5
AT3G09400	0.6878787878787879
AT3G09405	3.3888888888888893
AT3G09410	21.962962962962962
AT3G09415	1.7652173913043476
AT3G09430	1.4735849056603776
AT3G09440	260.3909090909091
AT3G09445	0.5
AT3G09450	2.3051282051282054
AT3G09455	21.567272727272726
AT3G09465	0.24
AT3G09470	30.563636363636363
AT3G09475	0.65
AT3G09480	6.579999999999999
AT3G09485	0.7
AT3G09490	6.1611111111111105
AT3G09495	0.9
AT3G09500	483.10181818181815
AT3G09505	1.95
AT3G09515	0.8764705882352941
AT3G09520	1.9236363636363636
AT3G09525	0.824
AT3G09530	107.37142857142858
AT3G09540	13.5
AT3G09545	1.9043478260869564
AT3G09550	2.7777777777777777
AT3G09555	0.8325581395348837
AT3G09560	13.090909090909092
AT3G09565	0.34285714285714286
AT3G09570	31.145454545454545
AT3G09575	0.16
AT3G09580	18.652727272727276
AT3G09590	1.1413793103448275
AT3G09595	3.9722222222222223
AT3G09600	17.56909090909091
AT3G09620	0.2
AT3G09630	377.6727272727273
AT3G09640	0.9206896551724137
AT3G09650	19.38888888888889
AT3G09660	3.2574074074074075
AT3G09665	0.5
AT3G09670	9.205454545454545
AT3G09675	0.25
AT3G09680	2.156603773584906
AT3G09690	11.68
AT3G09695	1.45
AT3G09700	12.925925925925926
AT3G09705	1.8
AT3G09710	7.494545454545454
AT3G09720	9.796296296296296
AT3G09725	3.0
AT3G09730	3.6599999999999997
AT3G09735	80.45454545454545
AT3G09740	99.14727272727274
AT3G09745	0.16499999999999998
AT3G09750	0.1875
AT3G09755	0.62
AT3G09760	22.29090909090909
AT3G09765	0.55
AT3G09770	43.981818181818184
AT3G09775	1.7372549019607841
AT3G09780	3.174074074074074
AT3G09785	0.5625
AT3G09790	0.8673469387755102
AT3G09795	0.34444444444444444
AT3G09800	12.483636363636364
AT3G09810	32.96363636363636
AT3G09820	224.2
AT3G09830	15.14909090909091
AT3G09835	0.30000000000000004
AT3G09840	303.1636363636364
AT3G09845	0.4
AT3G09850	36.63636363636363
AT3G09855	0.6266666666666667
AT3G09860	180.22909090909093
AT3G09863	2.5451612903225804
AT3G09870	5.447058823529411
AT3G09880	19.254545454545454
AT3G09890	18.303636363636365
AT3G09900	35.27777777777778
AT3G09910	3.303773584905661
AT3G09920	17.01851851851852
AT3G09922	14.528571428571428
AT3G09925	21.423684210526314
AT3G09930	2.14
AT3G09935	0.6
AT3G09940	28.88235294117647
AT3G09945	0.25
AT3G09950	2.1025641025641026
AT3G09955	1.0513513513513513
AT3G09960	2.618367346938775
AT3G09970	30.563636363636363
AT3G09980	78.0490909090909
AT3G09985	1.3909090909090909
AT3G09990	0.7
AT3G10000	1.131111111111111
AT3G10010	7.809259259259259
AT3G10015	0.8
AT3G10020	137.11111111111111
AT3G10030	21.509090909090908
AT3G10035	2.0
AT3G10040	6.987037037037037
AT3G10050	33.405454545454546
AT3G10060	108.57407407407408
AT3G10070	10.827272727272728
AT3G10080	23.77777777777778
AT3G10090	76.12909090909092
AT3G10110	3.661111111111111
AT3G10113	0.1285714285714286
AT3G10116	0.3416666666666666
AT3G10130	21.87272727272727
AT3G10140	10.814814814814815
AT3G10150	2.631914893617021
AT3G10160	34.403636363636366
AT3G10180	3.0703703703703704
AT3G10185	2.8488372093023258
AT3G10190	21.0
AT3G10195	0.5
AT3G10200	3.2148148148148152
AT3G10210	11.941818181818181
AT3G10220	27.23272727272727
AT3G10230	56.6
AT3G10240	0.5
AT3G10250	20.78181818181818
AT3G10260	53.2037037037037
AT3G10270	28.48148148148148
AT3G10280	0.16842105263157894
AT3G10290	2.909090909090909
AT3G10300	27.545454545454547
AT3G10310	6.514545454545455
AT3G10320	5.449999999999999
AT3G10330	22.396363636363635
AT3G10340	21.22222222222222
AT3G10350	35.54181818181818
AT3G10360	17.418181818181818
AT3G10370	28.745454545454546
AT3G10380	39.70909090909091
AT3G10390	11.261818181818182
AT3G10405	23.736363636363638
AT3G10410	109.50909090909092
AT3G10415	9.25
AT3G10420	55.38181818181818
AT3G10430	0.30000000000000004
AT3G10440	6.654545454545454
AT3G10450	12.372727272727273
AT3G10455	7.5600000000000005
AT3G10460	42.11
AT3G10470	2.4857142857142858
AT3G10480	17.092727272727274
AT3G10490	24.703703703703702
AT3G10500	22.296296296296298
AT3G10510	0.505263157894737
AT3G10520	86.20370370370371
AT3G10525	11.037037037037036
AT3G10530	15.796296296296296
AT3G10540	19.272727272727273
AT3G10550	11.018181818181818
AT3G10560	0.6022727272727272
AT3G10570	12.05
AT3G10572	14.745454545454546
AT3G10580	0.16666666666666666
AT3G10585	0.16666666666666666
AT3G10590	0.5975609756097561
AT3G10595	0.1
AT3G10600	0.4057692307692307
AT3G10605	1.0022727272727272
AT3G10610	73.14727272727272
AT3G10620	28.381818181818183
AT3G10630	7.889090909090909
AT3G10640	36.945454545454545
AT3G10650	24.727272727272727
AT3G10660	6.078181818181818
AT3G10670	71.05636363636363
AT3G10680	2.662962962962963
AT3G10690	30.0
AT3G10700	11.709090909090909
AT3G10710	10.162068965517241
AT3G10720	41.2962962962963
AT3G10730	18.345454545454544
AT3G10740	42.42909090909091
AT3G10745	4.214705882352941
AT3G10750	0.28157894736842104
AT3G10760	24.94
AT3G10770	69.69090909090909
AT3G10780	0.99375
AT3G10790	0.21666666666666667
AT3G10800	25.527272727272727
AT3G10810	27.676363636363636
AT3G10815	3.189795918367347
AT3G10820	4.883636363636364
AT3G10840	12.812962962962963
AT3G10845	0.21764705882352942
AT3G10850	131.07818181818183
AT3G10860	210.0
AT3G10870	10.88679245283019
AT3G10880	2.250943396226415
AT3G10890	1.025
AT3G10900	0.5875
AT3G10910	11.216666666666665
AT3G10915	21.545454545454547
AT3G10920	260.3818181818182
AT3G10930	9.988888888888889
AT3G10940	51.71272727272727
AT3G10950	0.75
AT3G10960	9.722222222222221
AT3G10970	71.7309090909091
AT3G10974	0.3666666666666667
AT3G10980	15.574074074074074
AT3G10985	131.85454545454544
AT3G10986	1.209090909090909
AT3G10990	0.44999999999999996
AT3G11000	6.518367346938775
AT3G11010	12.685454545454546
AT3G11020	1.462962962962963
AT3G11030	10.276363636363637
AT3G11040	4.449090909090909
AT3G11050	3.3418181818181822
AT3G11060	0.5
AT3G11070	21.80181818181818
AT3G11080	1.901851851851852
AT3G11090	19.8962962962963
AT3G11100	25.89090909090909
AT3G11110	13.76923076923077
AT3G11120	315.6363636363636
AT3G11130	95.58181818181818
AT3G11150	1.1744680851063831
AT3G11160	1.1555555555555557
AT3G11165	1.286206896551724
AT3G11170	213.72727272727272
AT3G11180	3.0518518518518514
AT3G11200	64.43636363636364
AT3G11210	14.563636363636364
AT3G11220	8.290740740740741
AT3G11230	23.965454545454545
AT3G11240	7.343636363636363
AT3G11250	53.80363636363636
AT3G11260	1.5297872340425533
AT3G11270	21.24074074074074
AT3G11280	43.25636363636364
AT3G11290	14.589090909090908
AT3G11300	0.5
AT3G11310	0.3666666666666667
AT3G11320	19.763636363636362
AT3G11325	0.13333333333333336
AT3G11330	29.163636363636364
AT3G11340	31.26153846153846
AT3G11350	0.15
AT3G11370	1.1066666666666667
AT3G11380	0.18
AT3G11385	0.7535714285714284
AT3G11390	0.4634146341463414
AT3G11395	1.4300000000000002
AT3G11397	34.96545454545454
AT3G11400	123.77818181818182
AT3G11402	2.1528301886792454
AT3G11405	0.3333333333333333
AT3G11410	66.0909090909091
AT3G11415	0.19090909090909092
AT3G11420	21.163636363636364
AT3G11430	12.551063829787234
AT3G11435	1.0
AT3G11440	2.827272727272727
AT3G11450	59.38181818181818
AT3G11460	2.132727272727273
AT3G11470	8.567272727272726
AT3G11480	2.5518518518518514
AT3G11490	19.90909090909091
AT3G11500	53.407407407407405
AT3G11510	489.08909090909094
AT3G11520	9.06
AT3G11530	18.436363636363637
AT3G11540	18.765454545454542
AT3G11550	19.37
AT3G11560	46.81090909090909
AT3G11570	0.6981132075471698
AT3G11580	3.164814814814815
AT3G11590	20.09259259259259
AT3G11591	0.6607142857142857
AT3G11600	15.492592592592594
AT3G11620	11.148148148148149
AT3G11630	731.6018181818182
AT3G11640	0.9471698113207546
AT3G11650	14.425925925925926
AT3G11660	74.5
AT3G11670	30.09090909090909
AT3G11680	3.7588235294117642
AT3G11690	27.272727272727273
AT3G11700	81.38181818181818
AT3G11710	92.2909090909091
AT3G11720	12.012962962962964
AT3G11730	47.05555555555556
AT3G11740	7.835714285714286
AT3G11745	5.6
AT3G11750	6.90925925925926
AT3G11760	9.727272727272727
AT3G11770	29.714545454545455
AT3G11773	0.5566666666666666
AT3G11780	68.58909090909091
AT3G11800	61.345454545454544
AT3G11810	39.592592592592595
AT3G11820	47.888888888888886
AT3G11825	9.98
AT3G11830	111.74545454545455
AT3G11840	9.483333333333334
AT3G11850	10.216363636363637
AT3G11860	0.26666666666666666
AT3G11870	0.24999999999999997
AT3G11880	22.527272727272727
AT3G11890	10.530909090909091
AT3G11900	20.8
AT3G11910	43.654545454545456
AT3G11920	0.19285714285714287
AT3G11930	168.49272727272728
AT3G11940	487.8181818181818
AT3G11945	55.092592592592595
AT3G11950	8.332727272727272
AT3G11960	16.92
AT3G11964	18.85185185185185
AT3G11980	1.21875
AT3G11990	1.8800000000000001
AT3G12000	126.85999999999999
AT3G12010	28.574545454545454
AT3G12020	16.05636363636364
AT3G12040	6.4944444444444445
AT3G12050	64.21272727272726
AT3G12060	0.5608695652173913
AT3G12070	1.7240740740740743
AT3G12080	65.54727272727273
AT3G12090	14.21111111111111
AT3G12100	15.403636363636364
AT3G12110	33.345454545454544
AT3G12120	477.45454545454544
AT3G12130	34.70909090909091
AT3G12140	26.036363636363635
AT3G12145	132.63818181818183
AT3G12150	18.181818181818183
AT3G12160	2.8405405405405406
AT3G12170	7.1890909090909085
AT3G12180	14.592592592592593
AT3G12190	0.2
AT3G12200	20.01851851851852
AT3G12203	0.5095238095238095
AT3G12210	17.365454545454547
AT3G12220	2.17843137254902
AT3G12230	0.47000000000000003
AT3G12240	2.3687500000000004
AT3G12250	5.035185185185185
AT3G12260	130.6
AT3G12270	15.620000000000001
AT3G12280	22.12727272727273
AT3G12290	134.52727272727273
AT3G12300	19.472727272727273
AT3G12320	26.71272727272727
AT3G12340	8.107272727272727
AT3G12345	180.75818181818184
AT3G12350	20.363636363636363
AT3G12360	43.129629629629626
AT3G12370	28.818181818181817
AT3G12380	12.290909090909091
AT3G12385	0.3
AT3G12390	202.22222222222223
AT3G12400	29.12727272727273
AT3G12410	1.2414634146341466
AT3G12420	1.4375
AT3G12430	1.092857142857143
AT3G12440	0.3333333333333333
AT3G12460	1.5169811320754716
AT3G12470	1.159090909090909
AT3G12480	31.272727272727273
AT3G12490	165.9090909090909
AT3G12500	26.024528301886797
AT3G12502	0.34
AT3G12520	9.35090909090909
AT3G12530	7.418181818181818
AT3G12540	2.21
AT3G12545	0.2863636363636364
AT3G12550	9.335185185185185
AT3G12560	23.98181818181818
AT3G12570	41.41818181818182
AT3G12580	82.92727272727272
AT3G12585	1.5749999999999997
AT3G12587	33.69090909090909
AT3G12590	13.118181818181819
AT3G12600	52.2
AT3G12610	78.97090909090909
AT3G12620	33.654545454545456
AT3G12630	104.05454545454545
AT3G12640	17.527272727272727
AT3G12650	11.781818181818181
AT3G12670	31.081818181818182
AT3G12680	21.656363636363636
AT3G12685	19.829090909090908
AT3G12690	6.787272727272727
AT3G12700	22.605555555555558
AT3G12710	25.685185185185187
AT3G12720	2.8236842105263156
AT3G12730	5.3
AT3G12740	62.72727272727273
AT3G12750	9.685185185185185
AT3G12760	29.163636363636364
AT3G12770	0.23181818181818184
AT3G12775	0.25
AT3G12780	940.6545454545454
AT3G12800	126.94545454545455
AT3G12810	10.107272727272727
AT3G12820	3.0169811320754714
AT3G12830	11.777777777777779
AT3G12833	0.4583333333333333
AT3G12840	0.3
AT3G12850	0.55
AT3G12860	7.12962962962963
AT3G12870	17.237037037037037
AT3G12880	0.3531249999999999
AT3G12890	2.2131578947368418
AT3G12900	3.321875
AT3G12910	0.68
AT3G12915	6.274074074074075
AT3G12920	27.78181818181818
AT3G12930	54.425925925925924
AT3G12940	6.378181818181818
AT3G12950	22.09259259259259
AT3G12955	2.667307692307692
AT3G12960	0.49200000000000005
AT3G12965	161.85454545454544
AT3G12970	4.192452830188679
AT3G12977	4.722448979591836
AT3G12980	12.381818181818181
AT3G12990	9.833333333333334
AT3G13000	13.222222222222221
AT3G13010	0.155
AT3G13020	1.4943396226415093
AT3G13030	12.685185185185185
AT3G13040	49.074074074074076
AT3G13050	11.345454545454546
AT3G13060	18.69090909090909
AT3G13062	32.0
AT3G13065	8.427272727272726
AT3G13070	36.656363636363636
AT3G13080	27.4
AT3G13090	0.9470588235294118
AT3G13100	2.52
AT3G13110	75.34545454545454
AT3G13120	290.98148148148147
AT3G13130	0.765625
AT3G13140	0.34814814814814815
AT3G13150	6.111111111111111
AT3G13160	19.296363636363637
AT3G13170	0.9294117647058825
AT3G13175	14.487037037037036
AT3G13180	28.666666666666668
AT3G13190	13.5
AT3G13200	134.6909090909091
AT3G13210	0.6423076923076922
AT3G13220	0.6
AT3G13222	20.41090909090909
AT3G13224	17.054545454545455
AT3G13225	14.494545454545456
AT3G13226	19.925925925925927
AT3G13227	89.70000000000002
AT3G13228	0.25
AT3G13229	16.700000000000003
AT3G13230	31.492727272727272
AT3G13235	39.67818181818182
AT3G13240	6.885185185185185
AT3G13275	7.452727272727272
AT3G13276	1.9295454545454547
AT3G13277	3.037037037037037
AT3G13280	0.2777777777777778
AT3G13290	12.132727272727271
AT3G13300	42.78181818181818
AT3G13310	41.074074074074076
AT3G13320	27.44909090909091
AT3G13330	24.73818181818182
AT3G13335	0.4
AT3G13340	38.45454545454545
AT3G13350	20.327272727272728
AT3G13360	32.31090909090909
AT3G13370	0.1
AT3G13380	7.112727272727273
AT3G13390	371.2615384615384
AT3G13400	531.5666666666666
AT3G13403	6.760416666666667
AT3G13404	5.592307692307693
AT3G13405	3.6136363636363638
AT3G13410	145.4909090909091
AT3G13420	2.303636363636364
AT3G13430	11.612727272727273
AT3G13432	3.6735294117647057
AT3G13433	1.3758620689655172
AT3G13435	17.451282051282053
AT3G13437	7.0
AT3G13440	28.09090909090909
AT3G13445	27.90909090909091
AT3G13450	36.96181818181818
AT3G13460	204.5818181818182
AT3G13470	129.32909090909092
AT3G13480	18.276363636363637
AT3G13490	43.00181818181818
AT3G13500	0.45172413793103455
AT3G13510	38.75925925925926
AT3G13520	218.07454545454547
AT3G13525	17.03333333333333
AT3G13530	9.13090909090909
AT3G13550	16.37272727272727
AT3G13560	18.203703703703702
AT3G13570	60.67636363636363
AT3G13580	91.86727272727272
AT3G13590	1.521818181818182
AT3G13600	3.111111111111111
AT3G13610	36.34285714285714
AT3G13620	8.818181818181818
AT3G13630	0.7666666666666666
AT3G13640	2.184
AT3G13650	17.325925925925926
AT3G13660	3.9885714285714275
AT3G13662	3.8933333333333326
AT3G13670	51.21818181818182
AT3G13672	1.5472727272727274
AT3G13674	8.256363636363636
AT3G13677	8.296296296296296
AT3G13680	0.4375
AT3G13682	2.456363636363636
AT3G13690	28.61111111111111
AT3G13700	0.2
AT3G13720	28.7
AT3G13724	0.4666666666666666
AT3G13730	7.142592592592592
AT3G13740	25.796296296296298
AT3G13750	184.63818181818183
AT3G13760	3.102380952380952
AT3G13770	1.0425925925925925
AT3G13772	36.56363636363636
AT3G13780	6.672727272727273
AT3G13782	4.475471698113207
AT3G13784	1.561111111111111
AT3G13790	64.25925925925925
AT3G13800	10.445454545454545
AT3G13810	16.796296296296298
AT3G13820	0.5249999999999999
AT3G13830	0.35
AT3G13840	0.6674418604651162
AT3G13845	15.381818181818181
AT3G13850	1.1869565217391305
AT3G13857	0.8624999999999999
AT3G13860	27.80181818181818
AT3G13870	83.34545454545454
AT3G13880	2.6129629629629636
AT3G13882	51.843636363636364
AT3G13890	1.3399999999999999
AT3G13898	0.613953488372093
AT3G13900	1.6818181818181819
AT3G13910	25.37454545454545
AT3G13920	300.8
AT3G13930	89.83636363636364
AT3G13940	18.567272727272726
AT3G13950	5.53265306122449
AT3G13960	7.6063829787234045
AT3G13970	6.351851851851852
AT3G13980	14.925925925925926
AT3G13990	24.46
AT3G14000	10.648148148148149
AT3G14010	29.418181818181818
AT3G14020	4.933333333333333
AT3G14030	0.30000000000000004
AT3G14040	692.157142857143
AT3G14050	33.27454545454545
AT3G14060	7.877777777777777
AT3G14067	163.1818181818182
AT3G14070	3.1981818181818182
AT3G14075	11.945454545454545
AT3G14080	21.712727272727275
AT3G14090	12.692727272727273
AT3G14100	90.18181818181819
AT3G14110	124.75925925925925
AT3G14120	13.833333333333334
AT3G14130	7.722222222222222
AT3G14140	0.47659574468085103
AT3G14150	19.71090909090909
AT3G14160	6.136363636363637
AT3G14170	3.485185185185185
AT3G14172	17.578181818181818
AT3G14180	22.01818181818182
AT3G14185	6.109375
AT3G14190	11.769090909090908
AT3G14200	28.545454545454547
AT3G14205	24.963636363636365
AT3G14210	347.9
AT3G14220	48.56727272727272
AT3G14225	1.2944444444444445
AT3G14230	92.96545454545455
AT3G14240	59.592592592592595
AT3G14250	0.19999999999999998
AT3G14260	5.778787878787878
AT3G14270	20.509090909090908
AT3G14280	30.53636363636364
AT3G14290	67.24181818181819
AT3G14300	0.37142857142857144
AT3G14310	209.74074074074073
AT3G14320	0.28181818181818186
AT3G14330	13.055555555555555
AT3G14350	45.388888888888886
AT3G14360	3.3254545454545457
AT3G14362	0.6892857142857142
AT3G14370	3.5673076923076916
AT3G14380	2.6574999999999998
AT3G14385	0.4333333333333333
AT3G14390	42.058181818181815
AT3G14395	5.782608695652174
AT3G14400	31.618181818181817
AT3G14410	18.69272727272727
AT3G14415	531.2072727272728
AT3G14420	923.1018181818182
AT3G14430	35.91818181818182
AT3G14440	7.096296296296296
AT3G14450	5.6648148148148145
AT3G14452	3.15
AT3G14460	1.0945454545454545
AT3G14467	0.26666666666666666
AT3G14470	4.1054545454545455
AT3G14480	0.5
AT3G14490	0.16153846153846155
AT3G14510	1.9357142857142857
AT3G14520	2.67
AT3G14530	4.648648648648648
AT3G14540	1.9375
AT3G14550	1.8363636363636364
AT3G14560	27.78363636363636
AT3G14570	4.265454545454546
AT3G14580	2.90925925925926
AT3G14590	6.627272727272727
AT3G14595	132.92727272727274
AT3G14600	245.8909090909091
AT3G14610	12.38888888888889
AT3G14620	40.05555555555556
AT3G14630	0.7370370370370369
AT3G14640	0.5437500000000001
AT3G14650	71.81818181818181
AT3G14660	91.4509090909091
AT3G14670	0.33333333333333326
AT3G14680	17.054901960784314
AT3G14690	55.019999999999996
AT3G14700	1.4584905660377359
AT3G14710	0.51
AT3G14720	30.036363636363635
AT3G14730	2.943636363636364
AT3G14735	1.8333333333333333
AT3G14740	9.425925925925926
AT3G14750	7.821818181818181
AT3G14760	10.209803921568628
AT3G14770	22.456363636363633
AT3G14780	4.2519230769230765
AT3G14790	25.418181818181818
AT3G14810	13.81111111111111
AT3G14820	0.2571428571428572
AT3G14830	17.24074074074074
AT3G14840	50.527272727272724
AT3G14850	4.218518518518518
AT3G14855	1.35
AT3G14860	26.98363636363636
AT3G14870	6.037037037037037
AT3G14880	0.5028571428571429
AT3G14890	16.616363636363637
AT3G14900	16.85185185185185
AT3G14910	9.876363636363637
AT3G14920	20.48148148148148
AT3G14930	126.75272727272727
AT3G14940	54.872727272727275
AT3G14950	0.4317073170731708
AT3G14960	17.69090909090909
AT3G14970	0.225
AT3G14980	10.692727272727273
AT3G14990	311.5925925925926
AT3G15000	161.67454545454547
AT3G15010	26.345454545454544
AT3G15020	34.58181818181818
AT3G15030	38.592592592592595
AT3G15040	15.254545454545454
AT3G15050	3.8352941176470594
AT3G15055	0.9
AT3G15060	15.218181818181819
AT3G15070	15.709090909090909
AT3G15080	14.277777777777779
AT3G15090	23.796363636363637
AT3G15095	49.874545454545455
AT3G15110	55.60363636363636
AT3G15115	8.585454545454546
AT3G15120	8.49090909090909
AT3G15130	1.7703703703703706
AT3G15140	9.074074074074074
AT3G15150	7.327272727272727
AT3G15160	23.345454545454544
AT3G15170	0.7061224489795919
AT3G15180	17.944444444444443
AT3G15190	317.25636363636363
AT3G15200	2.6074074074074076
AT3G15210	63.50909090909091
AT3G15220	14.723636363636363
AT3G15240	10.075555555555555
AT3G15250	2.3645161290322583
AT3G15251	1.4
AT3G15260	25.78181818181818
AT3G15270	1.9962264150943396
AT3G15280	2.0374999999999996
AT3G15290	26.818181818181817
AT3G15300	6.266037735849057
AT3G15340	1.8452830188679246
AT3G15350	17.28181818181818
AT3G15351	8.112727272727273
AT3G15352	6.12962962962963
AT3G15353	971.3472727272728
AT3G15354	22.318181818181817
AT3G15355	11.927272727272728
AT3G15356	94.3490909090909
AT3G15357	13.176923076923078
AT3G15358	4.546296296296297
AT3G15359	0.5499999999999999
AT3G15360	355.8254545454546
AT3G15370	1.4520000000000002
AT3G15380	19.90740740740741
AT3G15390	6.341818181818181
AT3G15395	26.912727272727274
AT3G15400	9.436363636363636
AT3G15410	31.12727272727273
AT3G15420	5.871698113207547
AT3G15430	23.87818181818182
AT3G15440	1.13
AT3G15450	486.8
AT3G15460	15.545454545454545
AT3G15470	18.30909090909091
AT3G15480	64.5925925925926
AT3G15490	0.15
AT3G15500	10.046153846153846
AT3G15510	10.107692307692307
AT3G15518	0.9914285714285715
AT3G15520	43.43703703703704
AT3G15530	31.925925925925927
AT3G15534	1.018181818181818
AT3G15536	15.023076923076925
AT3G15540	18.807407407407407
AT3G15548	0.3
AT3G15550	12.896296296296297
AT3G15570	12.801923076923078
AT3G15580	45.27272727272727
AT3G15585	2.0
AT3G15590	25.085454545454546
AT3G15605	1.2444444444444445
AT3G15610	29.10909090909091
AT3G15620	5.165454545454546
AT3G15630	56.63636363636363
AT3G15640	98.10909090909091
AT3G15650	4.67037037037037
AT3G15660	55.469090909090916
AT3G15670	3.5250000000000004
AT3G15680	22.796296296296298
AT3G15690	41.40181818181818
AT3G15700	1.474193548387097
AT3G15710	43.0
AT3G15720	5.194339622641509
AT3G15730	270.51272727272726
AT3G15740	0.752
AT3G15750	5.0181818181818185
AT3G15760	12.62962962962963
AT3G15770	28.666666666666668
AT3G15780	20.861818181818183
AT3G15790	33.33090909090909
AT3G15800	2.2907407407407407
AT3G15810	74.44545454545455
AT3G15820	29.618181818181817
AT3G15830	0.7425531914893617
AT3G15840	245.7781818181818
AT3G15850	129.5290909090909
AT3G15860	0.3777777777777778
AT3G15870	0.19090909090909092
AT3G15880	35.41818181818182
AT3G15890	7.7592592592592595
AT3G15900	33.42181818181818
AT3G15910	0.18461538461538465
AT3G15920	9.076363636363636
AT3G15940	21.35185185185185
AT3G15950	224.30555555555554
AT3G15960	0.2076923076923077
AT3G15970	22.132727272727273
AT3G15980	38.054545454545455
AT3G15990	7.109090909090909
AT3G16000	107.79629629629629
AT3G16010	4.152727272727273
AT3G16020	0.7680000000000001
AT3G16030	4.423636363636364
AT3G16040	59.25652173913043
AT3G16050	12.001818181818182
AT3G16060	38.092592592592595
AT3G16070	2.5288461538461537
AT3G16080	169.30727272727273
AT3G16090	15.65090909090909
AT3G16100	37.763636363636365
AT3G16110	23.838181818181816
AT3G16117	0.39999999999999997
AT3G16120	2.840816326530612
AT3G16130	0.3333333333333333
AT3G16140	465.21999999999997
AT3G16150	8.18909090909091
AT3G16160	0.49
AT3G16170	12.967272727272729
AT3G16175	3.5129629629629626
AT3G16180	23.60181818181818
AT3G16190	48.89090909090909
AT3G16200	18.805454545454545
AT3G16210	0.9457142857142857
AT3G16220	26.75925925925926
AT3G16230	20.563636363636363
AT3G16240	726.925925925926
AT3G16250	96.17735849056604
AT3G16260	19.61111111111111
AT3G16270	27.618181818181817
AT3G16280	4.348148148148148
AT3G16290	43.32909090909091
AT3G16300	2.0486486486486486
AT3G16310	34.163636363636364
AT3G16320	2.6127272727272723
AT3G16330	7.242592592592593
AT3G16340	15.425925925925926
AT3G16350	9.327272727272728
AT3G16360	5.373584905660379
AT3G16370	271.4745454545455
AT3G16380	2.27948717948718
AT3G16390	3.8391304347826085
AT3G16400	206.25636363636363
AT3G16410	10.270833333333334
AT3G16420	685.8537037037037
AT3G16430	48.5531914893617
AT3G16432	0.5333333333333333
AT3G16440	18.57894736842105
AT3G16450	250.74680851063832
AT3G16460	252.50555555555553
AT3G16470	135.77777777777777
AT3G16480	40.0
AT3G16490	3.1018518518518516
AT3G16500	30.296296296296298
AT3G16510	7.712727272727273
AT3G16520	81.9074074074074
AT3G16525	0.6
AT3G16530	64.17358490566038
AT3G16540	0.25666666666666665
AT3G16550	0.175
AT3G16552	0.9
AT3G16555	0.16666666666666666
AT3G16560	15.2
AT3G16565	10.925925925925926
AT3G16570	46.851851851851855
AT3G16580	0.25
AT3G16590	0.2125
AT3G16600	0.19999999999999998
AT3G16610	1.3254545454545457
AT3G16620	8.709090909090909
AT3G16630	46.61818181818182
AT3G16640	2013.8363636363636
AT3G16650	3.5527272727272723
AT3G16660	56.404444444444444
AT3G16670	104.29545454545455
AT3G16680	0.31666666666666665
AT3G16690	9.205769230769231
AT3G16700	5.587037037037038
AT3G16710	3.1277777777777778
AT3G16712	4.9941176470588236
AT3G16720	19.063636363636363
AT3G16730	5.747272727272728
AT3G16740	15.127272727272727
AT3G16750	10.025925925925925
AT3G16760	29.272727272727273
AT3G16770	170.8218181818182
AT3G16780	113.6
AT3G16785	13.963636363636363
AT3G16800	21.37037037037037
AT3G16810	24.185185185185187
AT3G16820	0.6
AT3G16830	31.745454545454546
AT3G16840	25.734545454545458
AT3G16850	69.83333333333333
AT3G16857	29.944444444444443
AT3G16860	5.276363636363637
AT3G16870	20.381818181818183
AT3G16880	0.5
AT3G16890	3.212962962962963
AT3G16895	0.2
AT3G16900	1.0425531914893618
AT3G16910	46.80363636363636
AT3G16920	21.274545454545454
AT3G16930	0.790909090909091
AT3G16940	20.40740740740741
AT3G16950	37.14727272727273
AT3G16960	0.9
AT3G16970	0.3
AT3G16980	1.1936170212765957
AT3G16990	9.703703703703704
AT3G17000	37.054545454545455
AT3G17010	0.5739130434782609
AT3G17020	167.36363636363637
AT3G17030	3.970909090909091
AT3G17040	42.46296296296296
AT3G17060	309.03333333333336
AT3G17070	14.523529411764708
AT3G17080	2.12
AT3G17090	49.981818181818184
AT3G17100	55.70909090909091
AT3G17120	15.963636363636363
AT3G17130	4.10188679245283
AT3G17140	0.35
AT3G17150	7.916666666666667
AT3G17152	0.5894736842105263
AT3G17155	0.3
AT3G17160	73.38888888888889
AT3G17170	99.66666666666667
AT3G17180	0.29
AT3G17185	25.636363636363637
AT3G17190	0.8
AT3G17205	22.263636363636362
AT3G17210	117.18363636363637
AT3G17220	2.1019607843137256
AT3G17225	2.4269230769230767
AT3G17227	0.6588235294117647
AT3G17230	0.9833333333333334
AT3G17240	74.30909090909091
AT3G17250	8.25925925925926
AT3G17265	0.6
AT3G17270	0.24000000000000005
AT3G17280	1.569090909090909
AT3G17300	28.038181818181815
AT3G17310	11.841818181818182
AT3G17320	0.2916666666666667
AT3G17330	15.856363636363637
AT3G17340	14.5
AT3G17350	11.881481481481481
AT3G17360	5.124074074074074
AT3G17365	11.494545454545456
AT3G17370	0.34285714285714286
AT3G17380	5.157407407407407
AT3G17390	394.96363636363634
AT3G17400	0.2
AT3G17410	54.63636363636363
AT3G17420	16.5
AT3G17430	19.605454545454545
AT3G17440	47.163636363636364
AT3G17450	11.036363636363637
AT3G17460	4.90566037735849
AT3G17465	45.27090909090909
AT3G17470	21.09090909090909
AT3G17480	0.3
AT3G17490	0.3
AT3G17500	0.6
AT3G17510	41.163636363636364
AT3G17520	3.824444444444445
AT3G17530	0.28
AT3G17540	0.22499999999999998
AT3G17550	0.3
AT3G17560	0.5
AT3G17570	0.21666666666666667
AT3G17580	4.533333333333334
AT3G17590	20.694545454545455
AT3G17600	1.6210526315789473
AT3G17609	29.329090909090908
AT3G17611	7.456363636363637
AT3G17620	0.22000000000000003
AT3G17626	5.941818181818182
AT3G17630	3.25
AT3G17640	10.034545454545457
AT3G17650	31.647272727272725
AT3G17655	0.17
AT3G17660	9.01090909090909
AT3G17668	9.97090909090909
AT3G17670	15.0
AT3G17675	0.7857142857142857
AT3G17680	12.757407407407406
AT3G17690	1.1641509433962265
AT3G17700	9.466666666666667
AT3G17710	5.454545454545454
AT3G17712	1.1814814814814814
AT3G17717	12.981818181818182
AT3G17720	0.24705882352941178
AT3G17730	2.587037037037037
AT3G17740	5.963636363636364
AT3G17750	17.381818181818183
AT3G17760	2.35
AT3G17770	33.36363636363637
AT3G17780	40.10909090909091
AT3G17790	31.054545454545455
AT3G17800	77.76363636363637
AT3G17810	79.13454545454545
AT3G17820	101.83636363636364
AT3G17830	7.233333333333333
AT3G17840	32.2962962962963
AT3G17850	30.256363636363634
AT3G17860	15.338181818181818
AT3G17880	31.838181818181816
AT3G17890	4.118518518518519
AT3G17900	27.778181818181817
AT3G17910	11.510909090909092
AT3G17920	8.86909090909091
AT3G17930	151.9127272727273
AT3G17940	48.0
AT3G17950	12.148148148148149
AT3G17970	28.78181818181818
AT3G17980	46.163888888888884
AT3G18000	87.05454545454545
AT3G18010	3.7729166666666667
AT3G18020	2.9981818181818185
AT3G18030	16.61111111111111
AT3G18035	66.03703703703704
AT3G18040	18.436363636363637
AT3G18050	82.42592592592592
AT3G18060	57.50909090909091
AT3G18070	1.9800000000000002
AT3G18080	214.09259259259258
AT3G18090	3.8
AT3G18100	6.094444444444445
AT3G18110	14.518518518518519
AT3G18120	0.2
AT3G18130	96.20727272727272
AT3G18140	61.8
AT3G18150	0.6
AT3G18160	15.52
AT3G18165	50.95090909090909
AT3G18170	9.107272727272727
AT3G18180	0.21818181818181823
AT3G18190	78.75454545454545
AT3G18200	8.06304347826087
AT3G18210	25.76727272727273
AT3G18215	20.03090909090909
AT3G18217	12.848936170212768
AT3G18220	57.666666666666664
AT3G18230	23.896363636363635
AT3G18235	0.2
AT3G18240	12.959259259259259
AT3G18250	10.898039215686273
AT3G18260	3.912962962962963
AT3G18270	20.227272727272727
AT3G18280	92.03703703703704
AT3G18282	0.30909090909090914
AT3G18290	52.78181818181818
AT3G18291	0.6666666666666666
AT3G18295	14.436363636363636
AT3G18300	1.0692307692307692
AT3G18310	5.203703703703703
AT3G18320	4.425925925925926
AT3G18330	0.23333333333333336
AT3G18340	0.4
AT3G18350	9.236363636363636
AT3G18360	1.3081081081081083
AT3G18362	4.685714285714286
AT3G18370	23.003636363636364
AT3G18380	17.89818181818182
AT3G18390	87.27454545454546
AT3G18400	6.372093023255814
AT3G18410	94.41818181818182
AT3G18420	45.925925925925924
AT3G18430	29.834545454545456
AT3G18440	22.367272727272727
AT3G18450	3.9310344827586206
AT3G18460	0.6
AT3G18470	0.35000000000000003
AT3G18480	26.619999999999997
AT3G18485	1.4599999999999997
AT3G18490	216.7109090909091
AT3G18500	25.59818181818182
AT3G18510	7.056363636363637
AT3G18518	0.6000000000000001
AT3G18520	27.6
AT3G18524	7.485454545454545
AT3G18530	2.137735849056604
AT3G18535	14.092592592592593
AT3G18550	1.1
AT3G18560	19.27777777777778
AT3G18570	1.713793103448276
AT3G18580	13.648148148148149
AT3G18590	0.32307692307692304
AT3G18600	31.819999999999997
AT3G18610	1.689090909090909
AT3G18620	5.623636363636364
AT3G18630	2.490740740740741
AT3G18640	16.674545454545456
AT3G18650	0.5
AT3G18660	4.553703703703704
AT3G18670	0.9074074074074076
AT3G18680	99.70370370370371
AT3G18690	9.166666666666666
AT3G18700	0.3333333333333333
AT3G18710	10.678181818181818
AT3G18715	0.8857142857142858
AT3G18720	0.3241379310344828
AT3G18730	3.255555555555556
AT3G18740	425.63272727272727
AT3G18750	17.654545454545456
AT3G18760	34.78545454545455
AT3G18770	5.2272727272727275
AT3G18773	5.627777777777777
AT3G18775	0.7727272727272727
AT3G18780	430.4
AT3G18790	39.148148148148145
AT3G18800	17.1
AT3G18810	91.13000000000001
AT3G18820	133.42545454545453
AT3G18830	53.238181818181815
AT3G18840	0.5612244897959184
AT3G18850	15.81111111111111
AT3G18860	39.06
AT3G18870	6.292592592592592
AT3G18880	2.838181818181818
AT3G18890	114.51851851851852
AT3G18900	3.1980769230769233
AT3G18905	0.26
AT3G18910	8.129090909090909
AT3G18930	7.944444444444445
AT3G18940	22.183636363636364
AT3G18950	6.6454545454545455
AT3G18952	3.25
AT3G18960	6.04074074074074
AT3G18970	3.2370370370370374
AT3G18980	27.854545454545455
AT3G18990	25.27777777777778
AT3G19000	18.24074074074074
AT3G19002	0.22608695652173913
AT3G19010	66.69090909090909
AT3G19020	60.654545454545456
AT3G19030	119.05555555555556
AT3G19035	0.7
AT3G19040	0.29000000000000004
AT3G19050	7.083333333333333
AT3G19055	0.75
AT3G19070	0.22000000000000003
AT3G19080	7.505454545454546
AT3G19085	0.21428571428571427
AT3G19090	2.9756097560975614
AT3G19100	41.90181818181818
AT3G19120	21.22
AT3G19130	63.941818181818185
AT3G19140	0.3
AT3G19150	10.654545454545454
AT3G19160	0.25
AT3G19170	128.87037037037038
AT3G19180	13.363636363636363
AT3G19184	1.1043478260869564
AT3G19190	13.414545454545454
AT3G19200	4.617021276595745
AT3G19210	3.62
AT3G19220	22.0
AT3G19230	0.9830188679245283
AT3G19235	0.9
AT3G19240	25.618181818181817
AT3G19250	2.0943396226415096
AT3G19260	16.10909090909091
AT3G19270	2.672916666666667
AT3G19274	3.133333333333333
AT3G19280	5.9399999999999995
AT3G19290	20.274545454545454
AT3G19300	3.735185185185185
AT3G19310	21.06923076923077
AT3G19320	1.2690476190476192
AT3G19330	4.007407407407407
AT3G19340	42.36363636363637
AT3G19350	0.9588235294117647
AT3G19360	6.8
AT3G19370	28.85185185185185
AT3G19380	12.77090909090909
AT3G19390	25.842592592592595
AT3G19400	19.90740740740741
AT3G19410	0.7
AT3G19420	63.10909090909091
AT3G19430	13.013333333333334
AT3G19440	5.9944444444444445
AT3G19450	122.54727272727273
AT3G19460	17.6
AT3G19470	3.7636363636363637
AT3G19480	26.551851851851854
AT3G19490	43.71454545454546
AT3G19500	1.6396226415094342
AT3G19508	12.698181818181817
AT3G19510	11.852727272727272
AT3G19515	21.634545454545457
AT3G19520	31.327272727272728
AT3G19530	0.4444444444444444
AT3G19540	26.85185185185185
AT3G19550	5.13235294117647
AT3G19552	0.3666666666666667
AT3G19553	30.62181818181818
AT3G19560	0.22500000000000003
AT3G19570	9.185185185185185
AT3G19580	15.996363636363636
AT3G19590	17.537037037037038
AT3G19600	0.25
AT3G19610	4.1375
AT3G19613	0.1
AT3G19615	1.3944444444444446
AT3G19620	4.3226415094339625
AT3G19630	23.87272727272727
AT3G19640	29.6
AT3G19650	22.98363636363636
AT3G19660	10.624074074074075
AT3G19663	1.3477272727272727
AT3G19670	18.4
AT3G19680	35.347272727272724
AT3G19690	2.1900000000000004
AT3G19700	0.25
AT3G19710	142.17169811320755
AT3G19720	46.18545454545454
AT3G19740	22.2
AT3G19760	120.56363636363636
AT3G19770	15.916363636363636
AT3G19780	7.618181818181818
AT3G19790	19.181818181818183
AT3G19800	76.68518518518519
AT3G19810	39.148148148148145
AT3G19820	251.94444444444446
AT3G19830	12.2
AT3G19840	13.063636363636364
AT3G19850	16.323076923076922
AT3G19860	35.81818181818182
AT3G19870	14.494545454545456
AT3G19880	0.5
AT3G19890	0.48
AT3G19895	11.510909090909092
AT3G19900	43.60909090909091
AT3G19910	42.09090909090909
AT3G19920	0.8382352941176473
AT3G19930	47.10909090909091
AT3G19940	0.14666666666666667
AT3G19950	16.727272727272727
AT3G19960	26.10909090909091
AT3G19970	13.745454545454546
AT3G19980	30.6
AT3G19990	20.94909090909091
AT3G20000	67.5490909090909
AT3G20010	7.198181818181817
AT3G20015	16.145454545454545
AT3G20020	11.330909090909092
AT3G20030	0.5
AT3G20040	5.4
AT3G20050	120.85454545454546
AT3G20060	86.10909090909091
AT3G20070	11.981818181818182
AT3G20080	8.051851851851852
AT3G20090	4.658181818181818
AT3G20100	27.492727272727272
AT3G20110	3.41904761904762
AT3G20120	12.510909090909092
AT3G20130	5.412962962962963
AT3G20140	0.28157894736842104
AT3G20150	9.294545454545455
AT3G20155	0.17500000000000002
AT3G20160	3.68
AT3G20170	7.907407407407407
AT3G20180	0.6255813953488372
AT3G20190	25.610810810810815
AT3G20200	4.940740740740741
AT3G20210	6.3
AT3G20220	232.27272727272728
AT3G20230	90.30545454545455
AT3G20240	14.440000000000001
AT3G20250	24.666666666666668
AT3G20260	13.785185185185185
AT3G20270	6.024074074074075
AT3G20280	5.7272727272727275
AT3G20290	40.72727272727273
AT3G20300	33.054545454545455
AT3G20310	27.036363636363635
AT3G20320	35.45454545454545
AT3G20330	26.087272727272726
AT3G20340	8.492156862745098
AT3G20350	10.201818181818183
AT3G20360	1.1074074074074074
AT3G20362	2.71
AT3G20370	95.24509803921569
AT3G20380	8.364102564102565
AT3G20390	272.09090909090907
AT3G20395	4.353061224489796
AT3G20400	0.3
AT3G20410	32.574074074074076
AT3G20420	3.6518518518518515
AT3G20430	18.09259259259259
AT3G20440	10.475925925925926
AT3G20450	3.9925925925925925
AT3G20460	1.8450980392156862
AT3G20470	113.12
AT3G20475	1.141509433962264
AT3G20480	2.611111111111111
AT3G20490	7.7272727272727275
AT3G20500	37.54909090909091
AT3G20510	43.06
AT3G20520	12.417142857142855
AT3G20530	25.151111111111113
AT3G20540	19.21818181818182
AT3G20550	28.44
AT3G20555	0.25000000000000006
AT3G20557	1.0519999999999998
AT3G20560	14.018181818181818
AT3G20570	26.672727272727272
AT3G20580	85.54999999999998
AT3G20590	2.0766666666666667
AT3G20600	13.607407407407406
AT3G20610	0.31999999999999995
AT3G20620	10.469090909090909
AT3G20630	30.35090909090909
AT3G20640	4.711111111111111
AT3G20650	17.065454545454546
AT3G20655	1.05
AT3G20660	6.803636363636364
AT3G20670	84.73454545454545
AT3G20680	27.975925925925928
AT3G20690	0.25
AT3G20700	0.4
AT3G20710	0.9472222222222221
AT3G20720	13.316363636363636
AT3G20730	0.8481481481481482
AT3G20740	18.89090909090909
AT3G20750	0.3
AT3G20760	8.65
AT3G20770	110.65454545454546
AT3G20780	8.956363636363637
AT3G20790	43.78181818181818
AT3G20800	32.25454545454546
AT3G20810	38.84074074074074
AT3G20820	117.42592592592592
AT3G20830	8.412727272727272
AT3G20840	2.4066666666666667
AT3G20850	0.7521739130434782
AT3G20860	12.665454545454544
AT3G20865	181.63076923076926
AT3G20870	27.396363636363635
AT3G20880	0.26875000000000004
AT3G20890	11.072727272727272
AT3G20898	3.928846153846154
AT3G20900	0.36
AT3G20910	11.232727272727272
AT3G20920	46.78181818181818
AT3G20930	20.494444444444444
AT3G20935	1.4933333333333334
AT3G20940	6.98918918918919
AT3G20950	0.26666666666666666
AT3G20960	7.279629629629629
AT3G20970	31.89090909090909
AT3G20978	0.5638297872340425
AT3G20980	0.45
AT3G20993	1.15
AT3G20997	0.8400000000000001
AT3G21000	0.5705882352941176
AT3G21055	1767.2018181818182
AT3G21060	12.32909090909091
AT3G21070	28.729090909090907
AT3G21080	2.452272727272727
AT3G21090	7.164150943396227
AT3G21100	9.56181818181818
AT3G21110	19.321818181818184
AT3G21120	0.25
AT3G21130	0.5
AT3G21140	18.814814814814813
AT3G21150	6.698076923076922
AT3G21160	19.418181818181818
AT3G21165	0.5
AT3G21170	0.25
AT3G21175	18.527272727272727
AT3G21180	31.886111111111106
AT3G21190	292.39464285714286
AT3G21200	96.30909090909091
AT3G21210	0.612
AT3G21215	25.854545454545455
AT3G21220	19.10909090909091
AT3G21230	15.963636363636363
AT3G21240	25.185185185185187
AT3G21250	26.343636363636364
AT3G21260	12.351851851851851
AT3G21270	17.77777777777778
AT3G21280	10.805454545454545
AT3G21290	9.50909090909091
AT3G21295	7.618181818181818
AT3G21300	14.203703703703704
AT3G21310	0.8320754716981132
AT3G21320	1.389655172413793
AT3G21330	3.253061224489796
AT3G21340	1.957142857142857
AT3G21350	25.89090909090909
AT3G21351	6.637037037037038
AT3G21352	3.658823529411765
AT3G21360	8.836363636363636
AT3G21370	2.4434782608695653
AT3G21380	1.5319999999999998
AT3G21390	15.687272727272726
AT3G21400	11.129090909090909
AT3G21410	0.26666666666666666
AT3G21420	7.707407407407407
AT3G21430	10.545454545454545
AT3G21450	0.30000000000000004
AT3G21460	8.086274509803921
AT3G21465	15.92909090909091
AT3G21470	1.3132075471698113
AT3G21473	0.6
AT3G21480	6.885454545454547
AT3G21490	0.35714285714285715
AT3G21500	2.0240000000000005
AT3G21510	22.00925925925926
AT3G21520	3.394871794871795
AT3G21530	5.009090909090909
AT3G21540	12.555555555555555
AT3G21550	20.322222222222223
AT3G21560	32.351851851851855
AT3G21570	69.5
AT3G21580	15.996363636363636
AT3G21590	0.43571428571428567
AT3G21600	11.037037037037036
AT3G21610	27.036363636363635
AT3G21620	0.5893617021276596
AT3G21630	25.88888888888889
AT3G21640	20.010909090909088
AT3G21650	11.854545454545455
AT3G21660	0.6545454545454547
AT3G21670	56.2037037037037
AT3G21680	3.5076923076923077
AT3G21690	60.70909090909091
AT3G21700	42.43636363636364
AT3G21710	18.641509433962263
AT3G21720	82.1425
AT3G21730	0.36
AT3G21740	7.416363636363636
AT3G21750	44.074074074074076
AT3G21755	1.3461538461538463
AT3G21770	63.0074074074074
AT3G21790	24.58703703703704
AT3G21800	0.35714285714285715
AT3G21805	88.22553191489362
AT3G21810	7.247272727272728
AT3G21820	11.969090909090909
AT3G21825	0.7
AT3G21830	0.30000000000000004
AT3G21840	0.1
AT3G21850	0.20000000000000004
AT3G21860	0.4166666666666667
AT3G21865	50.31636363636364
AT3G21870	11.966666666666665
AT3G21880	1.1583333333333334
AT3G21890	5.058
AT3G21900	3.375
AT3G21910	2.7800000000000002
AT3G21920	2.5
AT3G21930	1.5499999999999998
AT3G21940	1.8
AT3G21945	6.075
AT3G21950	6.462500000000001
AT3G21960	2.1285714285714286
AT3G21970	18.071428571428573
AT3G21980	2.4833333333333334
AT3G21990	17.639999999999997
AT3G22000	2.4250000000000003
AT3G22010	1.45
AT3G22020	2.6
AT3G22022	0.5
AT3G22030	2.075
AT3G22040	1.2
AT3G22050	4.58
AT3G22053	1.3800000000000001
AT3G22057	1.4
AT3G22060	37.945454545454545
AT3G22070	0.2
AT3G22072	0.2333333333333333
AT3G22080	0.6
AT3G22085	0.3
AT3G22090	0.6678571428571428
AT3G22100	1.1179999999999999
AT3G22104	9.574074074074074
AT3G22110	137.4
AT3G22120	0.14444444444444446
AT3G22125	0.10000000000000002
AT3G22150	19.95740740740741
AT3G22160	11.596296296296297
AT3G22170	33.72727272727273
AT3G22180	6.851851851851852
AT3G22190	21.512727272727272
AT3G22200	104.12727272727273
AT3G22210	34.42962962962963
AT3G22220	13.963636363636363
AT3G22230	300.88545454545454
AT3G22231	111.17400000000002
AT3G22235	40.17551020408163
AT3G22240	63.657407407407405
AT3G22250	1.1407407407407406
AT3G22260	9.074074074074074
AT3G22270	19.69090909090909
AT3G22275	7.097142857142857
AT3G22290	41.67272727272727
AT3G22300	32.92727272727273
AT3G22310	32.42363636363636
AT3G22320	93.05454545454545
AT3G22330	38.27777777777778
AT3G22333	0.6
AT3G22337	0.8
AT3G22345	0.2
AT3G22350	0.25
AT3G22360	3.3555555555555556
AT3G22370	48.443636363636365
AT3G22380	88.63636363636364
AT3G22400	6.281818181818182
AT3G22410	3.4345454545454546
AT3G22415	4.2377358490566035
AT3G22420	21.61851851851852
AT3G22421	0.13333333333333333
AT3G22425	21.944444444444443
AT3G22430	6.2
AT3G22436	0.1
AT3G22440	211.63818181818183
AT3G22450	2.7685185185185186
AT3G22460	10.547272727272727
AT3G22470	3.185454545454545
AT3G22480	49.60363636363636
AT3G22490	0.5
AT3G22500	0.2785714285714286
AT3G22510	82.70000000000002
AT3G22520	21.770909090909093
AT3G22540	5.055102040816327
AT3G22550	13.425925925925926
AT3G22560	1.32
AT3G22565	1.4514285714285713
AT3G22570	0.2846153846153846
AT3G22580	0.19999999999999998
AT3G22590	15.28
AT3G22600	47.849090909090904
AT3G22620	66.84363636363636
AT3G22630	61.30727272727273
AT3G22640	0.4117647058823529
AT3G22650	12.428571428571427
AT3G22660	47.13818181818181
AT3G22680	5.86
AT3G22690	2.109259259259259
AT3G22700	0.20434782608695654
AT3G22710	0.5
AT3G22720	0.25
AT3G22723	0.7
AT3G22730	0.5
AT3G22740	18.066037735849058
AT3G22750	21.672727272727272
AT3G22760	8.701818181818183
AT3G22770	0.17500000000000002
AT3G22780	28.14814814814815
AT3G22790	15.905555555555555
AT3G22800	12.0
AT3G22810	4.8962962962962955
AT3G22820	2.5705882352941174
AT3G22830	2.3304347826086955
AT3G22840	38.92962962962962
AT3G22845	86.01818181818182
AT3G22850	71.72727272727273
AT3G22860	0.21666666666666665
AT3G22870	0.15
AT3G22880	10.163636363636364
AT3G22886	3.973170731707317
AT3G22890	371.7127272727273
AT3G22900	4.692452830188679
AT3G22910	13.992727272727274
AT3G22920	1.2
AT3G22930	4.614814814814815
AT3G22940	0.35
AT3G22942	11.11111111111111
AT3G22950	36.90909090909091
AT3G22960	218.9090909090909
AT3G22961	1.6148936170212764
AT3G22970	81.85454545454546
AT3G22980	10.545454545454545
AT3G22990	24.78181818181818
AT3G23000	131.24074074074073
AT3G23010	1.580769230769231
AT3G23020	2.9481481481481477
AT3G23030	82.24074074074075
AT3G23050	114.33333333333333
AT3G23060	0.46774193548387094
AT3G23070	29.425925925925927
AT3G23080	44.67454545454545
AT3G23090	19.090740740740742
AT3G23100	13.201818181818183
AT3G23110	5.32037037037037
AT3G23120	8.9525
AT3G23122	5.75
AT3G23123	0.6
AT3G23125	0.6499999999999999
AT3G23130	4.275
AT3G23140	3.9
AT3G23145	0.5
AT3G23150	7.487037037037037
AT3G23160	8.203703703703704
AT3G23165	0.7
AT3G23167	0.35
AT3G23170	43.981818181818184
AT3G23172	2.0
AT3G23175	12.308695652173913
AT3G23180	12.742500000000001
AT3G23190	9.144444444444444
AT3G23200	4.732727272727273
AT3G23210	9.963636363636363
AT3G23220	0.3285714285714286
AT3G23230	1.8108108108108107
AT3G23240	1.8250000000000002
AT3G23245	2.525
AT3G23250	12.892307692307694
AT3G23255	9.75818181818182
AT3G23260	2.07962962962963
AT3G23270	5.863636363636363
AT3G23280	70.0909090909091
AT3G23290	11.735185185185186
AT3G23300	46.58181818181818
AT3G23310	25.78363636363636
AT3G23320	0.19166666666666665
AT3G23325	36.833333333333336
AT3G23326	0.7542857142857142
AT3G23330	3.32
AT3G23340	13.055555555555555
AT3G23350	3.2714285714285714
AT3G23360	0.4
AT3G23370	1.8462962962962963
AT3G23380	4.5
AT3G23390	346.1636363636364
AT3G23400	141.27777777777777
AT3G23410	20.854545454545455
AT3G23420	0.21666666666666667
AT3G23430	43.48148148148148
AT3G23440	2.0327272727272727
AT3G23450	105.84
AT3G23460	4.006666666666666
AT3G23470	13.423529411764704
AT3G23480	7.653703703703704
AT3G23490	70.09272727272727
AT3G23510	6.950943396226415
AT3G23530	34.02363636363636
AT3G23540	16.254545454545454
AT3G23550	16.051923076923075
AT3G23560	18.965454545454545
AT3G23570	44.888888888888886
AT3G23580	28.4
AT3G23590	18.765454545454542
AT3G23600	189.0909090909091
AT3G23605	11.518181818181818
AT3G23610	4.016363636363636
AT3G23620	50.80909090909091
AT3G23630	1.2454545454545454
AT3G23633	0.30000000000000004
AT3G23635	1.2333333333333334
AT3G23637	0.9466666666666667
AT3G23640	31.329090909090908
AT3G23650	0.9
AT3G23660	23.854545454545455
AT3G23670	9.809259259259258
AT3G23680	0.7
AT3G23685	0.5
AT3G23690	34.474545454545456
AT3G23700	126.81481481481481
AT3G23710	14.722222222222221
AT3G23715	0.15000000000000002
AT3G23727	14.333333333333334
AT3G23730	57.98148148148148
AT3G23740	5.665454545454546
AT3G23750	34.38181818181818
AT3G23760	33.14259259259259
AT3G23770	0.38750000000000007
AT3G23780	13.056363636363637
AT3G23790	9.992592592592594
AT3G23800	10.352631578947367
AT3G23805	32.81481481481482
AT3G23810	319.9818181818182
AT3G23820	188.01818181818183
AT3G23830	56.46296296296296
AT3G23840	11.274545454545455
AT3G23860	0.25263157894736843
AT3G23870	2.1865384615384618
AT3G23880	13.149999999999999
AT3G23890	22.165454545454544
AT3G23900	22.581818181818182
AT3G23910	8.22962962962963
AT3G23920	76.98181818181818
AT3G23930	3.9076923076923076
AT3G23940	82.56909090909092
AT3G23950	0.3
AT3G23955	0.17333333333333334
AT3G23960	0.18
AT3G23970	0.22000000000000003
AT3G23980	26.01818181818182
AT3G23990	103.84181818181818
AT3G24000	5.263636363636364
AT3G24010	27.054545454545455
AT3G24020	2.0901960784313722
AT3G24030	23.759999999999998
AT3G24040	34.04
AT3G24050	66.53272727272727
AT3G24060	0.3
AT3G24065	0.7052631578947368
AT3G24068	0.30000000000000004
AT3G24070	19.09090909090909
AT3G24080	52.09636363636364
AT3G24090	5.372727272727273
AT3G24093	0.19999999999999998
AT3G24100	100.98181818181818
AT3G24110	3.7074074074074077
AT3G24120	30.87272727272727
AT3G24130	0.38750000000000007
AT3G24140	14.182
AT3G24150	12.703703703703704
AT3G24160	166.4181818181818
AT3G24170	106.7090909090909
AT3G24180	35.163636363636364
AT3G24190	51.833333333333336
AT3G24200	21.145454545454545
AT3G24210	3.447222222222222
AT3G24220	3.516666666666666
AT3G24225	1.1487179487179489
AT3G24230	1.2078947368421054
AT3G24240	9.147058823529411
AT3G24250	0.32500000000000007
AT3G24255	1.5698113207547169
AT3G24260	0.6
AT3G24270	0.6
AT3G24280	2.066666666666667
AT3G24290	0.21428571428571427
AT3G24300	24.471428571428568
AT3G24310	3.0999999999999996
AT3G24315	20.78181818181818
AT3G24320	4.321818181818181
AT3G24340	1.1185185185185185
AT3G24350	30.78181818181818
AT3G24360	2.3055555555555554
AT3G24420	32.827777777777776
AT3G24430	96.01851851851852
AT3G24440	15.309090909090909
AT3G24450	6.820754716981132
AT3G24460	10.064150943396227
AT3G24463	6.299999999999999
AT3G24465	0.5
AT3G24480	108.88888888888889
AT3G24490	21.581818181818182
AT3G24495	5.745454545454545
AT3G24500	17.932727272727274
AT3G24503	116.31481481481481
AT3G24506	32.67272727272727
AT3G24508	0.65
AT3G24510	3.122222222222222
AT3G24513	0.6666666666666666
AT3G24514	0.9
AT3G24515	6.425454545454545
AT3G24516	1.0333333333333334
AT3G24517	0.2
AT3G24518	0.35510204081632657
AT3G24520	0.18461538461538465
AT3G24530	26.672727272727272
AT3G24535	2.7773584905660376
AT3G24540	0.4878787878787879
AT3G24542	0.21428571428571427
AT3G24550	68.37037037037037
AT3G24560	5.785185185185185
AT3G24570	26.69090909090909
AT3G24575	0.5666666666666668
AT3G24580	0.42500000000000004
AT3G24590	43.094545454545454
AT3G24600	0.3
AT3G24605	0.29583333333333334
AT3G24610	0.55
AT3G24612	2.0
AT3G24620	18.814285714285713
AT3G24630	4.361111111111111
AT3G24640	1.8500000000000003
AT3G24650	0.45217391304347826
AT3G24660	11.222222222222221
AT3G24670	21.763636363636362
AT3G24690	0.9
AT3G24700	0.2
AT3G24710	1.0
AT3G24715	7.732727272727273
AT3G24730	7.623636363636364
AT3G24740	18.09090909090909
AT3G24750	2.394594594594595
AT3G24760	14.098181818181818
AT3G24770	29.27777777777778
AT3G24780	0.7092592592592593
AT3G24790	0.37857142857142856
AT3G24800	21.29090909090909
AT3G24810	5.809259259259259
AT3G24820	11.692727272727273
AT3G24830	502.7090909090909
AT3G24840	8.921818181818182
AT3G24850	0.20000000000000004
AT3G24860	8.181818181818182
AT3G24870	2.6563636363636367
AT3G24880	2.42
AT3G24890	3.4925925925925925
AT3G24900	1.0425
AT3G24929	0.9943396226415094
AT3G24982	0.15806451612903227
AT3G25010	6.292592592592593
AT3G25011	1.3354166666666665
AT3G25013	2.7481481481481476
AT3G25014	1.075
AT3G25020	5.038181818181819
AT3G25030	4.745454545454545
AT3G25040	64.63636363636364
AT3G25050	6.82
AT3G25060	0.6490909090909092
AT3G25070	29.462962962962962
AT3G25080	0.24
AT3G25090	0.4
AT3G25100	4.401818181818182
AT3G25110	21.465454545454545
AT3G25120	23.063636363636363
AT3G25130	8.573584905660377
AT3G25140	68.74545454545455
AT3G25150	55.527272727272724
AT3G25160	0.9333333333333335
AT3G25165	386.4111111111111
AT3G25170	506.825
AT3G25180	10.082758620689656
AT3G25190	40.16981132075472
AT3G25200	0.8
AT3G25210	9.82
AT3G25220	109.85454545454546
AT3G25221	2.076923076923077
AT3G25230	86.21818181818182
AT3G25240	3.112
AT3G25250	6.494444444444445
AT3G25260	0.42857142857142866
AT3G25265	29.7
AT3G25270	0.28
AT3G25280	0.25
AT3G25290	20.987272727272728
AT3G25400	10.861818181818181
AT3G25410	26.35185185185185
AT3G25420	0.875
AT3G25430	6.703703703703703
AT3G25440	6.2407407407407405
AT3G25460	0.1
AT3G25470	80.78181818181818
AT3G25480	52.00909090909091
AT3G25490	0.2
AT3G25493	0.1
AT3G25500	28.91090909090909
AT3G25505	0.34117647058823536
AT3G25510	1.1529411764705884
AT3G25520	566.1818181818181
AT3G25530	116.33090909090909
AT3G25540	25.05818181818182
AT3G25545	19.474545454545453
AT3G25550	0.3846153846153845
AT3G25560	14.481481481481481
AT3G25570	13.95
AT3G25573	0.7333333333333333
AT3G25577	0.3857142857142857
AT3G25580	16.272727272727273
AT3G25585	38.872727272727275
AT3G25590	5.007407407407407
AT3G25597	5.883636363636364
AT3G25600	14.909090909090908
AT3G25610	10.316666666666666
AT3G25620	2.8814814814814813
AT3G25640	6.949999999999999
AT3G25650	0.26666666666666666
AT3G25655	2.351612903225807
AT3G25660	92.41818181818182
AT3G25670	3.637735849056604
AT3G25680	17.60181818181818
AT3G25690	111.38888888888889
AT3G25700	7.901818181818182
AT3G25710	16.85185185185185
AT3G25716	0.39999999999999997
AT3G25717	68.25925925925925
AT3G25719	0.5928571428571429
AT3G25720	0.2333333333333333
AT3G25727	0.35
AT3G25730	9.357692307692307
AT3G25740	11.62962962962963
AT3G25750	0.7
AT3G25760	93.85555555555555
AT3G25770	217.01666666666665
AT3G25780	31.35
AT3G25790	8.641176470588235
AT3G25795	0.7894736842105262
AT3G25800	47.14545454545455
AT3G25805	27.94909090909091
AT3G25810	30.122222222222224
AT3G25820	0.45
AT3G25840	32.70909090909091
AT3G25850	0.2
AT3G25855	2.3153846153846156
AT3G25860	76.67454545454547
AT3G25870	7.425925925925926
AT3G25880	2.332075471698113
AT3G25882	11.410909090909092
AT3G25890	19.574074074074073
AT3G25900	19.0
AT3G25905	2.455769230769231
AT3G25910	65.21818181818182
AT3G25920	557.4581818181819
AT3G25930	36.26756756756757
AT3G25940	17.37037037037037
AT3G25950	1.5925
AT3G25960	0.3
AT3G25970	1.590566037735849
AT3G25980	23.167272727272724
AT3G25990	1.4388888888888889
AT3G26000	25.272727272727273
AT3G26010	0.2916666666666667
AT3G26020	17.363636363636363
AT3G26030	47.2037037037037
AT3G26040	1.5870370370370372
AT3G26050	3.6981481481481477
AT3G26060	357.462962962963
AT3G26070	137.96296296296296
AT3G26080	22.58888888888889
AT3G26085	33.947272727272725
AT3G26090	15.814814814814815
AT3G26100	38.53818181818182
AT3G26110	262.20799999999997
AT3G26115	5.569090909090909
AT3G26120	0.4387096774193549
AT3G26130	0.5702702702702703
AT3G26135	3.92962962962963
AT3G26140	31.928571428571427
AT3G26147	0.6142857142857142
AT3G26150	0.31428571428571433
AT3G26160	0.29600000000000004
AT3G26170	8.494444444444444
AT3G26180	34.986792452830194
AT3G26190	0.39999999999999997
AT3G26200	9.776190476190477
AT3G26210	16.39622641509434
AT3G26220	9.015094339622642
AT3G26230	9.675471698113206
AT3G26235	0.7634146341463415
AT3G26237	0.3157894736842105
AT3G26240	7.425925925925926
AT3G26250	0.30000000000000004
AT3G26270	0.2
AT3G26280	22.803703703703704
AT3G26290	41.092592592592595
AT3G26300	28.944444444444443
AT3G26310	11.042307692307693
AT3G26320	2.85
AT3G26330	8.565384615384616
AT3G26340	26.763636363636362
AT3G26350	1.3807692307692307
AT3G26360	28.543636363636367
AT3G26370	30.356363636363636
AT3G26380	18.80727272727273
AT3G26390	0.3
AT3G26395	45.485454545454544
AT3G26400	27.163636363636364
AT3G26410	11.148148148148149
AT3G26420	0.13076923076923078
AT3G26430	0.5529411764705883
AT3G26440	7.003703703703703
AT3G26460	23.601960784313725
AT3G26470	14.59622641509434
AT3G26480	1.108
AT3G26490	4.968518518518518
AT3G26500	6.864814814814815
AT3G26510	13.205454545454545
AT3G26520	1419.4381818181819
AT3G26539	7.332075471698114
AT3G26540	4.301851851851852
AT3G26550	1.4255319148936174
AT3G26560	27.90909090909091
AT3G26570	145.09272727272727
AT3G26580	126.7109090909091
AT3G26590	19.88909090909091
AT3G26600	14.092592592592593
AT3G26610	5.9628571428571435
AT3G26612	8.36
AT3G26616	0.5393939393939393
AT3G26618	25.6
AT3G26620	0.1875
AT3G26630	20.28181818181818
AT3G26640	13.041818181818181
AT3G26650	1557.3127272727272
AT3G26660	0.325
AT3G26670	28.8
AT3G26680	7.410909090909091
AT3G26690	23.418181818181818
AT3G26700	8.983636363636364
AT3G26710	118.12962962962963
AT3G26720	31.40740740740741
AT3G26730	41.163636363636364
AT3G26740	801.6927272727272
AT3G26742	0.4378378378378378
AT3G26744	33.32727272727273
AT3G26750	3.6351851851851853
AT3G26760	8.130188679245284
AT3G26770	7.329411764705883
AT3G26780	58.949090909090906
AT3G26782	4.685185185185185
AT3G26790	0.6973684210526315
AT3G26800	0.175
AT3G26810	34.36363636363637
AT3G26812	0.8222222222222223
AT3G26813	0.575
AT3G26815	4.834210526315789
AT3G26816	1.1692307692307693
AT3G26818	3.6641025641025635
AT3G26819	0.6083333333333333
AT3G26820	0.5241379310344828
AT3G26830	12.750943396226416
AT3G26840	13.170370370370371
AT3G26850	10.910909090909092
AT3G26855	0.195
AT3G26860	287.05555555555554
AT3G26870	0.5
AT3G26880	11.120000000000001
AT3G26890	27.545454545454547
AT3G26900	81.38363636363637
AT3G26910	11.74909090909091
AT3G26920	9.314814814814815
AT3G26922	3.330188679245283
AT3G26930	0.16451612903225807
AT3G26932	15.77090909090909
AT3G26934	121.26666666666667
AT3G26935	39.845454545454544
AT3G26940	1.0454545454545454
AT3G26950	23.618181818181817
AT3G26960	8.125
AT3G26980	23.98148148148148
AT3G26990	11.963636363636363
AT3G27000	9.963636363636363
AT3G27010	9.481481481481481
AT3G27020	43.41818181818182
AT3G27025	1.107843137254902
AT3G27027	6.116666666666667
AT3G27030	39.552727272727275
AT3G27040	0.23333333333333336
AT3G27050	41.127272727272725
AT3G27060	79.89090909090909
AT3G27070	1.1045454545454545
AT3G27080	46.92727272727273
AT3G27090	153.65454545454546
AT3G27100	21.2
AT3G27110	30.463636363636365
AT3G27120	3.0
AT3G27140	0.15000000000000002
AT3G27150	4.544897959183674
AT3G27160	267.45818181818186
AT3G27170	14.931481481481482
AT3G27180	19.561818181818182
AT3G27185	0.27999999999999997
AT3G27190	19.40181818181818
AT3G27200	16.64814814814815
AT3G27210	25.510909090909088
AT3G27220	9.4
AT3G27230	38.69272727272727
AT3G27240	103.6
AT3G27250	7.674074074074075
AT3G27260	39.10909090909091
AT3G27270	3.3345454545454545
AT3G27280	36.54727272727273
AT3G27290	2.2055555555555553
AT3G27300	39.972727272727276
AT3G27310	32.78181818181818
AT3G27320	17.765454545454546
AT3G27325	13.289090909090909
AT3G27330	4.434545454545455
AT3G27331	0.1
AT3G27340	29.87272727272727
AT3G27350	17.545454545454547
AT3G27355	0.1
AT3G27360	30.574074074074073
AT3G27380	46.61818181818182
AT3G27390	33.32909090909091
AT3G27400	14.285185185185185
AT3G27410	1.6600000000000001
AT3G27415	7.545454545454546
AT3G27420	15.545454545454545
AT3G27425	3.533333333333333
AT3G27430	111.56363636363636
AT3G27440	0.7846153846153846
AT3G27460	8.947272727272727
AT3G27470	12.709090909090909
AT3G27473	0.5631578947368421
AT3G27475	0.1
AT3G27480	0.1
AT3G27490	0.41000000000000003
AT3G27495	0.36
AT3G27500	0.9807692307692307
AT3G27503	7.172727272727273
AT3G27510	1.44
AT3G27520	8.623636363636363
AT3G27530	31.836363636363636
AT3G27540	6.3109090909090915
AT3G27550	6.85090909090909
AT3G27560	14.481481481481481
AT3G27570	43.407407407407405
AT3G27580	7.351851851851852
AT3G27590	0.2833333333333334
AT3G27600	0.18181818181818182
AT3G27610	11.058181818181819
AT3G27620	0.776470588235294
AT3G27630	1.5549019607843133
AT3G27640	3.744444444444444
AT3G27650	6.147169811320754
AT3G27660	2.6562499999999996
AT3G27670	9.17090909090909
AT3G27680	0.39999999999999997
AT3G27690	476.08909090909094
AT3G27700	13.0
AT3G27710	0.20000000000000004
AT3G27720	0.21000000000000002
AT3G27730	0.66
AT3G27740	71.58909090909091
AT3G27750	11.574074074074074
AT3G27770	82.52727272727273
AT3G27785	0.2333333333333333
AT3G27809	0.3
AT3G27810	23.05
AT3G27820	111.16363636363636
AT3G27830	357.85185185185185
AT3G27831	0.20000000000000004
AT3G27835	2.0
AT3G27840	0.5
AT3G27850	416.51851851851853
AT3G27860	1.280392156862745
AT3G27865	35.428000000000004
AT3G27870	5.451851851851853
AT3G27880	10.745454545454546
AT3G27884	4.323529411764706
AT3G27890	87.07454545454546
AT3G27900	0.9562499999999999
AT3G27906	10.314814814814815
AT3G27910	0.31428571428571433
AT3G27920	3.6097560975609757
AT3G27925	93.40727272727273
AT3G27930	12.727272727272727
AT3G27940	2.0132075471698117
AT3G27950	1.59
AT3G27960	17.11111111111111
AT3G27970	0.7510638297872342
AT3G27990	3.798148148148148
AT3G28007	12.857999999999999
AT3G28020	0.7
AT3G28030	6.541818181818182
AT3G28040	43.18518518518518
AT3G28050	63.75636363636364
AT3G28060	0.41999999999999993
AT3G28070	20.70204081632653
AT3G28080	9.47037037037037
AT3G28100	7.988888888888888
AT3G28130	17.51851851851852
AT3G28140	10.475925925925926
AT3G28150	5.432727272727273
AT3G28155	1.1488372093023256
AT3G28170	0.7707317073170731
AT3G28180	52.94444444444444
AT3G28190	0.425
AT3G28193	0.55
AT3G28200	43.851851851851855
AT3G28210	9.814545454545454
AT3G28216	0.5750000000000001
AT3G28220	74.582
AT3G28223	0.23333333333333336
AT3G28230	1.7923076923076922
AT3G28243	0.6
AT3G28250	0.5
AT3G28270	35.29791666666667
AT3G28280	0.8
AT3G28290	0.27999999999999997
AT3G28310	1.4428571428571426
AT3G28320	0.9888888888888889
AT3G28330	0.22307692307692312
AT3G28335	0.6
AT3G28340	9.474545454545455
AT3G28345	22.18727272727273
AT3G28360	0.2
AT3G28370	5.140000000000001
AT3G28380	0.19444444444444448
AT3G28390	0.2
AT3G28410	0.6
AT3G28415	0.26666666666666666
AT3G28420	3.1527272727272724
AT3G28430	12.161818181818182
AT3G28450	18.22222222222222
AT3G28455	4.481481481481482
AT3G28460	23.574074074074073
AT3G28470	0.23200000000000004
AT3G28480	25.8
AT3G28490	14.72857142857143
AT3G28500	34.107692307692304
AT3G28510	6.152272727272727
AT3G28520	0.3
AT3G28530	1.0
AT3G28540	18.576363636363638
AT3G28550	138.95238095238096
AT3G28560	0.49761904761904757
AT3G28570	0.6404761904761904
AT3G28580	3.696
AT3G28590	0.5
AT3G28600	0.796969696969697
AT3G28610	0.25333333333333335
AT3G28620	1.3807692307692307
AT3G28630	1.3559999999999999
AT3G28635	1.9673469387755103
AT3G28640	2.5309090909090908
AT3G28650	1.32037037037037
AT3G28660	2.2679245283018865
AT3G28670	15.49090909090909
AT3G28674	0.5
AT3G28680	0.6
AT3G28690	30.38888888888889
AT3G28695	3.0
AT3G28700	10.456363636363637
AT3G28710	130.56363636363636
AT3G28715	78.47272727272727
AT3G28720	24.46
AT3G28730	49.345454545454544
AT3G28740	47.41346153846154
AT3G28750	485.0648148148147
AT3G28760	15.666666666666666
AT3G28770	4.534782608695651
AT3G28780	217.28999999999996
AT3G28785	0.25
AT3G28790	412.03846153846155
AT3G28810	157.92727272727274
AT3G28820	82.60000000000001
AT3G28830	567.975
AT3G28840	25.102040816326532
AT3G28850	5.781818181818182
AT3G28857	2.208
AT3G28860	66.42592592592592
AT3G28870	0.3
AT3G28875	1.2760869565217392
AT3G28880	1.7679245283018865
AT3G28890	2.1666666666666665
AT3G28900	109.17636363636363
AT3G28910	21.14814814814815
AT3G28917	30.408823529411766
AT3G28918	0.5
AT3G28920	47.925925925925924
AT3G28925	0.29333333333333333
AT3G28930	36.165454545454544
AT3G28940	223.0381818181818
AT3G28950	38.334545454545456
AT3G28956	4.010909090909091
AT3G28958	0.3923076923076923
AT3G28960	1.1259259259259258
AT3G28970	23.454545454545453
AT3G28980	421.46153846153845
AT3G28990	0.3333333333333333
AT3G29000	11.057407407407409
AT3G29010	3.5472727272727274
AT3G29020	1.0722222222222222
AT3G29030	49.400000000000006
AT3G29033	0.4
AT3G29034	23.58518518518519
AT3G29035	15.429629629629629
AT3G29040	7.8571428571428585
AT3G29050	2.4
AT3G29060	6.857894736842103
AT3G29070	6.314285714285715
AT3G29075	43.72727272727273
AT3G29080	0.2833333333333333
AT3G29090	22.62363636363636
AT3G29100	4.579999999999999
AT3G29110	0.30625
AT3G29130	3.4727272727272727
AT3G29140	6.132075471698113
AT3G29152	0.72
AT3G29160	30.927272727272726
AT3G29170	17.343636363636364
AT3G29173	2.511764705882353
AT3G29180	49.163636363636364
AT3G29185	48.25925925925926
AT3G29190	0.22666666666666666
AT3G29200	36.29818181818182
AT3G29230	12.652727272727272
AT3G29240	157.66666666666666
AT3G29250	46.31538461538461
AT3G29255	1.8
AT3G29260	0.2
AT3G29270	14.145454545454545
AT3G29280	13.22
AT3G29290	18.357407407407408
AT3G29300	0.7619047619047619
AT3G29305	0.4166666666666667
AT3G29310	18.003636363636364
AT3G29320	123.38363636363637
AT3G29330	5.692727272727273
AT3G29340	0.2111111111111111
AT3G29350	54.407407407407405
AT3G29360	120.2909090909091
AT3G29370	9.764150943396226
AT3G29375	15.290909090909091
AT3G29380	0.16363636363636366
AT3G29385	0.15000000000000002
AT3G29390	29.2
AT3G29400	12.685185185185185
AT3G29410	5.8022222222222215
AT3G29430	2.4954545454545456
AT3G29450	0.2
AT3G29455	0.3
AT3G29560	0.3
AT3G29570	0.25
AT3G29575	27.432727272727274
AT3G29580	0.225
AT3G29590	5.4799999999999995
AT3G29630	4.1085714285714285
AT3G29631	0.35000000000000003
AT3G29633	0.38974358974358975
AT3G29635	0.664
AT3G29636	0.2833333333333334
AT3G29637	0.24285714285714288
AT3G29638	0.17857142857142858
AT3G29639	0.7659574468085106
AT3G29644	5.807407407407408
AT3G29645	0.25
AT3G29670	5.127777777777777
AT3G29680	2.666037735849056
AT3G29690	0.3
AT3G29720	0.20000000000000004
AT3G29750	0.9
AT3G29760	14.876363636363637
AT3G29763	0.15000000000000002
AT3G29765	0.1
AT3G29770	6.775925925925925
AT3G29780	12.413333333333332
AT3G29785	0.3
AT3G29790	0.35
AT3G29791	0.23571428571428574
AT3G29794	0.3
AT3G29796	0.9
AT3G29797	1.8399999999999999
AT3G29800	0.25
AT3G29810	6.245454545454545
AT3G29830	0.3
AT3G29970	1.8333333333333333
AT3G30160	0.35
AT3G30165	0.55
AT3G30180	21.436363636363637
AT3G30200	0.2
AT3G30210	0.5944444444444444
AT3G30220	0.5
AT3G30222	0.5
AT3G30230	0.8
AT3G30235	0.4
AT3G30247	1.48
AT3G30260	1.2769230769230768
AT3G30280	0.3333333333333333
AT3G30290	0.5
AT3G30300	31.962962962962962
AT3G30305	0.5452380952380952
AT3G30320	0.8
AT3G30340	2.108510638297872
AT3G30345	1.625
AT3G30350	2.739024390243902
AT3G30370	0.8
AT3G30380	14.872727272727273
AT3G30383	0.3833333333333333
AT3G30390	188.70909090909092
AT3G30430	0.2
AT3G30460	2.2979591836734694
AT3G30520	0.4
AT3G30525	0.5
AT3G30530	0.9941176470588234
AT3G30540	0.6
AT3G30580	0.7433333333333334
AT3G30720	8.290909090909091
AT3G30725	0.8527777777777777
AT3G30730	0.610344827586207
AT3G30739	0.225
AT3G30770	0.15714285714285717
AT3G30775	140.16363636363636
AT3G30805	1.0
AT3G30820	0.9
AT3G30823	0.3
AT3G30840	0.6
AT3G30841	8.316363636363636
AT3G30842	0.2333333333333333
AT3G30845	1.0
AT3G31350	0.6
AT3G31402	0.2
AT3G31430	0.39999999999999997
AT3G31550	0.9
AT3G31900	0.6
AT3G31910	0.4
AT3G31925	0.1
AT3G31950	1.0
AT3G32030	4.4125
AT3G32040	2.75
AT3G32047	0.9642857142857143
AT3G32050	0.15000000000000002
AT3G32090	0.425
AT3G32130	0.6
AT3G32150	0.9
AT3G32160	1.0
AT3G32180	0.25
AT3G32190	0.6
AT3G32200	0.6
AT3G32260	0.2
AT3G32280	0.3
AT3G32330	0.4
AT3G32400	0.15294117647058825
AT3G32410	0.5
AT3G32420	0.6
AT3G32896	0.7
AT3G32904	0.3
AT3G32920	0.8483870967741937
AT3G32930	95.62962962962963
AT3G32940	16.834545454545456
AT3G32960	1.0
AT3G32980	266.3076923076923
AT3G33293	1.0
AT3G33393	0.6
AT3G33494	0.6
AT3G33520	24.838181818181816
AT3G33528	0.38636363636363635
AT3G33530	27.672727272727272
AT3G36659	34.11304347826087
AT3G41762	6.1863636363636365
AT3G41768	2230.4
AT3G42050	195.0
AT3G42060	0.5
AT3G42075	1.2599999999999998
AT3G42140	0.55
AT3G42148	1.14
AT3G42150	12.647272727272728
AT3G42153	0.6
AT3G42155	0.25
AT3G42160	1.0
AT3G42170	42.4
AT3G42180	1.8704545454545454
AT3G42310	0.5499999999999999
AT3G42390	0.4
AT3G42473	2.7399999999999998
AT3G42550	0.22500000000000003
AT3G42560	0.4
AT3G42565	0.5
AT3G42570	0.4321428571428571
AT3G42628	0.75
AT3G42630	13.444444444444445
AT3G42640	136.0890909090909
AT3G42660	12.403636363636364
AT3G42670	5.921818181818183
AT3G42723	0.4
AT3G42725	3.345283018867925
AT3G42770	0.3
AT3G42780	0.4
AT3G42786	0.4
AT3G42790	89.2
AT3G42800	2.819607843137255
AT3G42830	0.55
AT3G42850	0.9411764705882353
AT3G42860	4.181818181818182
AT3G42870	0.4
AT3G42880	27.914285714285715
AT3G42940	0.2
AT3G42950	13.965454545454547
AT3G42960	0.7818181818181817
AT3G42990	0.2
AT3G42995	0.7
AT3G43083	17.3
AT3G43110	5.436538461538461
AT3G43120	138.71249999999998
AT3G43148	1.0
AT3G43150	1.0
AT3G43153	1.0333333333333334
AT3G43160	1.1333333333333333
AT3G43170	0.3
AT3G43180	0.1
AT3G43190	8.711538461538462
AT3G43210	6.343636363636363
AT3G43220	24.527272727272727
AT3G43230	35.527272727272724
AT3G43240	20.03272727272727
AT3G43250	2.772727272727273
AT3G43260	0.4
AT3G43270	19.5
AT3G43290	0.4666666666666666
AT3G43291	2.475
AT3G43300	39.872727272727275
AT3G43340	0.425
AT3G43400	0.5111111111111111
AT3G43410	1.0
AT3G43415	0.4
AT3G43420	1.0
AT3G43430	11.351851851851851
AT3G43432	0.4
AT3G43440	15.527272727272727
AT3G43470	0.3333333333333333
AT3G43480	0.1
AT3G43490	0.8
AT3G43500	0.7
AT3G43503	0.6
AT3G43505	4.5
AT3G43520	85.25636363636364
AT3G43540	43.629629629629626
AT3G43550	0.10000000000000002
AT3G43570	0.13333333333333333
AT3G43580	1.8830188679245283
AT3G43583	0.5
AT3G43590	15.305454545454545
AT3G43600	14.43818181818182
AT3G43610	16.23090909090909
AT3G43630	0.20000000000000004
AT3G43645	2.0
AT3G43660	0.25
AT3G43670	27.425925925925927
AT3G43682	0.9
AT3G43700	8.218181818181819
AT3G43710	0.13333333333333333
AT3G43720	125.57407407407408
AT3G43740	35.629629629629626
AT3G43750	0.3
AT3G43790	2.9277777777777776
AT3G43800	59.166666666666664
AT3G43810	63.29090909090909
AT3G43833	0.975
AT3G43837	1.0
AT3G43840	1.4645833333333336
AT3G43850	1.6666666666666667
AT3G43860	292.4076923076923
AT3G43870	0.1
AT3G43890	0.6533333333333334
AT3G43910	1.0
AT3G43920	3.8499999999999996
AT3G43930	0.4729166666666666
AT3G43940	1.0
AT3G43950	0.2
AT3G43960	19.005555555555556
AT3G43970	0.38947368421052636
AT3G43980	72.31090909090909
AT3G43990	0.35
AT3G44006	0.4818181818181818
AT3G44010	305.7818181818182
AT3G44020	28.181818181818183
AT3G44050	7.401818181818182
AT3G44060	0.24285714285714285
AT3G44070	15.228571428571428
AT3G44080	0.5
AT3G44090	0.7
AT3G44100	80.14727272727274
AT3G44110	252.14545454545456
AT3G44115	0.675
AT3G44120	0.4
AT3G44130	0.4
AT3G44140	0.44999999999999996
AT3G44150	27.74909090909091
AT3G44160	16.787272727272725
AT3G44170	0.2
AT3G44180	0.39999999999999997
AT3G44190	52.67272727272727
AT3G44200	15.910909090909092
AT3G44210	0.24000000000000005
AT3G44220	4.9111111111111105
AT3G44230	1.9000000000000001
AT3G44235	1.44
AT3G44240	0.31666666666666665
AT3G44250	2.2874999999999996
AT3G44260	60.75925925925926
AT3G44265	0.19999999999999998
AT3G44280	21.818181818181817
AT3G44290	0.8194444444444444
AT3G44300	53.13454545454545
AT3G44310	450.5672727272727
AT3G44320	25.27777777777778
AT3G44326	8.41818181818182
AT3G44330	54.81818181818182
AT3G44340	37.49090909090909
AT3G44350	1.3258064516129033
AT3G44370	9.747272727272728
AT3G44380	13.574074074074074
AT3G44400	3.827272727272727
AT3G44405	0.395
AT3G44430	21.69090909090909
AT3G44440	0.8974358974358975
AT3G44444	0.692857142857143
AT3G44450	16.32962962962963
AT3G44460	0.34375000000000006
AT3G44480	16.69272727272727
AT3G44485	0.35
AT3G44490	0.515
AT3G44510	2.372093023255814
AT3G44530	6.8163636363636355
AT3G44540	10.24186046511628
AT3G44550	14.28076923076923
AT3G44555	2.0714285714285716
AT3G44560	1.63125
AT3G44570	0.47297297297297297
AT3G44580	0.3871794871794872
AT3G44590	59.732727272727274
AT3G44600	24.076363636363638
AT3G44610	10.02
AT3G44620	46.018181818181816
AT3G44630	13.88909090909091
AT3G44660	0.4
AT3G44665	0.44999999999999996
AT3G44670	19.435185185185187
AT3G44680	15.276363636363637
AT3G44690	2.9290909090909096
AT3G44695	0.5758620689655172
AT3G44700	0.631578947368421
AT3G44703	3.7153846153846155
AT3G44704	0.25
AT3G44710	0.6851851851851852
AT3G44713	2.059259259259259
AT3G44716	3.0245283018867926
AT3G44718	0.4
AT3G44720	40.0
AT3G44730	5.37090909090909
AT3G44735	34.48148148148148
AT3G44740	6.265454545454545
AT3G44750	65.64363636363636
AT3G44753	0.34146341463414637
AT3G44760	0.3
AT3G44763	0.5333333333333333
AT3G44765	0.8847826086956523
AT3G44766	0.8500000000000001
AT3G44769	1.7372093023255815
AT3G44770	1.1941176470588233
AT3G44780	0.33999999999999997
AT3G44785	0.25
AT3G44790	0.5022222222222222
AT3G44798	14.163636363636364
AT3G44800	0.93
AT3G44805	0.5806451612903226
AT3G44810	0.39999999999999997
AT3G44820	7.203703703703703
AT3G44830	0.215625
AT3G44840	0.6749999999999999
AT3G44850	10.854545454545455
AT3G44860	56.231914893617024
AT3G44870	0.9235294117647059
AT3G44880	55.22
AT3G44890	271.5740740740741
AT3G44900	0.6862745098039216
AT3G44910	0.25
AT3G44920	6.016666666666667
AT3G44930	5.45
AT3G44935	40542.9
AT3G44940	8.924528301886792
AT3G44950	1.047826086956522
AT3G44960	4.427777777777778
AT3G44970	10.604347826086956
AT3G44980	0.4666666666666666
AT3G44990	83.19622641509433
AT3G45000	0.3370370370370371
AT3G45010	48.81818181818182
AT3G45020	4.532727272727273
AT3G45030	225.05818181818182
AT3G45040	16.854545454545455
AT3G45050	40.46851851851852
AT3G45060	3.3981481481481484
AT3G45070	10.16904761904762
AT3G45080	1.2405405405405407
AT3G45090	16.254545454545454
AT3G45093	0.5299999999999999
AT3G45100	13.436363636363636
AT3G45110	0.48333333333333334
AT3G45130	1.1574468085106382
AT3G45140	571.5803921568628
AT3G45150	0.4090909090909091
AT3G45160	74.00181818181818
AT3G45170	0.22307692307692312
AT3G45180	0.3692307692307693
AT3G45190	36.67272727272727
AT3G45200	0.4
AT3G45210	14.594545454545456
AT3G45220	0.39999999999999997
AT3G45230	27.636363636363637
AT3G45240	23.454545454545453
AT3G45243	0.3
AT3G45245	0.30000000000000004
AT3G45248	0.7
AT3G45252	0.25
AT3G45260	20.24074074074074
AT3G45275	0.4666666666666666
AT3G45280	4.21
AT3G45285	0.35
AT3G45290	6.681481481481482
AT3G45300	47.07272727272727
AT3G45310	43.77777777777778
AT3G45320	0.9
AT3G45330	0.8829268292682928
AT3G45390	1.1462962962962964
AT3G45400	6.503636363636363
AT3G45410	4.153703703703704
AT3G45420	1.7222222222222223
AT3G45430	2.0296296296296297
AT3G45440	0.6962962962962963
AT3G45443	11.642592592592594
AT3G45450	0.2416666666666667
AT3G45460	0.44999999999999996
AT3G45470	0.1
AT3G45480	0.2
AT3G45490	0.2692307692307692
AT3G45500	0.24166666666666667
AT3G45510	0.55
AT3G45530	1.1542857142857141
AT3G45540	0.225
AT3G45555	0.5
AT3G45560	0.35
AT3G45570	0.3
AT3G45577	0.2
AT3G45580	0.3
AT3G45590	4.327272727272727
AT3G45600	62.03703703703704
AT3G45610	5.996296296296297
AT3G45620	26.605454545454545
AT3G45630	20.072727272727274
AT3G45638	1.2411764705882353
AT3G45640	85.36
AT3G45650	10.816666666666666
AT3G45660	0.7021276595744682
AT3G45670	0.18333333333333335
AT3G45673	0.6000000000000001
AT3G45680	3.8924528301886796
AT3G45690	0.2285714285714286
AT3G45700	6.119444444444444
AT3G45710	18.335849056603774
AT3G45720	0.23750000000000002
AT3G45730	15.405555555555555
AT3G45740	12.58
AT3G45750	5.821818181818181
AT3G45760	0.25999999999999995
AT3G45770	39.945454545454545
AT3G45780	115.44444444444444
AT3G45790	0.15000000000000002
AT3G45800	0.2333333333333333
AT3G45810	4.316666666666667
AT3G45820	0.44999999999999996
AT3G45830	11.418181818181818
AT3G45840	1.7970588235294116
AT3G45850	25.14814814814815
AT3G45860	19.07674418604651
AT3G45870	1.5818181818181818
AT3G45880	1.6672727272727272
AT3G45890	6.64
AT3G45900	13.745454545454546
AT3G45910	0.3
AT3G45920	0.1
AT3G45930	56.91272727272727
AT3G45940	1.3838709677419354
AT3G45950	0.27999999999999997
AT3G45955	4.85
AT3G45960	6.127450980392157
AT3G45970	50.574074074074076
AT3G45980	138.82181818181817
AT3G45990	0.3
AT3G46000	89.74074074074075
AT3G46010	170.5185185185185
AT3G46020	12.75925925925926
AT3G46030	204.85999999999999
AT3G46040	159.72
AT3G46050	0.15000000000000002
AT3G46060	114.81818181818181
AT3G46070	0.29999999999999993
AT3G46080	5.054166666666667
AT3G46090	7.1692307692307695
AT3G46100	36.983636363636364
AT3G46110	5.031481481481482
AT3G46120	0.4
AT3G46130	18.520370370370372
AT3G46140	0.2
AT3G46150	1.7528301886792454
AT3G46160	0.35000000000000003
AT3G46170	0.845945945945946
AT3G46180	9.381818181818181
AT3G46190	0.609090909090909
AT3G46200	5.509090909090909
AT3G46210	16.61111111111111
AT3G46220	13.84909090909091
AT3G46230	1.673529411764706
AT3G46240	0.26249999999999996
AT3G46260	0.2222222222222222
AT3G46270	2.19375
AT3G46280	29.807843137254903
AT3G46290	18.925925925925927
AT3G46300	0.16666666666666666
AT3G46310	0.37777777777777777
AT3G46320	55.59090909090909
AT3G46330	2.5785714285714283
AT3G46340	0.375
AT3G46350	0.3
AT3G46355	1.0
AT3G46360	0.65
AT3G46370	4.8803921568627455
AT3G46380	0.375
AT3G46390	0.4
AT3G46400	0.9375
AT3G46410	0.2
AT3G46420	0.2
AT3G46430	155.45454545454547
AT3G46440	47.03636363636364
AT3G46450	23.014545454545452
AT3G46460	29.036363636363635
AT3G46470	0.2818181818181818
AT3G46480	0.4172413793103449
AT3G46490	11.240384615384615
AT3G46500	1.5756756756756758
AT3G46510	44.654545454545456
AT3G46520	40.193749999999994
AT3G46530	20.41111111111111
AT3G46540	35.407407407407405
AT3G46550	26.833333333333332
AT3G46560	86.87454545454545
AT3G46570	0.26666666666666666
AT3G46580	12.223636363636363
AT3G46590	42.81818181818182
AT3G46600	44.31481481481482
AT3G46610	16.438181818181818
AT3G46613	0.375
AT3G46614	0.3323529411764707
AT3G46616	0.303448275862069
AT3G46617	0.616
AT3G46620	39.054545454545455
AT3G46630	39.13454545454545
AT3G46640	21.227272727272727
AT3G46650	0.9727272727272728
AT3G46658	0.21555555555555558
AT3G46660	0.43333333333333335
AT3G46666	0.3666666666666667
AT3G46668	1.2407407407407407
AT3G46680	0.3783783783783784
AT3G46690	5.479166666666667
AT3G46700	19.44375
AT3G46710	0.6
AT3G46720	4.247826086956522
AT3G46730	0.5936170212765958
AT3G46740	90.53272727272727
AT3G46750	11.23125
AT3G46760	0.6580645161290322
AT3G46770	3.6264705882352937
AT3G46780	588.1851851851852
AT3G46790	11.874545454545455
AT3G46800	0.38500000000000006
AT3G46810	0.8777777777777778
AT3G46820	24.30909090909091
AT3G46830	47.09090909090909
AT3G46840	0.2857142857142857
AT3G46845	11.763636363636364
AT3G46850	0.8875
AT3G46860	0.26666666666666666
AT3G46870	10.89090909090909
AT3G46880	4.592307692307693
AT3G46890	2.2927272727272725
AT3G46900	23.57358490566038
AT3G46910	0.24090909090909093
AT3G46920	6.935185185185185
AT3G46930	7.181818181818182
AT3G46940	35.054545454545455
AT3G46950	4.76
AT3G46960	11.792727272727271
AT3G46970	153.02545454545455
AT3G46980	14.514545454545454
AT3G46990	1.8444444444444443
AT3G47000	24.363636363636363
AT3G47010	6.512727272727274
AT3G47020	0.43333333333333335
AT3G47030	0.5693877551020409
AT3G47040	2.2605263157894733
AT3G47050	0.9355555555555556
AT3G47060	11.527272727272727
AT3G47070	249.33818181818182
AT3G47080	21.527272727272727
AT3G47090	1.853191489361702
AT3G47100	1.4865384615384616
AT3G47110	0.9074074074074074
AT3G47120	14.4
AT3G47130	1.3814814814814813
AT3G47140	0.4
AT3G47150	0.26666666666666666
AT3G47160	26.705454545454543
AT3G47170	0.4000000000000001
AT3G47180	2.258490566037736
AT3G47190	0.15454545454545454
AT3G47200	3.7270270270270265
AT3G47210	4.387804878048781
AT3G47220	2.6365384615384615
AT3G47250	68.64716981132077
AT3G47290	21.403636363636366
AT3G47295	36.088235294117645
AT3G47300	11.24074074074074
AT3G47340	76.7109090909091
AT3G47342	10.720833333333333
AT3G47347	65.33962264150944
AT3G47348	125.19090909090909
AT3G47350	80.14545454545454
AT3G47360	10.52909090909091
AT3G47370	143.81454545454545
AT3G47380	13.953703703703704
AT3G47390	14.385454545454547
AT3G47400	3.4754716981132074
AT3G47410	10.0
AT3G47420	26.74074074074074
AT3G47430	38.45471698113207
AT3G47440	44.73333333333333
AT3G47450	35.129629629629626
AT3G47460	5.894444444444445
AT3G47470	4600.66
AT3G47480	12.605660377358491
AT3G47490	14.61111111111111
AT3G47500	41.11636363636364
AT3G47510	17.055555555555557
AT3G47520	92.53090909090909
AT3G47530	3.710909090909091
AT3G47540	10.944444444444445
AT3G47550	27.272727272727273
AT3G47560	29.296296296296298
AT3G47570	7.042592592592593
AT3G47580	0.7307692307692307
AT3G47590	20.423636363636362
AT3G47600	9.981132075471699
AT3G47610	22.727272727272727
AT3G47620	42.77777777777778
AT3G47630	7.787272727272727
AT3G47640	16.130909090909093
AT3G47650	275.94444444444446
AT3G47660	0.6260000000000001
AT3G47670	22.654545454545456
AT3G47675	20.37454545454545
AT3G47680	26.418181818181818
AT3G47690	10.309090909090909
AT3G47700	7.403636363636363
AT3G47710	3.5043478260869563
AT3G47720	1.5384615384615385
AT3G47730	27.836363636363636
AT3G47740	0.7379310344827585
AT3G47750	3.3711538461538457
AT3G47760	0.3333333333333333
AT3G47770	0.5238095238095238
AT3G47780	8.476363636363637
AT3G47790	4.745454545454545
AT3G47800	75.8
AT3G47810	75.32727272727273
AT3G47820	11.22
AT3G47830	2.6272727272727274
AT3G47833	55.763636363636365
AT3G47836	61.67272727272727
AT3G47840	1.338888888888889
AT3G47850	24.945454545454545
AT3G47860	75.03703703703704
AT3G47870	0.8357142857142856
AT3G47890	14.95090909090909
AT3G47910	21.345454545454544
AT3G47920	1.0
AT3G47930	23.538181818181815
AT3G47940	8.345454545454546
AT3G47950	2.7222222222222223
AT3G47960	48.021818181818176
AT3G47965	11.781818181818181
AT3G47980	8.985454545454546
AT3G47990	20.078181818181818
AT3G48000	171.51454545454544
AT3G48010	0.9333333333333335
AT3G48020	5.725
AT3G48030	16.454545454545453
AT3G48040	13.02
AT3G48050	20.0
AT3G48057	0.38
AT3G48060	8.10909090909091
AT3G48070	20.09090909090909
AT3G48080	4.6648148148148145
AT3G48090	21.72222222222222
AT3G48100	19.944444444444443
AT3G48110	38.72909090909091
AT3G48115	39.74545454545454
AT3G48120	12.074545454545454
AT3G48131	0.90625
AT3G48140	579.2181818181818
AT3G48150	7.4381818181818184
AT3G48160	3.9963636363636366
AT3G48170	65.38181818181818
AT3G48180	7.825454545454546
AT3G48185	6.488888888888888
AT3G48187	1.7666666666666668
AT3G48190	5.885454545454545
AT3G48195	9.418181818181818
AT3G48200	41.29074074074074
AT3G48201	0.8499999999999999
AT3G48205	2.28
AT3G48208	1.1714285714285713
AT3G48209	0.6
AT3G48210	12.654545454545454
AT3G48220	0.3
AT3G48230	1.15
AT3G48231	12.75
AT3G48240	2.7264150943396226
AT3G48250	4.967272727272727
AT3G48260	3.732075471698113
AT3G48270	0.3666666666666667
AT3G48275	4.0
AT3G48280	5.3277777777777775
AT3G48290	3.115686274509804
AT3G48300	0.4194444444444445
AT3G48310	21.077083333333334
AT3G48320	7.8962962962962955
AT3G48330	24.169090909090908
AT3G48340	36.554545454545455
AT3G48343	0.8578947368421053
AT3G48344	1.0740740740740742
AT3G48346	1.1500000000000001
AT3G48350	15.777777777777779
AT3G48360	94.3
AT3G48380	24.963636363636365
AT3G48390	3.2054545454545456
AT3G48410	4.138181818181818
AT3G48420	143.37777777777777
AT3G48425	8.363636363636363
AT3G48430	12.556363636363637
AT3G48440	9.527272727272727
AT3G48450	15.633962264150943
AT3G48460	36.629629629629626
AT3G48470	2.258181818181818
AT3G48480	1.9830188679245282
AT3G48490	8.945454545454545
AT3G48500	49.96296296296296
AT3G48510	1.5566037735849056
AT3G48520	21.252
AT3G48530	83.00545454545455
AT3G48540	5.589090909090909
AT3G48550	6.511111111111112
AT3G48560	287.8363636363636
AT3G48570	23.927272727272726
AT3G48580	3.3290909090909095
AT3G48590	33.018181818181816
AT3G48600	4.4363636363636365
AT3G48610	27.25925925925926
AT3G48620	0.33125
AT3G48630	2.9615384615384617
AT3G48640	2.9680851063829787
AT3G48660	7.624074074074074
AT3G48670	21.930909090909093
AT3G48675	1.0
AT3G48680	64.94545454545455
AT3G48690	140.62363636363636
AT3G48700	3.561224489795918
AT3G48710	22.119999999999997
AT3G48720	29.338
AT3G48730	160.1109090909091
AT3G48740	132.0381818181818
AT3G48745	0.3
AT3G48750	51.238181818181815
AT3G48760	47.407407407407405
AT3G48770	0.6387755102040815
AT3G48780	42.054545454545455
AT3G48790	1.1285714285714286
AT3G48800	12.658181818181818
AT3G48810	3.7818181818181817
AT3G48820	16.02
AT3G48830	3.6833333333333336
AT3G48835	0.5208333333333334
AT3G48840	0.45121951219512196
AT3G48850	3.006666666666667
AT3G48860	16.5
AT3G48870	76.69454545454545
AT3G48880	16.87272727272727
AT3G48890	86.23818181818183
AT3G48900	2.4854545454545454
AT3G48920	7.24090909090909
AT3G48930	444.5436363636364
AT3G48940	3.3882352941176466
AT3G48950	0.9666666666666668
AT3G48960	0.3499999999999999
AT3G48970	6.133333333333334
AT3G48980	6.763636363636364
AT3G48990	216.70909090909092
AT3G49000	12.492727272727274
AT3G49010	378.08000000000004
AT3G49020	0.2
AT3G49030	0.3
AT3G49040	0.35
AT3G49045	0.15000000000000002
AT3G49050	12.333333333333334
AT3G49055	0.5653061224489796
AT3G49060	10.796363636363635
AT3G49070	2.1925925925925926
AT3G49080	28.98
AT3G49100	20.87272727272727
AT3G49110	25.472727272727273
AT3G49120	245.0781818181818
AT3G49130	1.1522727272727271
AT3G49140	66.03818181818181
AT3G49142	1.7907407407407407
AT3G49150	0.17500000000000002
AT3G49155	0.29354838709677417
AT3G49160	6.849090909090909
AT3G49170	4.665454545454546
AT3G49180	12.52909090909091
AT3G49190	3.810000000000001
AT3G49200	0.2285714285714286
AT3G49210	8.769090909090908
AT3G49220	55.648148148148145
AT3G49230	0.25625
AT3G49250	4.214814814814814
AT3G49260	34.90555555555556
AT3G49270	21.97142857142857
AT3G49290	14.503636363636364
AT3G49300	1.6624999999999999
AT3G49305	0.5
AT3G49307	0.9833333333333334
AT3G49310	23.545454545454547
AT3G49320	6.925925925925926
AT3G49330	5.024528301886794
AT3G49340	4.75
AT3G49350	14.309090909090909
AT3G49360	17.11111111111111
AT3G49370	3.212962962962963
AT3G49380	1.0066666666666666
AT3G49390	24.98363636363636
AT3G49400	3.0636363636363635
AT3G49410	2.313207547169811
AT3G49420	4.661818181818181
AT3G49430	41.74181818181818
AT3G49440	0.4
AT3G49450	2.1166666666666667
AT3G49460	0.6
AT3G49470	103.67636363636363
AT3G49480	0.19230769230769232
AT3G49490	35.945454545454545
AT3G49500	14.38888888888889
AT3G49510	1.6333333333333333
AT3G49520	0.21250000000000002
AT3G49530	34.29636363636364
AT3G49540	507.6793103448276
AT3G49550	12.996363636363636
AT3G49551	5.326086956521739
AT3G49560	87.27454545454546
AT3G49570	10.088888888888889
AT3G49580	10.38076923076923
AT3G49590	20.30909090909091
AT3G49600	13.036363636363637
AT3G49601	53.03636363636364
AT3G49610	0.8
AT3G49620	6.780392156862745
AT3G49630	0.8310344827586207
AT3G49640	10.363636363636363
AT3G49645	12.238181818181818
AT3G49650	5.54
AT3G49660	7.7272727272727275
AT3G49670	30.425925925925927
AT3G49680	116.34727272727274
AT3G49690	2.098076923076923
AT3G49700	0.35
AT3G49710	2.556363636363636
AT3G49720	114.12727272727273
AT3G49725	8.212727272727273
AT3G49730	2.525925925925926
AT3G49744	1.1333333333333333
AT3G49750	7.488679245283018
AT3G49760	5.981081081081081
AT3G49770	0.38
AT3G49780	25.048148148148147
AT3G49790	16.185185185185187
AT3G49796	0.4142857142857143
AT3G49800	40.945454545454545
AT3G49810	12.981481481481481
AT3G49820	0.9790697674418605
AT3G49830	0.6097560975609755
AT3G49840	6.3277777777777775
AT3G49845	11.860526315789473
AT3G49850	16.21818181818182
AT3G49860	6.011111111111112
AT3G49870	81.96363636363637
AT3G49880	12.129090909090909
AT3G49890	8.018518518518519
AT3G49900	6.307407407407408
AT3G49910	487.07090909090914
AT3G49920	4.116666666666667
AT3G49930	3.3313725490196076
AT3G49940	38.86727272727273
AT3G49950	2.2875
AT3G49960	12.616326530612243
AT3G49970	1.0214285714285714
AT3G49980	0.2793103448275862
AT3G49990	38.72909090909091
AT3G50000	72.34545454545454
AT3G50010	1.7183673469387755
AT3G50020	1.9600000000000002
AT3G50030	0.42702702702702705
AT3G50040	1.5690909090909093
AT3G50050	6.090909090909091
AT3G50060	21.443636363636365
AT3G50070	23.61111111111111
AT3G50080	13.483636363636364
AT3G50090	0.3
AT3G50100	6.625925925925926
AT3G50110	5.781818181818182
AT3G50120	2.5019607843137255
AT3G50130	1.5108695652173914
AT3G50140	1.2333333333333334
AT3G50150	0.8730769230769232
AT3G50160	0.48
AT3G50170	0.3864864864864865
AT3G50180	0.14375000000000002
AT3G50190	0.856521739130435
AT3G50200	0.7418604651162791
AT3G50210	24.72222222222222
AT3G50220	5.227777777777777
AT3G50230	1.0148936170212766
AT3G50240	19.456363636363633
AT3G50250	0.2
AT3G50260	15.162962962962965
AT3G50270	22.701923076923077
AT3G50280	4.620754716981132
AT3G50290	0.5499999999999999
AT3G50300	7.385
AT3G50310	2.965384615384615
AT3G50320	0.35000000000000003
AT3G50330	5.684615384615384
AT3G50340	11.963636363636363
AT3G50350	15.407272727272726
AT3G50360	64.83636363636364
AT3G50370	42.14545454545455
AT3G50373	0.32500000000000007
AT3G50380	9.496363636363636
AT3G50390	2.907692307692307
AT3G50400	6.135416666666667
AT3G50410	6.925925925925926
AT3G50420	1.8740740740740742
AT3G50430	6.654545454545454
AT3G50440	56.2037037037037
AT3G50450	0.5136363636363636
AT3G50460	1.981818181818182
AT3G50470	5.0
AT3G50480	103.57592592592593
AT3G50500	112.56363636363636
AT3G50510	0.23157894736842102
AT3G50520	30.618181818181817
AT3G50530	33.29090909090909
AT3G50540	0.4
AT3G50550	30.12727272727273
AT3G50560	9.731481481481481
AT3G50570	3.5306122448979593
AT3G50580	0.29000000000000004
AT3G50590	34.21818181818182
AT3G50610	0.8875
AT3G50620	6.794444444444444
AT3G50630	23.12909090909091
AT3G50640	10.516666666666666
AT3G50650	11.721818181818183
AT3G50660	12.407407407407407
AT3G50665	0.9333333333333335
AT3G50670	57.75454545454546
AT3G50685	143.54727272727274
AT3G50690	41.978181818181824
AT3G50700	17.962962962962962
AT3G50710	0.3368421052631579
AT3G50720	0.375
AT3G50730	0.39999999999999997
AT3G50740	56.55849056603773
AT3G50750	19.29074074074074
AT3G50760	9.375925925925927
AT3G50770	14.988679245283018
AT3G50780	15.018181818181818
AT3G50790	32.0
AT3G50800	7.2444444444444445
AT3G50808	0.3333333333333333
AT3G50810	6.9
AT3G50820	1097.7222222222222
AT3G50825	70.8076923076923
AT3G50830	63.81818181818182
AT3G50835	1.7307692307692308
AT3G50840	9.11320754716981
AT3G50845	9.251851851851852
AT3G50850	2.5927272727272728
AT3G50860	12.338181818181818
AT3G50870	3.239622641509434
AT3G50880	19.152727272727276
AT3G50890	10.624074074074075
AT3G50900	15.648148148148149
AT3G50910	34.09090909090909
AT3G50920	16.94727272727273
AT3G50925	0.25
AT3G50930	18.59259259259259
AT3G50940	0.4933333333333334
AT3G50950	62.00545454545455
AT3G50960	9.89090909090909
AT3G50970	111.19259259259259
AT3G50980	1.32
AT3G50990	0.16923076923076924
AT3G51000	43.905454545454546
AT3G51010	63.46
AT3G51020	0.6333333333333333
AT3G51030	11.85090909090909
AT3G51040	14.145454545454545
AT3G51050	36.11454545454546
AT3G51060	2.1055555555555556
AT3G51070	0.1
AT3G51075	0.4354166666666666
AT3G51080	10.318181818181818
AT3G51090	7.836363636363636
AT3G51100	23.763636363636362
AT3G51110	10.672727272727272
AT3G51120	15.222222222222221
AT3G51130	39.163636363636364
AT3G51140	48.51090909090909
AT3G51150	16.847272727272728
AT3G51160	67.96363636363637
AT3G51171	0.2578947368421053
AT3G51180	2.8545454545454545
AT3G51190	0.35294117647058826
AT3G51200	0.4090909090909091
AT3G51210	1.0
AT3G51220	4.645283018867924
AT3G51230	6.405555555555555
AT3G51238	0.1142857142857143
AT3G51240	0.26400000000000007
AT3G51250	30.89090909090909
AT3G51260	133.13454545454545
AT3G51265	3.0
AT3G51270	43.092727272727274
AT3G51280	19.8
AT3G51290	7.787037037037037
AT3G51300	4.079245283018866
AT3G51310	35.03636363636364
AT3G51320	5.803636363636364
AT3G51325	1.8358490566037733
AT3G51330	20.776363636363634
AT3G51340	2.735185185185185
AT3G51350	4.203846153846154
AT3G51360	1.7783783783783782
AT3G51370	80.07272727272728
AT3G51375	2.6758620689655173
AT3G51380	4.5807692307692305
AT3G51390	18.78181818181818
AT3G51400	7.147916666666666
AT3G51410	1.0200000000000002
AT3G51420	53.99818181818181
AT3G51430	28.89272727272727
AT3G51440	10.092592592592593
AT3G51450	44.351851851851855
AT3G51460	35.69090909090909
AT3G51470	6.363636363636363
AT3G51480	4.529090909090909
AT3G51490	1.2075471698113207
AT3G51500	32.59818181818182
AT3G51510	110.5
AT3G51520	34.36363636363637
AT3G51530	7.525454545454545
AT3G51540	2.0020408163265304
AT3G51550	129.11111111111111
AT3G51560	0.16
AT3G51570	0.2529411764705882
AT3G51580	19.854545454545455
AT3G51590	6.415384615384616
AT3G51600	396.9074074074074
AT3G51610	38.72727272727273
AT3G51620	16.072727272727274
AT3G51630	35.8
AT3G51640	10.236363636363636
AT3G51642	3.1294117647058823
AT3G51644	0.4538461538461539
AT3G51650	7.290909090909091
AT3G51660	35.625454545454545
AT3G51670	63.851851851851855
AT3G51680	1.6343750000000001
AT3G51690	1.4857142857142858
AT3G51700	0.16666666666666666
AT3G51710	3.464814814814815
AT3G51720	33.94444444444444
AT3G51730	194.76363636363635
AT3G51740	23.925925925925927
AT3G51750	9.340384615384615
AT3G51760	3.226530612244898
AT3G51770	19.418181818181818
AT3G51780	26.454545454545453
AT3G51790	15.218181818181819
AT3G51800	137.7672727272727
AT3G51810	1.9928571428571427
AT3G51820	139.29090909090908
AT3G51830	25.430909090909093
AT3G51840	122.76363636363637
AT3G51850	44.27777777777778
AT3G51860	26.258181818181818
AT3G51870	27.12727272727273
AT3G51880	102.8
AT3G51890	19.563636363636363
AT3G51895	25.22830188679245
AT3G51910	13.05
AT3G51920	82.66666666666667
AT3G51930	4.996363636363637
AT3G51940	4.84
AT3G51950	98.4074074074074
AT3G51960	5.014814814814815
AT3G51970	2.77037037037037
AT3G51980	28.329090909090908
AT3G51990	9.581818181818182
AT3G52000	12.622222222222222
AT3G52010	72.92499999999998
AT3G52020	0.7166666666666668
AT3G52030	18.763636363636362
AT3G52040	4.928846153846154
AT3G52050	15.118181818181819
AT3G52060	105.34545454545454
AT3G52072	0.8018518518518518
AT3G52080	5.400000000000001
AT3G52090	67.98148148148148
AT3G52100	10.436363636363636
AT3G52105	5.176363636363636
AT3G52110	15.8
AT3G52115	2.3254545454545457
AT3G52120	37.872727272727275
AT3G52130	0.6846153846153846
AT3G52140	53.04727272727273
AT3G52150	310.85185185185185
AT3G52155	24.438181818181818
AT3G52160	0.3153846153846154
AT3G52170	18.814814814814813
AT3G52180	53.63636363636363
AT3G52190	16.418181818181818
AT3G52200	44.2
AT3G52210	13.972727272727273
AT3G52220	68.23636363636363
AT3G52230	164.29090909090908
AT3G52240	25.574074074074073
AT3G52250	19.10909090909091
AT3G52260	8.298181818181817
AT3G52270	0.7531914893617021
AT3G52280	20.51851851851852
AT3G52290	14.932727272727272
AT3G52300	322.3090909090909
AT3G52310	1.1775510204081634
AT3G52320	0.6
AT3G52330	0.9
AT3G52340	29.352727272727275
AT3G52350	0.2
AT3G52360	43.41818181818182
AT3G52370	21.203703703703702
AT3G52380	231.12962962962962
AT3G52390	10.13090909090909
AT3G52400	53.85636363636363
AT3G52420	24.6
AT3G52430	19.925925925925927
AT3G52440	0.4117647058823529
AT3G52450	13.849056603773585
AT3G52460	19.75185185185185
AT3G52470	95.88888888888889
AT3G52480	8.022222222222224
AT3G52490	5.618518518518518
AT3G52500	85.43818181818183
AT3G52510	0.30454545454545456
AT3G52520	6.581132075471698
AT3G52525	3.2264150943396226
AT3G52526	2.3333333333333335
AT3G52530	1.373076923076923
AT3G52535	3.558181818181818
AT3G52540	3.8799999999999994
AT3G52550	4.267307692307693
AT3G52560	127.63636363636364
AT3G52561	1.6968750000000001
AT3G52565	1.7
AT3G52570	13.50909090909091
AT3G52580	142.36363636363637
AT3G52590	611.4363636363636
AT3G52600	194.20999999999998
AT3G52605	0.19375
AT3G52610	9.418181818181818
AT3G52620	34.43076923076923
AT3G52630	17.581818181818182
AT3G52640	23.538181818181815
AT3G52660	19.963636363636365
AT3G52680	3.814814814814815
AT3G52690	0.4
AT3G52700	0.4125
AT3G52710	20.87636363636364
AT3G52720	23.529629629629632
AT3G52730	122.27272727272727
AT3G52740	19.67037037037037
AT3G52742	0.19000000000000003
AT3G52748	14.844
AT3G52750	31.35185185185185
AT3G52760	19.314545454545453
AT3G52770	3.9754716981132074
AT3G52780	3.0030303030303034
AT3G52790	11.078947368421053
AT3G52800	108.78181818181818
AT3G52810	3.4875000000000003
AT3G52820	2.1846153846153844
AT3G52830	0.7
AT3G52840	49.01851851851852
AT3G52850	95.73454545454545
AT3G52860	16.221818181818183
AT3G52870	55.27777777777778
AT3G52880	225.52727272727273
AT3G52890	15.274545454545455
AT3G52900	27.61111111111111
AT3G52905	14.45185185185185
AT3G52910	12.535185185185185
AT3G52920	66.82363636363637
AT3G52930	545.3636363636364
AT3G52940	21.11111111111111
AT3G52950	18.145454545454545
AT3G52955	0.9
AT3G52960	361.3272727272727
AT3G52970	1.8083333333333336
AT3G52980	1.3199999999999998
AT3G52990	112.65454545454546
AT3G53000	12.909090909090908
AT3G53010	2.273584905660377
AT3G53015	1.3285714285714287
AT3G53016	1.2857142857142858
AT3G53020	505.12363636363636
AT3G53030	16.356363636363636
AT3G53040	1.5510638297872341
AT3G53050	0.5333333333333333
AT3G53060	0.375
AT3G53065	4.833333333333333
AT3G53070	1.825
AT3G53075	4.54
AT3G53080	9.625
AT3G53090	8.696363636363635
AT3G53100	20.11090909090909
AT3G53110	73.49090909090908
AT3G53120	30.12545454545455
AT3G53130	19.929090909090906
AT3G53150	2.7347826086956526
AT3G53160	1.9903846153846154
AT3G53170	4.7407407407407405
AT3G53180	39.43818181818182
AT3G53190	40.833333333333336
AT3G53200	1.0458333333333332
AT3G53210	5.222641509433963
AT3G53220	5.794545454545454
AT3G53230	13.918181818181818
AT3G53232	3.0499999999999994
AT3G53235	16.85090909090909
AT3G53240	7.7
AT3G53250	3.945238095238095
AT3G53260	96.67454545454547
AT3G53270	14.012727272727274
AT3G53280	20.32037037037037
AT3G53290	0.3
AT3G53300	2.1125000000000003
AT3G53305	13.7
AT3G53310	6.183018867924528
AT3G53320	7.3927272727272735
AT3G53330	0.15
AT3G53340	18.436363636363637
AT3G53342	0.5
AT3G53350	6.209090909090909
AT3G53360	2.1272727272727274
AT3G53365	3.7153846153846155
AT3G53370	18.78181818181818
AT3G53380	11.547272727272727
AT3G53390	15.945454545454545
AT3G53400	16.165454545454544
AT3G53410	15.50909090909091
AT3G53420	789.4927272727273
AT3G53430	359.07272727272726
AT3G53440	5.625454545454545
AT3G53450	1.6264150943396225
AT3G53460	867.9836363636364
AT3G53470	53.69454545454545
AT3G53480	29.25185185185185
AT3G53490	9.090909090909092
AT3G53500	70.78181818181818
AT3G53510	11.201818181818183
AT3G53520	47.2
AT3G53530	8.024074074074074
AT3G53540	14.225454545454545
AT3G53550	0.2375
AT3G53560	58.21818181818182
AT3G53570	18.436363636363637
AT3G53580	88.69090909090909
AT3G53590	0.15555555555555556
AT3G53600	1.176923076923077
AT3G53610	45.49090909090909
AT3G53620	37.425925925925924
AT3G53630	33.234545454545454
AT3G53640	0.275
AT3G53650	14.485454545454546
AT3G53670	49.18181818181818
AT3G53680	5.216363636363636
AT3G53690	0.9851851851851853
AT3G53700	15.12962962962963
AT3G53710	55.30909090909091
AT3G53720	9.10925925925926
AT3G53730	122.10909090909091
AT3G53740	359.43636363636364
AT3G53750	33.09090909090909
AT3G53760	8.374545454545455
AT3G53770	0.38571428571428573
AT3G53780	15.656363636363636
AT3G53790	0.36250000000000004
AT3G53800	36.74727272727272
AT3G53810	8.872727272727273
AT3G53820	0.5454545454545454
AT3G53830	8.775925925925925
AT3G53840	0.6377358490566037
AT3G53850	18.833333333333332
AT3G53860	4.103703703703704
AT3G53870	403.05454545454546
AT3G53880	13.145454545454545
AT3G53890	350.43454545454546
AT3G53900	37.68545454545454
AT3G53910	0.3
AT3G53920	35.74545454545454
AT3G53930	9.236363636363636
AT3G53940	6.322222222222222
AT3G53950	10.745454545454546
AT3G53960	15.320754716981131
AT3G53970	37.85454545454545
AT3G53980	107.27592592592592
AT3G53990	180.42363636363635
AT3G54000	6.362962962962963
AT3G54010	36.07636363636364
AT3G54020	17.09090909090909
AT3G54030	23.38888888888889
AT3G54040	58.30545454545455
AT3G54050	532.6481481481482
AT3G54060	0.8941176470588236
AT3G54065	0.46785714285714286
AT3G54070	0.36
AT3G54080	12.38888888888889
AT3G54085	1.539130434782609
AT3G54090	47.148148148148145
AT3G54100	13.163636363636364
AT3G54110	84.05454545454545
AT3G54120	6.058181818181818
AT3G54130	14.818181818181818
AT3G54140	42.27777777777778
AT3G54150	5.286792452830189
AT3G54160	0.8222222222222222
AT3G54170	26.381818181818183
AT3G54180	11.781818181818181
AT3G54190	47.43636363636364
AT3G54200	27.723636363636366
AT3G54210	549.3454545454546
AT3G54220	23.0
AT3G54230	22.236363636363638
AT3G54240	54.454545454545446
AT3G54250	12.145454545454545
AT3G54260	32.25925925925926
AT3G54270	3.0584905660377357
AT3G54280	14.2
AT3G54290	20.619999999999997
AT3G54300	37.92727272727273
AT3G54310	0.635483870967742
AT3G54320	7.685185185185185
AT3G54340	17.748837209302327
AT3G54350	21.10909090909091
AT3G54360	96.45454545454545
AT3G54363	8.396363636363636
AT3G54366	47.67272727272727
AT3G54380	15.072727272727272
AT3G54390	11.37037037037037
AT3G54400	122.22222222222223
AT3G54410	0.775
AT3G54420	5.344444444444445
AT3G54440	33.552727272727275
AT3G54450	0.4291666666666667
AT3G54460	15.872727272727273
AT3G54470	68.12727272727273
AT3G54480	22.0
AT3G54490	0.5341463414634147
AT3G54500	78.00727272727272
AT3G54510	1.2865384615384614
AT3G54520	0.5266666666666667
AT3G54530	0.6210526315789474
AT3G54540	53.2
AT3G54550	0.25
AT3G54560	59.72727272727273
AT3G54570	0.18333333333333335
AT3G54580	140.2875
AT3G54590	87.12941176470588
AT3G54600	64.48148148148148
AT3G54610	11.187272727272726
AT3G54620	64.30909090909091
AT3G54625	0.15909090909090912
AT3G54640	87.69090909090909
AT3G54650	26.563636363636363
AT3G54660	135.27272727272728
AT3G54670	22.527272727272727
AT3G54680	23.69090909090909
AT3G54690	41.4
AT3G54700	2.9533333333333336
AT3G54710	7.010909090909092
AT3G54720	18.05818181818182
AT3G54730	0.16521739130434782
AT3G54740	15.909090909090908
AT3G54750	18.672727272727272
AT3G54760	45.31090909090909
AT3G54770	10.77111111111111
AT3G54780	3.2358490566037736
AT3G54790	15.351851851851851
AT3G54800	139.93809523809526
AT3G54810	46.81481481481482
AT3G54820	19.11111111111111
AT3G54826	35.35454545454545
AT3G54830	20.509090909090908
AT3G54840	48.472727272727276
AT3G54850	16.181818181818183
AT3G54860	20.345454545454544
AT3G54870	1.149056603773585
AT3G54880	54.872727272727275
AT3G54890	3901.823636363636
AT3G54900	127.77777777777777
AT3G54910	6.89811320754717
AT3G54920	58.054545454545455
AT3G54925	0.45000000000000007
AT3G54930	5.241818181818182
AT3G54940	2.0785714285714283
AT3G54950	10.277777777777779
AT3G54960	43.82909090909091
AT3G54970	11.074074074074074
AT3G54980	5.148148148148148
AT3G54990	6.98888888888889
AT3G55000	34.61818181818182
AT3G55005	27.212727272727275
AT3G55010	36.129629629629626
AT3G55020	40.90909090909091
AT3G55030	20.436363636363637
AT3G55040	67.1
AT3G55050	25.145454545454545
AT3G55060	4.745454545454545
AT3G55070	22.98181818181818
AT3G55080	12.230909090909092
AT3G55090	5.034545454545454
AT3G55100	1.4888888888888887
AT3G55110	11.356
AT3G55120	40.00363636363636
AT3G55130	25.36862745098039
AT3G55140	24.727272727272727
AT3G55150	3.9723404255319155
AT3G55160	5.305555555555555
AT3G55170	65.21818181818182
AT3G55180	4.262962962962963
AT3G55190	17.53333333333333
AT3G55200	1.6716981132075472
AT3G55210	0.16521739130434782
AT3G55220	1.774074074074074
AT3G55230	47.24565217391305
AT3G55240	21.666000000000004
AT3G55250	72.33333333333333
AT3G55252	0.925
AT3G55254	0.3333333333333333
AT3G55260	29.863636363636363
AT3G55270	28.80181818181818
AT3G55280	171.9090909090909
AT3G55290	9.748148148148148
AT3G55310	0.6206896551724138
AT3G55320	9.958181818181819
AT3G55330	177.91454545454545
AT3G55340	12.981481481481481
AT3G55350	10.518518518518519
AT3G55360	95.45818181818181
AT3G55370	8.833333333333334
AT3G55380	29.618181818181817
AT3G55390	7.363636363636363
AT3G55400	49.38181818181818
AT3G55410	76.94545454545455
AT3G55420	20.038181818181815
AT3G55430	113.2
AT3G55440	567.6545454545454
AT3G55450	28.85185185185185
AT3G55460	87.83636363636364
AT3G55470	19.787272727272725
AT3G55480	17.683636363636364
AT3G55485	0.3368421052631579
AT3G55490	5.924074074074074
AT3G55500	17.5188679245283
AT3G55510	12.747272727272728
AT3G55512	0.2
AT3G55513	0.1
AT3G55515	0.6851063829787235
AT3G55520	32.60727272727273
AT3G55530	18.345454545454544
AT3G55540	0.28
AT3G55550	0.21071428571428572
AT3G55560	16.19814814814815
AT3G55566	1.34
AT3G55570	0.4
AT3G55580	1.5942307692307693
AT3G55590	0.5142857142857143
AT3G55600	11.10909090909091
AT3G55605	17.38888888888889
AT3G55610	78.56363636363636
AT3G55620	85.38181818181818
AT3G55630	41.83090909090909
AT3G55640	8.985454545454544
AT3G55646	5.874509803921569
AT3G55650	0.14500000000000002
AT3G55660	11.09074074074074
AT3G55665	0.62
AT3G55670	0.18
AT3G55672	0.275
AT3G55677	1.7142857142857142
AT3G55680	2.375
AT3G55690	5.303703703703703
AT3G55700	1.2462962962962965
AT3G55710	6.315384615384615
AT3G55720	2.0884615384615386
AT3G55730	8.236363636363636
AT3G55734	1.0875000000000001
AT3G55735	2.06
AT3G55740	14.88888888888889
AT3G55750	222.61272727272728
AT3G55760	30.745454545454546
AT3G55770	113.72727272727273
AT3G55780	0.2
AT3G55790	1.9684210526315788
AT3G55795	61.15
AT3G55800	667.0370370370371
AT3G55810	0.13333333333333333
AT3G55820	2.2111111111111112
AT3G55830	29.365454545454543
AT3G55840	4.471698113207547
AT3G55850	12.962962962962964
AT3G55860	2.7636363636363637
AT3G55870	2.4400000000000004
AT3G55880	12.142592592592594
AT3G55890	3.855555555555556
AT3G55900	2.017777777777778
AT3G55910	3.7081632653061227
AT3G55920	25.752727272727274
AT3G55930	0.21904761904761902
AT3G55935	0.2625
AT3G55940	2.9909090909090907
AT3G55950	5.14909090909091
AT3G55960	43.876363636363635
AT3G55970	17.34313725490196
AT3G55980	74.54363636363635
AT3G55990	9.555555555555555
AT3G56000	4.932075471698113
AT3G56010	83.0925925925926
AT3G56020	360.6
AT3G56030	5.166666666666667
AT3G56040	47.60181818181818
AT3G56050	64.75925925925925
AT3G56060	20.09259259259259
AT3G56070	59.92181818181818
AT3G56080	12.801818181818183
AT3G56085	2.0
AT3G56090	83.20363636363636
AT3G56100	5.662264150943397
AT3G56110	30.9
AT3G56120	17.983636363636364
AT3G56130	64.55555555555556
AT3G56140	31.240000000000002
AT3G56150	136.01818181818183
AT3G56160	34.68518518518518
AT3G56170	23.8
AT3G56180	121.16666666666667
AT3G56190	110.78181818181818
AT3G56200	23.14814814814815
AT3G56210	13.545454545454545
AT3G56220	6.104166666666667
AT3G56230	3.4627450980392154
AT3G56240	264.1636363636364
AT3G56250	3.6222222222222222
AT3G56260	9.457407407407407
AT3G56270	7.46111111111111
AT3G56290	103.19814814814815
AT3G56300	3.272222222222222
AT3G56310	83.96363636363637
AT3G56320	3.84
AT3G56330	10.277777777777779
AT3G56340	382.5090909090909
AT3G56350	0.6793103448275862
AT3G56360	162.1090909090909
AT3G56370	41.51851851851852
AT3G56380	0.5272727272727272
AT3G56390	0.5333333333333333
AT3G56400	63.916666666666664
AT3G56408	0.19361702127659575
AT3G56420	2.3400000000000003
AT3G56430	14.814814814814815
AT3G56440	3.727272727272727
AT3G56450	7.944444444444445
AT3G56460	59.18181818181818
AT3G56470	1.75
AT3G56480	27.72222222222222
AT3G56490	72.69090909090909
AT3G56500	1.8837837837837834
AT3G56510	22.59259259259259
AT3G56520	0.4
AT3G56530	1.0
AT3G56540	0.16666666666666666
AT3G56550	0.7763636363636363
AT3G56560	0.26666666666666666
AT3G56570	3.4185185185185185
AT3G56580	27.79272727272727
AT3G56590	37.22
AT3G56600	16.81794871794872
AT3G56610	1.9799999999999998
AT3G56620	6.462962962962963
AT3G56630	20.194444444444443
AT3G56640	7.709090909090909
AT3G56650	56.87818181818182
AT3G56660	0.2702127659574468
AT3G56670	0.3
AT3G56680	89.7090909090909
AT3G56690	8.710909090909091
AT3G56700	2.2
AT3G56705	2.2205882352941178
AT3G56710	18.094444444444445
AT3G56720	25.618181818181817
AT3G56730	2.0907407407407406
AT3G56740	13.818181818181818
AT3G56750	25.565454545454543
AT3G56760	17.46909090909091
AT3G56770	1.181132075471698
AT3G56780	0.21250000000000002
AT3G56790	1.9902439024390242
AT3G56800	252.76363636363635
AT3G56810	12.256363636363636
AT3G56820	6.781818181818182
AT3G56825	1.2204545454545455
AT3G56830	5.27962962962963
AT3G56840	15.492727272727274
AT3G56850	18.054545454545455
AT3G56860	49.981818181818184
AT3G56870	4.07090909090909
AT3G56880	78.22222222222223
AT3G56890	1.0941176470588236
AT3G56891	1.1979166666666667
AT3G56900	9.985454545454546
AT3G56910	305.6666666666667
AT3G56920	6.574074074074073
AT3G56930	13.090909090909092
AT3G56940	1154.2777777777778
AT3G56950	32.61818181818182
AT3G56960	5.318181818181818
AT3G56970	9.515909090909092
AT3G56980	14.627906976744185
AT3G56990	17.90740740740741
AT3G57000	36.851851851851855
AT3G57010	26.48148148148148
AT3G57020	58.57592592592592
AT3G57030	20.53090909090909
AT3G57040	25.333333333333332
AT3G57050	61.949090909090906
AT3G57060	7.161818181818181
AT3G57062	14.812727272727274
AT3G57070	22.99818181818182
AT3G57080	17.64814814814815
AT3G57090	50.30909090909091
AT3G57100	0.234375
AT3G57110	0.7156862745098039
AT3G57120	10.983636363636364
AT3G57130	1.28125
AT3G57140	7.2272727272727275
AT3G57150	92.27777777777777
AT3G57157	14.056603773584905
AT3G57160	8.812962962962963
AT3G57170	14.82909090909091
AT3G57180	16.314814814814813
AT3G57190	16.270370370370372
AT3G57200	1.687037037037037
AT3G57210	0.32857142857142857
AT3G57220	17.24074074074074
AT3G57230	14.2
AT3G57240	7.2815789473684225
AT3G57250	1.9333333333333336
AT3G57260	105.835
AT3G57270	0.29600000000000004
AT3G57280	44.474545454545456
AT3G57290	109.6
AT3G57300	24.78181818181818
AT3G57310	0.43076923076923074
AT3G57320	15.75925925925926
AT3G57330	33.78181818181818
AT3G57340	32.43636363636364
AT3G57350	11.462962962962964
AT3G57360	3.57962962962963
AT3G57370	0.23529411764705882
AT3G57380	3.4722222222222223
AT3G57390	14.272727272727273
AT3G57400	36.666666666666664
AT3G57410	42.70181818181818
AT3G57420	17.203703703703702
AT3G57430	5.375925925925926
AT3G57440	0.6630434782608695
AT3G57450	36.85454545454545
AT3G57460	4.445833333333333
AT3G57465	0.3157894736842105
AT3G57470	30.45740740740741
AT3G57480	10.341818181818182
AT3G57490	31.3
AT3G57500	3.05
AT3G57510	9.46923076923077
AT3G57520	166.9090909090909
AT3G57530	47.07272727272727
AT3G57540	8.338888888888889
AT3G57550	46.92727272727273
AT3G57560	41.236363636363635
AT3G57570	10.330909090909092
AT3G57580	3.567272727272727
AT3G57587	0.18333333333333332
AT3G57590	6.749090909090909
AT3G57600	5.975510204081633
AT3G57610	82.5
AT3G57620	0.7
AT3G57630	10.86909090909091
AT3G57640	3.166037735849057
AT3G57645	1.4975
AT3G57650	44.89090909090909
AT3G57660	13.834545454545456
AT3G57670	3.2622641509433956
AT3G57680	4.631372549019607
AT3G57690	794.365
AT3G57710	6.514545454545455
AT3G57720	1.7905660377358492
AT3G57740	1.626086956521739
AT3G57750	13.510909090909092
AT3G57760	4.7727272727272725
AT3G57765	0.7461538461538461
AT3G57770	3.3076923076923075
AT3G57780	10.22962962962963
AT3G57785	21.118181818181817
AT3G57787	0.26
AT3G57790	13.205454545454545
AT3G57800	36.765454545454546
AT3G57810	13.685185185185185
AT3G57830	6.6648148148148145
AT3G57840	0.8
AT3G57850	1.1166666666666665
AT3G57860	7.6854545454545455
AT3G57870	122.61818181818182
AT3G57880	19.0
AT3G57890	50.054545454545455
AT3G57900	0.74
AT3G57910	3.283636363636364
AT3G57930	21.98148148148148
AT3G57940	9.105555555555556
AT3G57950	3.8076923076923075
AT3G57960	0.22000000000000003
AT3G57965	4.277777777777778
AT3G57970	0.19230769230769232
AT3G57980	10.074545454545454
AT3G57990	42.127272727272725
AT3G58000	2.516981132075472
AT3G58010	23.425925925925927
AT3G58020	13.854545454545455
AT3G58030	31.254545454545454
AT3G58035	8.0
AT3G58040	19.818181818181817
AT3G58050	16.454545454545453
AT3G58060	1.4583333333333333
AT3G58070	3.5823529411764703
AT3G58090	9.870909090909091
AT3G58100	4.641818181818182
AT3G58110	25.381818181818183
AT3G58120	35.30909090909091
AT3G58130	7.9818181818181815
AT3G58140	86.25636363636364
AT3G58150	1.479245283018868
AT3G58160	5.348148148148148
AT3G58165	0.9
AT3G58170	48.89090909090909
AT3G58180	19.510909090909088
AT3G58190	1.3357142857142859
AT3G58193	12.7375
AT3G58200	2.8648148148148147
AT3G58210	0.19166666666666665
AT3G58220	19.856363636363636
AT3G58230	0.3
AT3G58240	1.25
AT3G58250	0.28
AT3G58260	0.24
AT3G58270	4.592592592592593
AT3G58280	0.5
AT3G58290	0.19090909090909092
AT3G58300	0.2333333333333333
AT3G58310	4.48
AT3G58320	0.13999999999999999
AT3G58330	0.3888888888888889
AT3G58340	0.125
AT3G58350	2.5981481481481485
AT3G58360	0.33999999999999997
AT3G58370	0.22499999999999998
AT3G58380	0.4066666666666667
AT3G58390	0.3666666666666667
AT3G58400	0.4
AT3G58410	0.3
AT3G58420	0.32857142857142857
AT3G58430	3.3055555555555554
AT3G58440	0.39999999999999997
AT3G58450	1.8333333333333333
AT3G58460	29.89090909090909
AT3G58470	24.27777777777778
AT3G58480	8.861290322580647
AT3G58490	50.85454545454545
AT3G58500	149.27272727272728
AT3G58510	44.78181818181818
AT3G58520	4.92909090909091
AT3G58530	15.474545454545455
AT3G58540	0.5
AT3G58550	58.716279069767445
AT3G58560	47.63636363636363
AT3G58570	27.12727272727273
AT3G58580	21.472727272727273
AT3G58585	1.95
AT3G58590	1.9833333333333334
AT3G58600	29.60181818181818
AT3G58610	339.77090909090913
AT3G58620	15.459999999999999
AT3G58630	7.336363636363636
AT3G58640	32.09090909090909
AT3G58650	7.622222222222223
AT3G58660	48.29454545454545
AT3G58670	21.10909090909091
AT3G58680	264.56363636363636
AT3G58690	9.685185185185185
AT3G58700	70.94727272727273
AT3G58710	10.777777777777779
AT3G58720	8.498148148148148
AT3G58730	163.76363636363635
AT3G58740	0.425
AT3G58750	37.654545454545456
AT3G58760	18.314814814814813
AT3G58770	0.8980000000000001
AT3G58780	3.6599999999999997
AT3G58790	10.75925925925926
AT3G58795	0.24444444444444446
AT3G58800	6.672727272727273
AT3G58810	6.692592592592592
AT3G58820	5.29074074074074
AT3G58830	22.963636363636365
AT3G58840	23.61111111111111
AT3G58850	11.074074074074074
AT3G58860	0.25333333333333335
AT3G58875	5.758181818181819
AT3G58877	0.1
AT3G58880	0.25999999999999995
AT3G58890	0.1
AT3G58900	7.849090909090909
AT3G58910	0.20000000000000004
AT3G58920	0.225
AT3G58930	5.92909090909091
AT3G58940	5.1
AT3G58950	0.23157894736842102
AT3G58960	0.36
AT3G58970	28.2
AT3G58980	3.6636363636363636
AT3G58990	58.587037037037035
AT3G59000	4.754545454545455
AT3G59010	12.658490566037736
AT3G59020	43.71090909090909
AT3G59030	2.3600000000000003
AT3G59040	35.27777777777778
AT3G59050	28.09090909090909
AT3G59060	47.96296296296296
AT3G59068	0.6857142857142857
AT3G59070	0.25
AT3G59080	12.222222222222221
AT3G59090	27.70909090909091
AT3G59100	7.4111111111111105
AT3G59110	21.444444444444443
AT3G59120	0.7857142857142857
AT3G59130	0.8558823529411765
AT3G59140	9.50909090909091
AT3G59150	7.2
AT3G59160	0.55
AT3G59170	0.42000000000000004
AT3G59180	0.5
AT3G59190	0.49090909090909096
AT3G59200	1.3943396226415095
AT3G59210	16.444444444444443
AT3G59220	27.038888888888888
AT3G59230	0.16785714285714287
AT3G59240	0.3
AT3G59245	0.7
AT3G59250	3.2680851063829786
AT3G59260	0.376
AT3G59270	1.5704545454545453
AT3G59280	35.74545454545454
AT3G59290	20.381818181818183
AT3G59300	20.327272727272728
AT3G59310	8.592592592592593
AT3G59320	15.203636363636365
AT3G59330	10.069811320754718
AT3G59340	3.5432432432432432
AT3G59350	53.49090909090909
AT3G59360	29.618181818181817
AT3G59370	23.014583333333334
AT3G59380	38.81818181818182
AT3G59390	8.678181818181818
AT3G59400	1.8392156862745097
AT3G59410	8.05090909090909
AT3G59415	21.0
AT3G59420	8.037037037037036
AT3G59430	3.912962962962963
AT3G59435	0.31162790697674425
AT3G59450	0.9543478260869565
AT3G59455	50.4
AT3G59460	0.5333333333333334
AT3G59470	8.872727272727273
AT3G59480	3.9566037735849053
AT3G59490	14.854545454545455
AT3G59500	31.163636363636364
AT3G59510	0.6061224489795919
AT3G59520	8.790909090909091
AT3G59530	4.20925925925926
AT3G59540	367.2909090909091
AT3G59550	4.283636363636363
AT3G59570	5.643636363636364
AT3G59580	1.694
AT3G59590	0.35
AT3G59600	49.554545454545455
AT3G59610	0.225
AT3G59620	0.4727272727272727
AT3G59630	11.351851851851851
AT3G59640	15.145454545454545
AT3G59650	27.425454545454546
AT3G59660	29.98181818181818
AT3G59670	17.833333333333332
AT3G59680	7.512727272727273
AT3G59690	1.2207547169811324
AT3G59695	0.1
AT3G59700	5.283333333333332
AT3G59710	2.0679245283018868
AT3G59730	0.61
AT3G59740	0.2696969696969697
AT3G59750	1.81
AT3G59760	47.78181818181818
AT3G59765	8.901851851851852
AT3G59770	22.945454545454545
AT3G59780	118.50909090909092
AT3G59790	0.5357142857142857
AT3G59800	15.254545454545454
AT3G59810	33.24074074074074
AT3G59820	22.545454545454547
AT3G59830	3.991304347826087
AT3G59840	40.27272727272727
AT3G59845	10.153333333333334
AT3G59850	4.3725000000000005
AT3G59870	24.836363636363636
AT3G59880	5.503636363636363
AT3G59884	4.25
AT3G59890	10.905454545454544
AT3G59900	7.9781818181818185
AT3G59910	30.12727272727273
AT3G59920	144.65454545454546
AT3G59926	64.0
AT3G59930	19.108888888888888
AT3G59940	2.2166666666666663
AT3G59950	21.970909090909092
AT3G59960	2.809090909090909
AT3G59970	198.87272727272727
AT3G59980	46.529090909090904
AT3G59990	70.35272727272728
AT3G60000	0.2222222222222222
AT3G60010	0.45
AT3G60020	0.5
AT3G60030	41.981818181818184
AT3G60040	2.7690909090909095
AT3G60050	7.37037037037037
AT3G60060	0.32857142857142857
AT3G60070	6.552727272727273
AT3G60075	117.0
AT3G60080	22.727272727272727
AT3G60090	1.4444444444444444
AT3G60100	0.7588235294117647
AT3G60110	5.905454545454545
AT3G60120	0.35333333333333333
AT3G60130	36.56909090909091
AT3G60140	5.489583333333333
AT3G60150	3.774074074074074
AT3G60160	4.259615384615385
AT3G60176	0.19375000000000003
AT3G60180	9.474545454545455
AT3G60190	48.53703703703704
AT3G60200	9.636363636363637
AT3G60210	66.74727272727273
AT3G60220	6.225925925925925
AT3G60238	0.8250000000000001
AT3G60240	47.89090909090909
AT3G60245	985.0181818181818
AT3G60250	44.36363636363637
AT3G60260	16.963636363636365
AT3G60270	1.9904761904761907
AT3G60280	9.442424242424243
AT3G60286	1.4962264150943396
AT3G60290	5.90925925925926
AT3G60300	76.2
AT3G60310	4.829090909090909
AT3G60320	62.22222222222222
AT3G60330	8.503703703703703
AT3G60340	53.61818181818182
AT3G60350	16.036363636363635
AT3G60360	24.314814814814813
AT3G60370	36.43636363636364
AT3G60380	22.39090909090909
AT3G60390	17.88888888888889
AT3G60400	6.001818181818182
AT3G60410	22.12909090909091
AT3G60415	42.01132075471698
AT3G60420	0.33636363636363636
AT3G60440	26.85185185185185
AT3G60450	46.345454545454544
AT3G60460	1.0333333333333334
AT3G60470	0.5205882352941177
AT3G60480	19.545454545454547
AT3G60490	3.047169811320755
AT3G60500	16.89090909090909
AT3G60510	8.136363636363637
AT3G60520	15.610909090909091
AT3G60530	55.074074074074076
AT3G60540	4.8509090909090915
AT3G60550	4.617647058823529
AT3G60560	0.7
AT3G60570	32.27142857142857
AT3G60580	2.0309090909090908
AT3G60590	13.290909090909091
AT3G60600	87.12727272727273
AT3G60620	18.963636363636365
AT3G60630	21.947272727272725
AT3G60640	10.405454545454544
AT3G60650	1.4348837209302325
AT3G60660	4.340740740740741
AT3G60670	1.163265306122449
AT3G60680	5.098181818181818
AT3G60690	20.24074074074074
AT3G60700	1.4520833333333334
AT3G60710	0.48148148148148145
AT3G60720	2.7537037037037035
AT3G60730	0.4477272727272727
AT3G60740	11.569090909090908
AT3G60750	889.8181818181819
AT3G60760	1.9142857142857141
AT3G60770	386.1090909090909
AT3G60780	11.216666666666667
AT3G60790	0.19999999999999998
AT3G60800	23.247272727272726
AT3G60810	38.51851851851852
AT3G60820	154.0690909090909
AT3G60830	19.555555555555557
AT3G60840	9.483333333333333
AT3G60850	14.872727272727273
AT3G60860	21.69090909090909
AT3G60870	0.906896551724138
AT3G60880	22.925925925925927
AT3G60890	1.9326530612244897
AT3G60900	11.365384615384615
AT3G60910	21.510909090909088
AT3G60920	0.3727272727272727
AT3G60940	0.35365853658536583
AT3G60950	0.1
AT3G60960	8.058181818181819
AT3G60961	0.5958333333333333
AT3G60966	0.9868421052631577
AT3G60970	0.9217391304347826
AT3G60972	0.6000000000000001
AT3G60975	16.285714285714285
AT3G60980	13.378181818181817
AT3G61010	25.453703703703702
AT3G61028	0.2828571428571429
AT3G61030	0.11111111111111113
AT3G61035	2.3833333333333333
AT3G61040	0.7
AT3G61050	73.69090909090909
AT3G61060	22.427272727272726
AT3G61070	34.32727272727273
AT3G61080	36.625454545454545
AT3G61090	0.9163265306122447
AT3G61100	19.87037037037037
AT3G61110	320.6
AT3G61111	0.5666666666666667
AT3G61113	2.7218181818181817
AT3G61117	1.9166666666666667
AT3G61118	1.9529411764705884
AT3G61120	0.7999999999999999
AT3G61130	63.78181818181818
AT3G61140	34.29090909090909
AT3G61150	16.383636363636363
AT3G61160	97.60727272727271
AT3G61170	1.3037037037037038
AT3G61172	1.475
AT3G61175	0.6
AT3G61177	0.8333333333333334
AT3G61180	32.54545454545455
AT3G61182	1.6
AT3G61190	9.79811320754717
AT3G61198	11.97037037037037
AT3G61200	58.163636363636364
AT3G61210	29.97222222222222
AT3G61220	56.00181818181819
AT3G61230	5.56
AT3G61240	46.99090909090909
AT3G61250	3.7923076923076926
AT3G61260	223.38181818181818
AT3G61270	8.0625
AT3G61280	11.385714285714283
AT3G61290	0.2333333333333333
AT3G61310	10.088888888888889
AT3G61320	10.485454545454546
AT3G61340	0.23214285714285715
AT3G61350	4.650909090909091
AT3G61360	3.1145454545454547
AT3G61370	12.038181818181819
AT3G61380	6.630909090909091
AT3G61390	2.9190476190476193
AT3G61400	1.7241379310344827
AT3G61410	2.8854545454545457
AT3G61415	13.763636363636364
AT3G61420	19.37037037037037
AT3G61430	356.7037037037037
AT3G61440	324.0254545454546
AT3G61450	0.7875
AT3G61460	54.18363636363636
AT3G61470	2469.2927272727275
AT3G61480	8.89090909090909
AT3G61490	11.541818181818181
AT3G61500	0.4166666666666667
AT3G61510	0.19
AT3G61520	2.1272727272727274
AT3G61530	8.638181818181819
AT3G61540	14.292727272727273
AT3G61550	21.09444444444444
AT3G61560	16.2
AT3G61570	8.88909090909091
AT3G61571	1.0852941176470587
AT3G61580	176.78181818181818
AT3G61590	8.181818181818182
AT3G61600	53.59090909090909
AT3G61610	10.39818181818182
AT3G61620	16.833333333333332
AT3G61630	12.063636363636364
AT3G61640	35.38181818181818
AT3G61650	11.87037037037037
AT3G61660	0.6829787234042554
AT3G61670	15.444444444444445
AT3G61680	4.056363636363637
AT3G61690	18.0
AT3G61700	23.48181818181818
AT3G61710	19.6
AT3G61715	1.2
AT3G61720	0.19999999999999998
AT3G61723	0.3
AT3G61730	0.2
AT3G61740	6.12909090909091
AT3G61750	8.266666666666666
AT3G61755	1.5
AT3G61760	2.7872727272727276
AT3G61770	34.18363636363636
AT3G61780	13.256363636363636
AT3G61790	26.09090909090909
AT3G61800	4.889090909090909
AT3G61820	53.78363636363636
AT3G61826	0.95
AT3G61829	1.3
AT3G61830	14.498181818181818
AT3G61840	2.4764705882352938
AT3G61850	9.459259259259259
AT3G61860	59.54545454545455
AT3G61870	182.16666666666666
AT3G61880	3.452727272727272
AT3G61890	28.38888888888889
AT3G61897	4.278787878787878
AT3G61898	11.565384615384614
AT3G61900	5.559615384615384
AT3G61910	1.5699999999999998
AT3G61920	2.6944444444444446
AT3G61930	4.1022727272727275
AT3G61940	0.4750000000000001
AT3G61950	5.2924528301886795
AT3G61960	22.527272727272727
AT3G61970	5.064150943396226
AT3G61980	16.145454545454545
AT3G61990	27.365454545454543
AT3G62000	11.814814814814815
AT3G62010	34.74545454545454
AT3G62020	19.4
AT3G62030	667.2
AT3G62040	66.20185185185186
AT3G62050	3.855555555555555
AT3G62060	8.988888888888889
AT3G62070	8.018518518518519
AT3G62080	10.756363636363636
AT3G62090	0.7340909090909092
AT3G62100	1.89811320754717
AT3G62110	26.454545454545453
AT3G62120	115.69272727272728
AT3G62130	22.880000000000003
AT3G62140	20.383636363636363
AT3G62150	13.212962962962964
AT3G62160	3.329090909090909
AT3G62170	582.9466666666667
AT3G62180	189.34285714285713
AT3G62190	33.6
AT3G62200	10.4
AT3G62210	1.5451612903225809
AT3G62220	12.620000000000001
AT3G62230	226.30666666666667
AT3G62240	22.454545454545453
AT3G62250	534.8727272727273
AT3G62260	10.878181818181817
AT3G62270	19.06111111111111
AT3G62280	2.7960000000000003
AT3G62290	603.8363636363637
AT3G62300	17.656363636363636
AT3G62310	33.21818181818182
AT3G62320	0.4789473684210526
AT3G62330	18.98181818181818
AT3G62340	1.0
AT3G62350	0.1
AT3G62360	43.39272727272727
AT3G62370	26.88888888888889
AT3G62380	0.19473684210526318
AT3G62390	10.785454545454547
AT3G62400	116.34545454545454
AT3G62410	654.5509090909092
AT3G62420	95.85454545454546
AT3G62430	0.7490196078431371
AT3G62440	0.19999999999999998
AT3G62450	29.6
AT3G62460	13.945454545454545
AT3G62470	3.2636363636363637
AT3G62499	1.768
AT3G62500	3.6545454545454548
AT3G62510	3.556
AT3G62528	0.5111111111111112
AT3G62530	304.9836363636363
AT3G62540	0.1861111111111111
AT3G62550	142.33148148148146
AT3G62560	48.89272727272727
AT3G62570	5.298148148148148
AT3G62580	47.834545454545456
AT3G62590	4.9818181818181815
AT3G62600	85.12727272727273
AT3G62610	1.0999999999999999
AT3G62615	0.35
AT3G62620	6.558181818181818
AT3G62630	34.129629629629626
AT3G62640	91.65789473684211
AT3G62650	127.4074074074074
AT3G62660	42.63636363636363
AT3G62670	0.2333333333333333
AT3G62680	56.935897435897445
AT3G62690	8.332727272727272
AT3G62700	47.96296296296296
AT3G62710	374.3461538461539
AT3G62720	27.672727272727272
AT3G62730	1.3068181818181819
AT3G62740	7.7075471698113205
AT3G62750	52.763636363636365
AT3G62760	5.472222222222222
AT3G62770	29.8
AT3G62780	2.6826923076923075
AT3G62790	108.74545454545455
AT3G62800	15.163636363636364
AT3G62810	33.236363636363635
AT3G62820	24.725454545454546
AT3G62830	50.63636363636363
AT3G62840	156.0818181818182
AT3G62850	0.17777777777777778
AT3G62860	9.981481481481481
AT3G62870	486.8345454545455
AT3G62880	11.072727272727272
AT3G62890	2.2236363636363636
AT3G62900	14.945454545454545
AT3G62910	45.347272727272724
AT3G62920	12.22037037037037
AT3G62930	11.19074074074074
AT3G62940	31.01851851851852
AT3G62950	8.872222222222222
AT3G62960	3.2460000000000004
AT3G62970	16.367272727272727
AT3G62980	66.84545454545454
AT3G62990	0.85
AT3G63000	41.43636363636364
AT3G63010	13.24074074074074
AT3G63020	0.9750000000000001
AT3G63030	22.0
AT3G63040	0.3
AT3G63050	1.8907407407407406
AT3G63052	13.280645161290321
AT3G63060	1.2537037037037035
AT3G63070	21.327272727272728
AT3G63080	48.63636363636363
AT3G63088	2.351063829787234
AT3G63090	8.148148148148149
AT3G63093	0.19230769230769232
AT3G63110	10.30188679245283
AT3G63120	28.925925925925927
AT3G63130	25.30909090909091
AT3G63140	322.39818181818185
AT3G63150	23.545454545454547
AT3G63160	889.6345454545454
AT3G63170	52.0
AT3G63180	16.472727272727273
AT3G63190	181.06181818181818
AT3G63200	41.18363636363636
AT3G63210	30.107407407407408
AT3G63215	0.6666666666666666
AT3G63220	8.563636363636364
AT3G63230	0.6
AT3G63240	7.481481481481482
AT3G63250	21.147272727272725
AT3G63255	0.1
AT3G63260	22.747272727272726
AT3G63270	11.238181818181818
AT3G63280	5.555555555555555
AT3G63290	4.309259259259259
AT3G63300	9.652727272727274
AT3G63310	63.29090909090909
AT3G63320	0.4107142857142857
AT3G63340	18.618181818181817
AT3G63350	0.8941176470588236
AT3G63360	0.85
AT3G63370	5.5600000000000005
AT3G63375	7.235294117647059
AT3G63380	12.592592592592593
AT3G63390	23.927272727272726
AT3G63400	37.33090909090909
AT3G63410	408.9472727272727
AT3G63420	26.37037037037037
AT3G63430	4.779245283018867
AT3G63440	0.25
AT3G63445	1.658490566037736
AT3G63450	8.820370370370371
AT3G63460	80.34545454545454
AT3G63470	5.087272727272728
AT3G63480	3.5777777777777775
AT3G63490	440.27454545454543
AT3G63500	36.127272727272725
AT3G63510	24.27777777777778
AT3G63520	203.12727272727273
AT3G63530	11.365454545454545
AT3G63540	199.5818181818182
AT3G66652	5.076363636363636
AT3G66654	32.10909090909091
AT3G66656	0.4571428571428572
AT3G66658	17.741818181818182
AT4G00005	0.7
AT4G00020	5.12
AT4G00026	23.618181818181817
AT4G00030	52.29090909090909
AT4G00040	36.167272727272724
AT4G00050	21.97735849056604
AT4G00060	12.047272727272727
AT4G00070	1.906122448979592
AT4G00080	19.854285714285712
AT4G00085	1.02
AT4G00090	25.09090909090909
AT4G00100	348.09090909090907
AT4G00110	14.007272727272726
AT4G00120	2.3857142857142857
AT4G00130	0.8071428571428572
AT4G00140	0.375
AT4G00150	20.61111111111111
AT4G00155	0.36153846153846153
AT4G00160	0.4875
AT4G00163	0.325
AT4G00165	3.5571428571428574
AT4G00170	19.4
AT4G00180	36.55490196078431
AT4G00190	0.4125
AT4G00200	4.9111111111111105
AT4G00210	0.5155555555555557
AT4G00220	1.4538461538461538
AT4G00230	11.854545454545455
AT4G00231	12.50909090909091
AT4G00232	1.06
AT4G00234	0.74
AT4G00238	21.09272727272727
AT4G00240	2.8836363636363633
AT4G00250	0.5282608695652175
AT4G00260	0.16666666666666666
AT4G00270	31.75925925925926
AT4G00280	0.3888888888888889
AT4G00290	13.25925925925926
AT4G00295	0.45
AT4G00300	56.30909090909091
AT4G00305	1.5702127659574467
AT4G00310	6.4381818181818184
AT4G00315	0.4
AT4G00320	0.2
AT4G00330	56.55555555555556
AT4G00335	13.527272727272727
AT4G00340	25.88888888888889
AT4G00342	0.3
AT4G00350	47.11666666666667
AT4G00355	42.336363636363636
AT4G00360	58.333333333333336
AT4G00370	68.04363636363637
AT4G00380	6.652727272727272
AT4G00390	1.0819999999999999
AT4G00400	38.074074074074076
AT4G00416	0.5142857142857143
AT4G00420	17.14727272727273
AT4G00430	213.63818181818183
AT4G00440	19.072727272727274
AT4G00450	15.4
AT4G00460	2.9264150943396223
AT4G00467	0.75
AT4G00480	8.912962962962963
AT4G00490	30.69272727272727
AT4G00500	12.425925925925926
AT4G00520	12.87037037037037
AT4G00525	4.988888888888888
AT4G00530	14.321818181818182
AT4G00540	0.1625
AT4G00550	12.781818181818181
AT4G00560	24.70909090909091
AT4G00570	67.14545454545454
AT4G00580	0.22916666666666666
AT4G00585	118.0
AT4G00590	7.527272727272727
AT4G00600	0.2
AT4G00610	0.4166666666666667
AT4G00620	20.09259259259259
AT4G00630	30.40181818181818
AT4G00650	5.2290909090909095
AT4G00651	0.6608695652173913
AT4G00660	28.327272727272728
AT4G00670	8.912727272727272
AT4G00680	5.175471698113209
AT4G00690	1.8818181818181818
AT4G00695	0.6625
AT4G00700	7.405454545454545
AT4G00710	39.32727272727273
AT4G00720	65.03636363636363
AT4G00730	39.54727272727273
AT4G00740	31.987272727272728
AT4G00750	21.037037037037038
AT4G00752	17.10909090909091
AT4G00755	19.69090909090909
AT4G00760	6.12962962962963
AT4G00770	0.22580645161290322
AT4G00780	89.06296296296296
AT4G00800	18.223636363636363
AT4G00810	224.1090909090909
AT4G00820	15.018518518518519
AT4G00830	47.527272727272724
AT4G00840	14.39090909090909
AT4G00850	5.472727272727273
AT4G00860	173.61818181818182
AT4G00870	7.778723404255319
AT4G00872	0.38571428571428573
AT4G00880	6.4222222222222225
AT4G00885	0.26666666666666666
AT4G00890	0.7529411764705883
AT4G00893	0.39062500000000006
AT4G00895	161.9090909090909
AT4G00900	16.805454545454545
AT4G00910	4.223809523809523
AT4G00920	0.7722222222222223
AT4G00925	0.4
AT4G00930	5.794545454545454
AT4G00940	4.849056603773585
AT4G00950	17.394444444444442
AT4G00953	0.26
AT4G00955	5.389090909090909
AT4G00960	0.958
AT4G00970	8.292307692307691
AT4G00975	1.764102564102564
AT4G00980	2.440740740740741
AT4G00985	1.4333333333333331
AT4G00990	16.536363636363635
AT4G01000	76.87272727272727
AT4G01010	5.377777777777777
AT4G01020	4.233333333333333
AT4G01023	0.29090909090909095
AT4G01026	13.88888888888889
AT4G01030	2.766666666666666
AT4G01037	39.27454545454545
AT4G01040	25.272727272727273
AT4G01050	345.3872727272727
AT4G01060	8.12962962962963
AT4G01070	82.54545454545455
AT4G01080	20.436363636363637
AT4G01090	15.722222222222221
AT4G01100	98.69090909090909
AT4G01110	3.1711538461538464
AT4G01120	28.8
AT4G01130	10.031481481481482
AT4G01140	2.8000000000000003
AT4G01150	1116.84
AT4G01160	0.2571428571428571
AT4G01170	0.3
AT4G01180	0.14285714285714285
AT4G01190	0.6269230769230769
AT4G01200	3.6545454545454548
AT4G01210	24.35185185185185
AT4G01220	9.054545454545455
AT4G01230	1.269811320754717
AT4G01240	2.126666666666667
AT4G01245	0.3
AT4G01250	11.147272727272728
AT4G01260	0.45
AT4G01270	3.3200000000000003
AT4G01280	11.074545454545454
AT4G01290	48.018181818181816
AT4G01310	441.4259259259259
AT4G01320	43.150909090909096
AT4G01330	33.74727272727272
AT4G01335	1.4156862745098042
AT4G01340	0.2708333333333333
AT4G01350	5.466666666666667
AT4G01360	4.201923076923077
AT4G01370	31.712727272727275
AT4G01390	18.311999999999998
AT4G01395	40.236363636363635
AT4G01400	2.8236363636363637
AT4G01410	14.777777777777779
AT4G01420	2.8083333333333336
AT4G01430	8.114814814814814
AT4G01435	0.3621621621621622
AT4G01440	8.296296296296296
AT4G01450	25.6037037037037
AT4G01460	11.31111111111111
AT4G01470	17.227272727272727
AT4G01480	55.70909090909091
AT4G01500	0.6895833333333333
AT4G01510	5.277777777777778
AT4G01520	0.25
AT4G01533	0.6230769230769231
AT4G01535	0.9125000000000001
AT4G01540	5.370909090909092
AT4G01550	10.146296296296295
AT4G01560	37.458181818181814
AT4G01570	10.68
AT4G01580	11.655555555555557
AT4G01590	44.667272727272724
AT4G01593	7.419999999999999
AT4G01595	0.1
AT4G01600	6.867272727272728
AT4G01610	137.67636363636365
AT4G01630	18.902272727272727
AT4G01640	0.4
AT4G01650	11.74074074074074
AT4G01660	22.072727272727274
AT4G01670	4.883333333333334
AT4G01671	0.2
AT4G01680	6.192592592592592
AT4G01690	116.03636363636363
AT4G01700	16.425925925925927
AT4G01710	12.8
AT4G01720	11.765454545454546
AT4G01730	10.875925925925925
AT4G01735	0.5576923076923077
AT4G01740	3.7132075471698114
AT4G01750	13.75769230769231
AT4G01760	0.38148148148148153
AT4G01770	2.8771428571428572
AT4G01780	0.18666666666666665
AT4G01790	7.110909090909091
AT4G01800	82.51272727272728
AT4G01810	26.130909090909093
AT4G01820	0.22820512820512823
AT4G01830	0.6421052631578948
AT4G01840	7.814814814814815
AT4G01850	373.6363636363636
AT4G01860	11.003636363636364
AT4G01865	1.7600000000000002
AT4G01870	48.349090909090904
AT4G01880	12.783636363636363
AT4G01883	28.756363636363634
AT4G01890	0.632
AT4G01895	7.468518518518518
AT4G01897	22.314545454545453
AT4G01900	61.07272727272727
AT4G01910	3.3345454545454545
AT4G01915	9.098181818181818
AT4G01920	2.9592592592592593
AT4G01925	2.0622222222222226
AT4G01930	0.4791666666666667
AT4G01935	14.30185185185185
AT4G01940	61.61818181818182
AT4G01950	31.462962962962962
AT4G01960	20.963636363636365
AT4G01970	0.7871794871794872
AT4G01985	1.0146341463414634
AT4G01990	6.6018181818181825
AT4G01995	25.436363636363637
AT4G02000	0.94
AT4G02005	3.0927272727272728
AT4G02010	19.09272727272727
AT4G02020	21.314545454545453
AT4G02030	19.49818181818182
AT4G02040	0.23750000000000004
AT4G02050	19.75090909090909
AT4G02055	102.75
AT4G02060	21.4
AT4G02070	6.289090909090909
AT4G02075	8.66851851851852
AT4G02080	129.12727272727273
AT4G02090	10.078723404255319
AT4G02100	12.183636363636364
AT4G02110	4.943636363636363
AT4G02120	33.763636363636365
AT4G02130	26.333333333333332
AT4G02140	1.075925925925926
AT4G02150	28.836363636363636
AT4G02160	0.509090909090909
AT4G02170	0.8945945945945947
AT4G02180	0.6772727272727272
AT4G02190	0.3333333333333333
AT4G02195	12.218181818181819
AT4G02200	9.458181818181819
AT4G02210	6.296296296296297
AT4G02220	17.24074074074074
AT4G02230	210.05454545454546
AT4G02235	0.4
AT4G02250	861.3181818181816
AT4G02260	41.32545454545455
AT4G02270	44.126666666666665
AT4G02280	7.334545454545454
AT4G02290	54.486792452830194
AT4G02300	0.3
AT4G02310	0.24999999999999997
AT4G02320	0.34888888888888886
AT4G02330	15.5
AT4G02340	45.67818181818182
AT4G02350	30.256363636363634
AT4G02360	5.020754716981132
AT4G02370	63.08
AT4G02380	386.2181818181818
AT4G02390	5.745454545454545
AT4G02400	24.492727272727272
AT4G02405	18.185185185185187
AT4G02410	15.62962962962963
AT4G02420	10.512962962962964
AT4G02425	6.456363636363637
AT4G02430	14.176363636363638
AT4G02440	31.003636363636364
AT4G02450	197.10181818181817
AT4G02460	5.1872727272727275
AT4G02465	0.39999999999999997
AT4G02480	96.43636363636364
AT4G02482	3.0166666666666666
AT4G02485	6.792727272727273
AT4G02500	78.98181818181818
AT4G02510	91.58181818181818
AT4G02520	21.50925925925926
AT4G02530	235.3109090909091
AT4G02540	20.64814814814815
AT4G02541	0.7
AT4G02550	10.587272727272726
AT4G02555	5.878947368421053
AT4G02560	16.487272727272728
AT4G02570	116.32727272727273
AT4G02580	153.87272727272727
AT4G02590	46.48148148148148
AT4G02600	25.072727272727274
AT4G02610	20.694545454545455
AT4G02620	148.0909090909091
AT4G02630	17.859259259259257
AT4G02640	38.90909090909091
AT4G02650	35.836666666666666
AT4G02655	1.7133333333333334
AT4G02660	1.3814814814814815
AT4G02670	0.8217391304347825
AT4G02680	29.574074074074073
AT4G02690	0.21034482758620687
AT4G02700	2.9862745098039216
AT4G02710	8.855555555555556
AT4G02715	38.648148148148145
AT4G02725	17.51090909090909
AT4G02730	6.781818181818182
AT4G02733	0.42499999999999993
AT4G02735	0.26000000000000006
AT4G02740	18.6
AT4G02750	2.8870370370370373
AT4G02760	4.944444444444445
AT4G02770	2179.8518518518517
AT4G02780	0.45416666666666666
AT4G02790	60.238181818181815
AT4G02800	21.496296296296297
AT4G02810	2.867307692307693
AT4G02820	12.405454545454544
AT4G02830	3.599999999999999
AT4G02840	63.888888888888886
AT4G02850	18.522641509433964
AT4G02860	35.2962962962963
AT4G02870	0.4
AT4G02880	15.927272727272728
AT4G02890	203.61818181818182
AT4G02900	5.632727272727272
AT4G02910	0.5666666666666667
AT4G02920	134.1818181818182
AT4G02930	92.17454545454547
AT4G02940	48.985454545454544
AT4G02950	0.17
AT4G02970	86.10909090909091
AT4G02980	20.80727272727273
AT4G02990	39.04727272727273
AT4G03000	15.454545454545455
AT4G03010	4.941509433962263
AT4G03020	53.127272727272725
AT4G03030	40.07272727272727
AT4G03038	1.0999999999999999
AT4G03040	0.4
AT4G03050	0.4625
AT4G03070	9.69074074074074
AT4G03080	36.407407407407405
AT4G03090	8.583636363636364
AT4G03100	15.827272727272728
AT4G03110	34.27272727272727
AT4G03115	4.807272727272727
AT4G03120	23.12909090909091
AT4G03130	0.6274509803921569
AT4G03135	0.9
AT4G03140	0.7886792452830189
AT4G03150	28.296296296296298
AT4G03153	0.4
AT4G03156	1.2
AT4G03157	0.4
AT4G03160	0.7
AT4G03165	0.7
AT4G03170	0.1
AT4G03175	0.4413793103448275
AT4G03180	20.256363636363634
AT4G03190	23.074074074074073
AT4G03200	27.225454545454546
AT4G03205	18.883333333333333
AT4G03210	227.34727272727272
AT4G03220	0.18888888888888888
AT4G03230	5.779999999999999
AT4G03240	21.490909090909092
AT4G03250	6.992727272727273
AT4G03260	55.763636363636365
AT4G03270	3.965454545454546
AT4G03280	1318.4074074074074
AT4G03285	0.5
AT4G03290	306.72
AT4G03292	1.3022727272727272
AT4G03295	15.839285714285714
AT4G03298	0.3153846153846154
AT4G03320	9.94909090909091
AT4G03330	1.9607843137254901
AT4G03340	2.1203703703703702
AT4G03350	0.5
AT4G03360	0.43333333333333335
AT4G03370	0.6
AT4G03380	0.8
AT4G03390	30.37037037037037
AT4G03400	21.345454545454544
AT4G03410	13.494545454545456
AT4G03415	28.814545454545453
AT4G03420	30.8
AT4G03430	25.70909090909091
AT4G03438	0.3142857142857142
AT4G03440	2.583636363636364
AT4G03443	4.038461538461538
AT4G03445	3.011764705882353
AT4G03450	7.924137931034482
AT4G03455	11.5
AT4G03460	0.7851063829787234
AT4G03470	0.272
AT4G03480	0.44999999999999996
AT4G03490	0.6132075471698113
AT4G03495	0.26666666666666666
AT4G03500	1.4653061224489798
AT4G03505	0.28750000000000003
AT4G03510	13.67090909090909
AT4G03520	343.91999999999996
AT4G03540	3.1102564102564103
AT4G03545	0.6
AT4G03550	22.745454545454546
AT4G03560	78.43636363636364
AT4G03565	0.24705882352941172
AT4G03566	0.6
AT4G03570	0.7
AT4G03580	1.0374999999999999
AT4G03590	0.5
AT4G03595	1.1624999999999999
AT4G03600	2.2462962962962965
AT4G03605	0.6833333333333332
AT4G03610	2.1923076923076925
AT4G03620	4.4399999999999995
AT4G03630	0.44999999999999996
AT4G03635	6.5636363636363635
AT4G03645	0.2
AT4G03655	0.3
AT4G03705	0.9708333333333333
AT4G03725	0.41707317073170735
AT4G03728	0.7
AT4G03740	0.8
AT4G03755	0.5391304347826086
AT4G03765	0.2
AT4G03805	0.25
AT4G03811	0.6452380952380952
AT4G03820	10.927272727272728
AT4G03830	0.9
AT4G03845	1.0184210526315791
AT4G03875	2.0947368421052635
AT4G03895	0.1
AT4G03905	1.0178571428571428
AT4G03925	1.5086956521739132
AT4G03930	0.5145833333333334
AT4G03935	10.686792452830188
AT4G03940	2.564814814814815
AT4G03945	0.325
AT4G03950	0.3
AT4G03960	10.06181818181818
AT4G03965	1.156
AT4G04005	1.197872340425532
AT4G04015	0.9444444444444444
AT4G04020	172.36545454545455
AT4G04025	0.968
AT4G04030	0.14
AT4G04035	0.3433333333333334
AT4G04040	61.03703703703704
AT4G04055	0.1
AT4G04075	1.6951219512195121
AT4G04077	92.90769230769232
AT4G04080	4.316666666666667
AT4G04085	0.25
AT4G04090	0.275
AT4G04095	0.35
AT4G04110	0.5
AT4G04115	0.22500000000000003
AT4G04135	0.925
AT4G04180	4.675925925925926
AT4G04190	6.349090909090909
AT4G04200	27.472727272727273
AT4G04205	39.53333333333333
AT4G04210	43.474545454545456
AT4G04215	0.5
AT4G04220	0.1
AT4G04221	0.13076923076923078
AT4G04223	4.963461538461539
AT4G04225	0.9020408163265307
AT4G04235	0.30000000000000004
AT4G04260	0.2888888888888889
AT4G04265	0.9
AT4G04305	0.3
AT4G04315	3.025
AT4G04320	22.363636363636363
AT4G04325	0.4
AT4G04330	67.65454545454546
AT4G04340	70.83454545454546
AT4G04350	33.851851851851855
AT4G04355	0.39999999999999997
AT4G04360	8.123636363636363
AT4G04370	5.55925925925926
AT4G04385	0.5
AT4G04402	0.39999999999999997
AT4G04404	0.7
AT4G04415	0.43636363636363634
AT4G04423	0.43548387096774194
AT4G04425	0.5750000000000001
AT4G04435	1.3673076923076921
AT4G04445	0.9888888888888889
AT4G04450	1.9351851851851851
AT4G04460	12.194444444444445
AT4G04465	17.115
AT4G04470	19.114545454545453
AT4G04475	4.442857142857143
AT4G04480	0.23000000000000004
AT4G04485	64.74583333333334
AT4G04490	3.645283018867924
AT4G04500	2.7962962962962963
AT4G04510	0.7259259259259259
AT4G04535	0.2222222222222222
AT4G04540	1.1275862068965519
AT4G04555	0.30000000000000004
AT4G04565	10.712244897959186
AT4G04570	21.566666666666666
AT4G04580	0.3727272727272727
AT4G04585	0.1
AT4G04601	0.475
AT4G04605	0.24285714285714288
AT4G04610	87.69090909090909
AT4G04614	23.84181818181818
AT4G04615	17.557894736842105
AT4G04620	25.345454545454544
AT4G04625	0.6
AT4G04630	11.498148148148148
AT4G04632	0.4
AT4G04640	934.3654545454546
AT4G04645	0.575
AT4G04650	0.65
AT4G04670	6.483333333333333
AT4G04675	0.5516129032258065
AT4G04680	0.319047619047619
AT4G04690	0.3
AT4G04695	8.444444444444445
AT4G04700	6.4818181818181815
AT4G04710	0.47111111111111115
AT4G04720	36.0
AT4G04730	0.4000000000000001
AT4G04740	11.523636363636363
AT4G04745	15.907547169811322
AT4G04750	10.277777777777779
AT4G04760	0.6901960784313724
AT4G04770	101.27272727272727
AT4G04780	21.367272727272727
AT4G04785	0.6
AT4G04790	3.5574074074074074
AT4G04800	37.58181818181818
AT4G04805	0.15000000000000002
AT4G04810	7.332692307692307
AT4G04815	0.4
AT4G04830	91.78181818181818
AT4G04835	1.2818181818181817
AT4G04840	65.14807692307691
AT4G04850	35.477777777777774
AT4G04855	1.6375
AT4G04860	19.98181818181818
AT4G04865	0.865
AT4G04870	12.056363636363637
AT4G04875	0.625
AT4G04880	12.38888888888889
AT4G04885	17.636363636363637
AT4G04890	47.7462962962963
AT4G04895	0.4052631578947369
AT4G04900	1.1660000000000001
AT4G04905	0.6
AT4G04910	42.21818181818182
AT4G04920	14.181818181818182
AT4G04925	20.99818181818182
AT4G04930	56.339285714285715
AT4G04940	9.6
AT4G04945	0.25
AT4G04950	35.82
AT4G04955	22.70181818181818
AT4G04957	1.0
AT4G04960	12.777777777777779
AT4G04965	0.4666666666666666
AT4G04970	11.148148148148149
AT4G04972	0.8387096774193549
AT4G04975	0.19999999999999998
AT4G04980	15.13
AT4G04985	0.2
AT4G04990	11.441666666666666
AT4G04995	0.9149999999999998
AT4G05000	13.940000000000001
AT4G05005	9.175
AT4G05010	10.851851851851851
AT4G05015	0.5750000000000001
AT4G05018	0.38181818181818183
AT4G05020	24.525454545454547
AT4G05025	0.575
AT4G05030	0.49687499999999996
AT4G05040	7.970909090909091
AT4G05048	1.0999999999999999
AT4G05050	513.709090909091
AT4G05055	0.65
AT4G05060	15.833333333333334
AT4G05070	160.20363636363638
AT4G05071	1.7944444444444443
AT4G05075	0.6
AT4G05080	0.3
AT4G05085	0.42000000000000004
AT4G05090	21.0
AT4G05091	0.6380952380952382
AT4G05095	0.43529411764705883
AT4G05097	0.45
AT4G05100	6.242592592592593
AT4G05105	1.3545454545454545
AT4G05110	2.060377358490566
AT4G05120	13.038181818181819
AT4G05130	1.1019607843137256
AT4G05135	0.5666666666666667
AT4G05140	0.39999999999999997
AT4G05150	109.93636363636364
AT4G05155	0.9947368421052633
AT4G05160	36.66909090909091
AT4G05170	2.125581395348837
AT4G05180	1743.0563636363638
AT4G05190	12.265454545454546
AT4G05200	9.828571428571427
AT4G05205	0.1
AT4G05210	0.9381818181818182
AT4G05215	0.6599999999999999
AT4G05230	0.23333333333333336
AT4G05235	0.1
AT4G05240	0.5
AT4G05245	0.4
AT4G05250	0.3
AT4G05255	0.5
AT4G05260	0.1
AT4G05270	0.2333333333333333
AT4G05275	0.7571428571428571
AT4G05295	0.3857142857142857
AT4G05305	0.6
AT4G05310	0.45
AT4G05315	0.4923076923076923
AT4G05320	1202.6909090909091
AT4G05330	30.727272727272727
AT4G05335	0.36296296296296293
AT4G05340	0.3666666666666667
AT4G05350	0.23333333333333336
AT4G05355	0.1
AT4G05360	0.7
AT4G05365	0.5444444444444445
AT4G05380	0.4972222222222223
AT4G05390	34.47636363636364
AT4G05400	26.456363636363633
AT4G05405	0.28620689655172415
AT4G05410	19.537037037037038
AT4G05420	36.86363636363637
AT4G05425	0.5466666666666666
AT4G05430	0.9018867924528301
AT4G05435	0.44999999999999996
AT4G05440	12.272727272727273
AT4G05445	0.3666666666666667
AT4G05450	10.489090909090908
AT4G05460	12.618181818181819
AT4G05465	0.3
AT4G05470	0.35652173913043483
AT4G05475	0.3238095238095238
AT4G05485	0.3
AT4G05490	0.15555555555555556
AT4G05497	0.7115384615384616
AT4G05520	14.872727272727273
AT4G05523	0.275
AT4G05525	0.9846153846153847
AT4G05530	48.38181818181818
AT4G05535	0.41250000000000003
AT4G05540	0.3631578947368421
AT4G05553	0.2
AT4G05555	1.0
AT4G05565	0.39999999999999997
AT4G05590	13.518518518518519
AT4G05605	0.2
AT4G05612	2.0
AT4G05615	0.2333333333333333
AT4G05620	0.1
AT4G05625	0.4
AT4G05630	0.46666666666666673
AT4G05631	9.58
AT4G05632	0.3
AT4G05645	0.2
AT4G05650	1.2347826086956522
AT4G05655	0.75
AT4G05660	25.8
AT4G05665	1.0
AT4G05670	0.2
AT4G05685	3.7196078431372546
AT4G05690	1.3514285714285716
AT4G05695	0.5
AT4G05700	0.6166666666666666
AT4G05705	0.35
AT4G05710	0.4
AT4G05715	0.325
AT4G05720	0.6
AT4G05730	0.2
AT4G05740	0.45
AT4G05745	0.24
AT4G05750	0.5
AT4G05755	0.1142857142857143
AT4G05760	0.95
AT4G05775	0.30999999999999994
AT4G05780	0.43636363636363634
AT4G05785	1.3972222222222221
AT4G05790	0.1
AT4G05800	1.35
AT4G05805	0.7
AT4G05810	0.38
AT4G05840	1.2884615384615385
AT4G05845	0.5599999999999999
AT4G05855	0.7666666666666666
AT4G05875	0.4
AT4G05880	0.6
AT4G05890	0.42857142857142855
AT4G05895	0.35
AT4G05900	0.3888888888888889
AT4G05905	0.6
AT4G05915	0.3875
AT4G05920	0.23333333333333336
AT4G05925	2.0
AT4G05930	0.975
AT4G05950	0.6666666666666666
AT4G05965	26.0
AT4G05970	3.3333333333333335
AT4G05980	0.5
AT4G05985	0.65
AT4G05990	0.16666666666666666
AT4G05995	0.4375
AT4G06000	0.25
AT4G06005	0.9333333333333335
AT4G06010	11.038888888888888
AT4G06015	19.619999999999997
AT4G06045	0.1
AT4G06050	0.4
AT4G06055	0.3333333333333333
AT4G06060	3.735416666666667
AT4G06065	1.2545454545454544
AT4G06070	0.6
AT4G06075	12.860000000000001
AT4G06080	2.3063829787234043
AT4G06085	0.2588235294117647
AT4G06090	0.4
AT4G06095	0.75
AT4G06115	5.488095238095238
AT4G06140	0.26
AT4G06155	0.3333333333333333
AT4G06160	0.3076923076923077
AT4G06165	0.4
AT4G06195	7.514545454545454
AT4G06200	0.25
AT4G06205	0.5
AT4G06215	0.7333333333333334
AT4G06225	0.6028571428571429
AT4G06235	0.45499999999999996
AT4G06250	2.1
AT4G06255	3.772727272727273
AT4G06260	0.9
AT4G06265	0.61875
AT4G06280	0.325
AT4G06285	0.1
AT4G06290	0.3
AT4G06295	0.2
AT4G06305	7.943589743589744
AT4G06310	12.684615384615386
AT4G06315	3.15
AT4G06320	4.575
AT4G06330	0.38749999999999996
AT4G06340	0.42173913043478267
AT4G06345	0.9
AT4G06365	0.1
AT4G06370	0.3
AT4G06375	10.003125
AT4G06380	0.375
AT4G06385	0.1
AT4G06395	0.4708333333333334
AT4G06405	0.9
AT4G06410	1.076470588235294
AT4G06440	0.65
AT4G06445	2.0
AT4G06450	1.0
AT4G06455	0.6
AT4G06479	0.6
AT4G06490	0.3
AT4G06526	1.0
AT4G06534	3.4925925925925925
AT4G06536	4.628301886792452
AT4G06583	0.9
AT4G06598	9.10909090909091
AT4G06599	31.672727272727272
AT4G06634	16.37636363636364
AT4G06639	0.7
AT4G06643	0.22499999999999998
AT4G06655	0.4
AT4G06675	0.4000000000000001
AT4G06676	9.538181818181819
AT4G06688	0.375
AT4G06695	1.0095238095238095
AT4G06701	8.074074074074074
AT4G06715	0.1
AT4G06744	20.32037037037037
AT4G06746	8.401923076923076
AT4G06755	0.4666666666666666
AT4G06760	0.1
AT4G06765	0.3
AT4G06770	1.1222222222222222
AT4G06775	2.044230769230769
AT4G06780	0.1
AT4G06795	3.2909090909090906
AT4G06800	0.1
AT4G06810	0.18571428571428575
AT4G06815	0.5
AT4G06820	0.9444444444444444
AT4G06825	0.4
AT4G06835	1.8888888888888888
AT4G06845	0.2
AT4G06850	0.2333333333333333
AT4G06855	0.32500000000000007
AT4G06860	0.22499999999999998
AT4G06880	5.972222222222222
AT4G06890	0.2
AT4G06895	0.2
AT4G06900	0.2
AT4G06905	0.390909090909091
AT4G06910	0.375
AT4G06915	0.25
AT4G06920	0.2333333333333333
AT4G06925	0.4
AT4G06935	0.5321428571428571
AT4G06945	6.8375
AT4G06955	1.3113636363636365
AT4G06965	0.16666666666666666
AT4G06970	0.2333333333333333
AT4G06975	0.20000000000000004
AT4G06980	4.392307692307693
AT4G06995	0.22500000000000003
AT4G07000	1.0
AT4G07010	0.2
AT4G07015	0.4000000000000001
AT4G07020	0.28
AT4G07025	0.5333333333333333
AT4G07040	0.5
AT4G07050	0.24000000000000005
AT4G07055	0.225
AT4G07065	0.4428571428571429
AT4G07070	2.466666666666667
AT4G07080	0.82
AT4G07085	0.3
AT4G07090	0.43333333333333335
AT4G07095	1.0
AT4G07105	0.32222222222222224
AT4G07110	0.2
AT4G07115	0.2
AT4G07125	0.3
AT4G07135	3.283333333333333
AT4G07145	0.65
AT4G07170	3.6181818181818177
AT4G07175	0.26666666666666666
AT4G07190	0.29473684210526313
AT4G07195	2.268085106382979
AT4G07200	0.5137931034482759
AT4G07205	2.568
AT4G07210	0.6733333333333335
AT4G07215	0.2
AT4G07230	0.30000000000000004
AT4G07235	0.2222222222222222
AT4G07245	0.19999999999999998
AT4G07250	0.9666666666666667
AT4G07265	0.2
AT4G07280	0.25
AT4G07290	0.7714285714285716
AT4G07295	0.4
AT4G07305	0.7
AT4G07325	0.2
AT4G07335	0.2
AT4G07350	0.6
AT4G07365	3.521276595744681
AT4G07375	0.2
AT4G07380	0.6
AT4G07385	0.3388888888888889
AT4G07390	43.41818181818182
AT4G07395	0.8416666666666667
AT4G07400	4.944444444444445
AT4G07410	33.11090909090909
AT4G07445	1.0
AT4G07455	36.31272727272727
AT4G07465	0.41428571428571426
AT4G07505	0.39999999999999997
AT4G07515	0.25
AT4G07524	1.0
AT4G07526	1.0
AT4G07535	0.25
AT4G07545	0.35714285714285715
AT4G07565	0.3333333333333333
AT4G07575	0.55
AT4G07625	31.136111111111113
AT4G07635	25.14666666666667
AT4G07665	0.4
AT4G07666	0.5
AT4G07670	0.4
AT4G07675	0.10000000000000002
AT4G07715	0.35
AT4G07735	0.6392857142857142
AT4G07740	0.3
AT4G07745	0.6
AT4G07805	0.35
AT4G07815	4.041304347826087
AT4G07820	13.737209302325583
AT4G07825	45.25925925925926
AT4G07835	0.2
AT4G07845	0.5
AT4G07855	0.8256410256410255
AT4G07865	0.2571428571428572
AT4G07868	0.27999999999999997
AT4G07925	0.3333333333333333
AT4G07932	2.0
AT4G07940	0.42894736842105263
AT4G07950	16.02
AT4G07960	18.952727272727273
AT4G07965	0.5
AT4G07975	0.9388888888888888
AT4G07985	0.4
AT4G07990	14.454545454545455
AT4G07995	1.4133333333333333
AT4G08005	0.53
AT4G08025	1.24
AT4G08028	0.7
AT4G08035	24.99636363636364
AT4G08039	0.25
AT4G08040	2.9219999999999997
AT4G08045	0.4444444444444444
AT4G08065	0.2
AT4G08075	0.6
AT4G08085	0.55
AT4G08097	0.9
AT4G08116	1.0
AT4G08125	5.030232558139534
AT4G08140	0.375
AT4G08150	16.333333333333332
AT4G08155	6.365
AT4G08160	4.9148148148148145
AT4G08165	8.2925
AT4G08170	13.127272727272727
AT4G08175	5.404444444444445
AT4G08180	19.563636363636363
AT4G08190	0.45999999999999996
AT4G08205	0.25
AT4G08210	0.8092592592592593
AT4G08215	0.3
AT4G08225	0.7795454545454544
AT4G08230	51.92727272727273
AT4G08235	0.5083333333333333
AT4G08240	15.672727272727272
AT4G08245	0.3058823529411765
AT4G08250	0.920754716981132
AT4G08260	0.4
AT4G08263	0.25
AT4G08265	0.22500000000000003
AT4G08270	0.5
AT4G08280	37.163636363636364
AT4G08290	22.192592592592593
AT4G08295	1.1805555555555556
AT4G08300	14.435849056603773
AT4G08305	2.3815789473684212
AT4G08310	33.32
AT4G08320	14.254545454545454
AT4G08325	5.418749999999999
AT4G08330	11.127272727272727
AT4G08345	0.6
AT4G08350	42.07272727272727
AT4G08355	0.3
AT4G08360	0.9285714285714286
AT4G08365	0.2
AT4G08370	0.1
AT4G08380	0.3
AT4G08385	0.6
AT4G08390	83.82909090909092
AT4G08395	0.325
AT4G08400	12.490909090909092
AT4G08410	17.83448275862069
AT4G08415	0.49230769230769234
AT4G08430	0.2
AT4G08435	0.44999999999999996
AT4G08445	0.4
AT4G08450	0.5333333333333333
AT4G08455	12.814545454545454
AT4G08460	51.90909090909091
AT4G08465	0.3333333333333333
AT4G08470	23.145454545454545
AT4G08475	0.325
AT4G08480	9.777777777777779
AT4G08485	1.0
AT4G08495	0.35
AT4G08500	21.38888888888889
AT4G08505	1.242
AT4G08510	8.090909090909092
AT4G08515	0.3
AT4G08520	92.51818181818182
AT4G08525	0.325
AT4G08530	0.9
AT4G08535	0.3333333333333333
AT4G08540	22.276363636363637
AT4G08545	0.36428571428571427
AT4G08550	0.757142857142857
AT4G08555	16.71851851851852
AT4G08560	0.5
AT4G08565	0.3
AT4G08570	4.472972972972973
AT4G08580	9.510909090909092
AT4G08585	0.8
AT4G08590	5.0
AT4G08593	0.5
AT4G08595	0.475
AT4G08615	5.638888888888889
AT4G08620	1.4093749999999998
AT4G08625	5.633333333333334
AT4G08630	5.3500000000000005
AT4G08640	0.1
AT4G08665	0.46666666666666673
AT4G08670	21.912499999999998
AT4G08685	81.26
AT4G08690	21.85185185185185
AT4G08691	0.43333333333333335
AT4G08700	10.781818181818181
AT4G08705	2.5
AT4G08715	0.2
AT4G08725	0.75
AT4G08730	0.35
AT4G08740	0.39999999999999997
AT4G08755	216.06444444444443
AT4G08760	0.125
AT4G08770	17.383333333333336
AT4G08780	3.7511111111111113
AT4G08785	0.5979166666666665
AT4G08790	9.37037037037037
AT4G08800	0.4000000000000001
AT4G08805	1.4575
AT4G08810	45.836363636363636
AT4G08825	0.40540540540540543
AT4G08835	0.5125
AT4G08840	0.175
AT4G08850	47.41818181818182
AT4G08855	0.3
AT4G08865	0.48333333333333334
AT4G08867	0.26250000000000007
AT4G08868	0.31199999999999994
AT4G08869	0.7222222222222222
AT4G08870	101.18076923076923
AT4G08874	0.6204545454545455
AT4G08875	1.3199999999999998
AT4G08876	1.1
AT4G08878	0.35
AT4G08885	0.45
AT4G08895	0.9
AT4G08900	24.036363636363635
AT4G08910	2.454
AT4G08915	0.8441176470588235
AT4G08920	89.5
AT4G08925	1.1439024390243904
AT4G08930	22.674545454545452
AT4G08940	4.783636363636364
AT4G08950	116.64814814814815
AT4G08955	0.45
AT4G08960	21.98181818181818
AT4G08965	0.3
AT4G08975	0.4
AT4G08980	37.838181818181816
AT4G08990	0.21521739130434783
AT4G09000	354.6181818181818
AT4G09005	0.7266666666666666
AT4G09010	258.2218181818182
AT4G09012	2.661111111111111
AT4G09015	0.22499999999999998
AT4G09020	44.13272727272727
AT4G09030	5.90925925925926
AT4G09040	105.62363636363636
AT4G09060	5.848148148148148
AT4G09065	0.2
AT4G09070	0.30000000000000004
AT4G09075	0.4
AT4G09080	0.8547169811320754
AT4G09090	2.566666666666667
AT4G09100	1.784375
AT4G09105	4.9148148148148145
AT4G09110	1.2125000000000001
AT4G09120	0.2125
AT4G09125	0.3
AT4G09130	0.39142857142857146
AT4G09135	177.15333333333334
AT4G09140	10.112727272727273
AT4G09145	0.4
AT4G09150	35.472727272727276
AT4G09153	2.1285714285714286
AT4G09160	24.333333333333332
AT4G09165	0.25
AT4G09170	0.613953488372093
AT4G09175	0.3
AT4G09180	25.69272727272727
AT4G09190	0.7250000000000001
AT4G09200	0.18571428571428572
AT4G09235	0.1
AT4G09240	1.1288888888888888
AT4G09250	0.1
AT4G09260	0.13333333333333333
AT4G09265	0.35
AT4G09275	0.9354838709677421
AT4G09285	0.75
AT4G09295	0.3
AT4G09300	0.9738095238095238
AT4G09305	0.25
AT4G09315	0.36
AT4G09320	1037.8545454545454
AT4G09335	0.4066666666666668
AT4G09340	18.763636363636362
AT4G09350	24.76538461538462
AT4G09360	0.6
AT4G09365	1.6666666666666667
AT4G09375	2.6439999999999997
AT4G09395	0.5
AT4G09405	3.725581395348837
AT4G09415	0.7205128205128205
AT4G09420	4.279245283018868
AT4G09430	0.152
AT4G09432	0.4392156862745098
AT4G09440	0.15000000000000002
AT4G09445	1.1551724137931034
AT4G09450	0.6
AT4G09460	20.036363636363635
AT4G09462	0.72
AT4G09465	0.8333333333333334
AT4G09466	0.76
AT4G09475	1.7173913043478262
AT4G09485	0.6
AT4G09490	8.66851851851852
AT4G09495	0.3
AT4G09500	8.962962962962964
AT4G09510	19.094545454545454
AT4G09515	0.725
AT4G09520	11.569090909090908
AT4G09525	0.3833333333333333
AT4G09530	2.559090909090909
AT4G09535	0.8181818181818182
AT4G09545	1.975
AT4G09550	14.518518518518519
AT4G09555	0.15000000000000002
AT4G09560	8.444444444444445
AT4G09570	27.836363636363636
AT4G09575	0.6568181818181817
AT4G09580	21.183636363636364
AT4G09585	0.7
AT4G09590	0.1
AT4G09600	0.496
AT4G09605	0.7125
AT4G09610	0.28
AT4G09620	24.254545454545454
AT4G09630	18.94
AT4G09635	0.46666666666666673
AT4G09640	10.222222222222221
AT4G09645	0.36250000000000004
AT4G09647	1.575
AT4G09649	1.4333333333333331
AT4G09650	855.1309090909091
AT4G09655	0.7
AT4G09660	0.2
AT4G09665	0.3
AT4G09670	61.71636363636364
AT4G09675	0.5
AT4G09680	11.974545454545455
AT4G09690	0.1826086956521739
AT4G09705	0.22000000000000003
AT4G09720	40.10909090909091
AT4G09725	0.5
AT4G09730	49.08363636363636
AT4G09731	0.75
AT4G09735	0.475
AT4G09740	0.45
AT4G09750	20.854545454545455
AT4G09755	0.26666666666666666
AT4G09760	39.425925925925924
AT4G09765	0.3666666666666667
AT4G09770	1.9116279069767443
AT4G09775	0.6
AT4G09780	0.34
AT4G09785	2.784313725490196
AT4G09795	0.4
AT4G09800	394.0163636363637
AT4G09810	5.8127272727272725
AT4G09820	1.8590909090909091
AT4G09825	0.3
AT4G09830	90.81818181818181
AT4G09840	1.9754716981132077
AT4G09845	16.43846153846154
AT4G09850	0.35769230769230764
AT4G09855	0.43333333333333335
AT4G09860	1.05
AT4G09865	0.35
AT4G09870	0.22000000000000003
AT4G09880	0.5
AT4G09885	4.45
AT4G09890	46.425925925925924
AT4G09895	0.3
AT4G09900	18.372222222222224
AT4G09905	0.5
AT4G09915	0.39999999999999997
AT4G09920	0.8816326530612244
AT4G09930	0.45
AT4G09940	0.2681818181818182
AT4G09950	6.545454545454546
AT4G09955	0.22999999999999998
AT4G09960	15.788888888888888
AT4G09965	0.55
AT4G09970	13.468518518518518
AT4G09980	15.754545454545454
AT4G09984	16.075
AT4G09985	0.30000000000000004
AT4G09990	9.555555555555555
AT4G09995	0.6
AT4G10000	17.51090909090909
AT4G10010	21.13125
AT4G10020	0.33571428571428574
AT4G10030	21.12727272727273
AT4G10040	45.61818181818182
AT4G10050	15.932727272727272
AT4G10060	46.55185185185186
AT4G10070	13.841818181818182
AT4G10080	77.75272727272727
AT4G10090	10.44909090909091
AT4G10100	29.15818181818182
AT4G10110	21.87037037037037
AT4G10115	21.020000000000003
AT4G10120	34.82592592592592
AT4G10130	7.381818181818182
AT4G10140	19.454545454545453
AT4G10150	3.317777777777778
AT4G10160	0.6795454545454546
AT4G10170	14.518518518518519
AT4G10180	35.43818181818182
AT4G10190	0.4
AT4G10200	0.2421052631578947
AT4G10210	0.5
AT4G10220	0.30000000000000004
AT4G10230	0.1
AT4G10240	2.1923076923076925
AT4G10250	2.2666666666666666
AT4G10260	1.2333333333333334
AT4G10265	1.4476190476190478
AT4G10280	18.583636363636366
AT4G10290	7.699999999999998
AT4G10300	149.09272727272727
AT4G10305	0.5333333333333333
AT4G10310	5.35
AT4G10320	57.236363636363635
AT4G10330	12.169090909090908
AT4G10340	4029.3109090909093
AT4G10345	0.39999999999999997
AT4G10350	2.107142857142857
AT4G10360	27.563636363636363
AT4G10370	1.503030303030303
AT4G10380	14.601818181818182
AT4G10390	5.022222222222223
AT4G10400	4.975925925925925
AT4G10410	0.2846153846153846
AT4G10420	2.9555555555555553
AT4G10430	21.323636363636364
AT4G10440	4.0625
AT4G10450	56.925925925925924
AT4G10457	0.2
AT4G10465	0.3266666666666667
AT4G10470	13.777777777777779
AT4G10480	264.7090909090909
AT4G10490	0.16666666666666666
AT4G10500	11.328846153846152
AT4G10507	3.0307692307692307
AT4G10510	1.7406249999999999
AT4G10520	0.5333333333333333
AT4G10530	0.22142857142857145
AT4G10540	0.3333333333333333
AT4G10550	3.825925925925926
AT4G10560	0.6209302325581395
AT4G10570	9.527272727272727
AT4G10590	9.763636363636364
AT4G10595	13.675
AT4G10600	1.8592592592592594
AT4G10603	7.019999999999999
AT4G10610	45.85818181818181
AT4G10613	0.39999999999999997
AT4G10620	10.638181818181819
AT4G10630	5.947169811320754
AT4G10640	1.1833333333333333
AT4G10650	1.5854545454545452
AT4G10660	14151.6
AT4G10670	0.375
AT4G10680	0.3
AT4G10695	0.5305555555555556
AT4G10700	0.7
AT4G10710	32.72727272727273
AT4G10720	1.378125
AT4G10730	26.456363636363633
AT4G10740	0.27499999999999997
AT4G10750	18.60181818181818
AT4G10760	18.166666666666668
AT4G10767	2.675
AT4G10770	27.01851851851852
AT4G10780	0.17142857142857143
AT4G10790	44.945454545454545
AT4G10800	4.989090909090908
AT4G10810	45.85454545454545
AT4G10820	0.25
AT4G10840	83.82727272727273
AT4G10843	0.6755102040816326
AT4G10850	3.4545454545454546
AT4G10860	0.9294117647058824
AT4G10870	0.3
AT4G10880	0.4
AT4G10890	5.116363636363636
AT4G10895	0.30000000000000004
AT4G10910	0.6228571428571428
AT4G10920	43.36363636363637
AT4G10925	12.690909090909091
AT4G10930	11.225454545454545
AT4G10950	0.30465116279069765
AT4G10955	14.627777777777778
AT4G10960	8.703636363636363
AT4G10970	23.71090909090909
AT4G11000	2.728846153846154
AT4G11010	223.85454545454544
AT4G11020	1.2964285714285713
AT4G11030	3.0545454545454542
AT4G11040	0.22380952380952382
AT4G11050	1.87
AT4G11060	15.765454545454546
AT4G11070	0.35294117647058826
AT4G11080	13.578181818181818
AT4G11090	12.036363636363637
AT4G11100	30.30185185185185
AT4G11110	17.563636363636363
AT4G11120	25.925925925925927
AT4G11130	4.17962962962963
AT4G11140	2.037037037037037
AT4G11150	343.1090909090909
AT4G11160	24.618181818181817
AT4G11170	1.059090909090909
AT4G11175	81.38888888888889
AT4G11177	2.6666666666666665
AT4G11180	0.4
AT4G11190	25.960869565217394
AT4G11210	14.535416666666665
AT4G11211	71.47454545454545
AT4G11213	3.0
AT4G11216	0.5
AT4G11220	53.69090909090909
AT4G11230	0.8846153846153848
AT4G11240	45.28363636363636
AT4G11250	0.21250000000000002
AT4G11260	117.36
AT4G11270	16.472727272727273
AT4G11280	40.63636363636363
AT4G11290	26.565384615384616
AT4G11300	11.25925925925926
AT4G11310	0.42571428571428577
AT4G11320	251.69814814814816
AT4G11330	17.185185185185187
AT4G11340	0.4181818181818182
AT4G11350	1.54
AT4G11360	35.907407407407405
AT4G11370	3.7433962264150944
AT4G11373	1.1
AT4G11380	41.872727272727275
AT4G11385	0.6083333333333334
AT4G11390	0.4368421052631579
AT4G11393	7.408333333333334
AT4G11400	1.0018867924528303
AT4G11402	0.9
AT4G11410	16.944444444444443
AT4G11420	103.18181818181819
AT4G11430	0.3
AT4G11440	3.5685185185185184
AT4G11450	5.47037037037037
AT4G11460	3.1765957446808506
AT4G11470	0.6228571428571428
AT4G11480	0.5299999999999999
AT4G11485	195.175
AT4G11490	0.39999999999999997
AT4G11510	1.55
AT4G11521	3.638461538461539
AT4G11530	4.348148148148148
AT4G11540	0.6399999999999999
AT4G11543	16.63636363636364
AT4G11547	1.6880000000000002
AT4G11550	0.84
AT4G11560	33.61818181818182
AT4G11570	93.72727272727273
AT4G11580	0.1
AT4G11590	0.5272727272727272
AT4G11600	260.4727272727273
AT4G11610	4.903030303030303
AT4G11630	28.796296296296298
AT4G11640	5.768518518518518
AT4G11650	110.94200000000001
AT4G11653	1.56
AT4G11655	1.4272727272727272
AT4G11660	5.918181818181818
AT4G11670	8.201818181818183
AT4G11680	16.745454545454546
AT4G11690	1.5596153846153844
AT4G11700	0.6866666666666666
AT4G11720	0.5021739130434782
AT4G11730	0.2333333333333333
AT4G11740	20.581818181818182
AT4G11745	0.35
AT4G11750	0.1
AT4G11760	209.0125
AT4G11770	0.3
AT4G11780	1.8897959183673472
AT4G11790	36.96363636363636
AT4G11800	15.745454545454546
AT4G11810	2.539473684210526
AT4G11820	54.27272727272727
AT4G11830	24.119999999999997
AT4G11840	9.003636363636364
AT4G11845	6.948148148148148
AT4G11850	25.11090909090909
AT4G11860	20.254545454545454
AT4G11870	0.44999999999999996
AT4G11880	4.89
AT4G11890	11.402040816326531
AT4G11900	8.764705882352942
AT4G11910	5.278181818181817
AT4G11911	1.771875
AT4G11920	7.123636363636364
AT4G11930	0.26
AT4G11940	0.4
AT4G11950	0.676923076923077
AT4G11960	37.05555555555556
AT4G11970	6.636363636363637
AT4G11980	18.57090909090909
AT4G11985	0.3
AT4G11990	2.4207547169811323
AT4G12000	7.3545454545454545
AT4G12005	0.99
AT4G12010	5.652727272727273
AT4G12020	7.66
AT4G12030	26.185185185185187
AT4G12040	42.81818181818182
AT4G12050	4.664285714285714
AT4G12060	82.62545454545455
AT4G12065	1.853846153846154
AT4G12070	15.12962962962963
AT4G12080	14.124074074074075
AT4G12090	4.140384615384615
AT4G12100	0.7000000000000001
AT4G12110	26.78363636363636
AT4G12120	8.17090909090909
AT4G12130	10.181818181818182
AT4G12140	0.2857142857142857
AT4G12150	0.35
AT4G12170	0.6904761904761905
AT4G12190	0.35
AT4G12210	0.13999999999999999
AT4G12220	0.35555555555555557
AT4G12230	40.74545454545454
AT4G12240	4.383636363636364
AT4G12250	11.690909090909091
AT4G12270	2.234375
AT4G12280	0.3333333333333333
AT4G12290	34.92
AT4G12300	14.314814814814815
AT4G12310	17.875925925925927
AT4G12320	35.83725490196078
AT4G12330	4.126530612244898
AT4G12334	0.39999999999999997
AT4G12340	53.56363636363636
AT4G12350	0.8416666666666668
AT4G12360	0.22499999999999998
AT4G12370	0.3032258064516129
AT4G12380	0.3333333333333334
AT4G12382	0.7122448979591838
AT4G12390	21.555555555555557
AT4G12400	13.889090909090909
AT4G12405	0.6
AT4G12410	2.7962962962962963
AT4G12420	123.9109090909091
AT4G12430	7.092727272727273
AT4G12440	0.9895833333333335
AT4G12450	2.252830188679245
AT4G12460	13.498181818181818
AT4G12470	131.3921568627451
AT4G12480	89.16862745098038
AT4G12490	17.48775510204082
AT4G12500	6.8255319148936175
AT4G12510	9.675
AT4G12520	20.789473684210527
AT4G12530	2.6
AT4G12540	2.4814814814814814
AT4G12545	12.95
AT4G12550	23.355882352941176
AT4G12555	0.1
AT4G12560	35.96363636363636
AT4G12570	13.254545454545454
AT4G12580	2.6849056603773587
AT4G12590	73.65454545454546
AT4G12600	119.53703703703704
AT4G12610	22.672727272727272
AT4G12617	0.3
AT4G12620	5.027272727272727
AT4G12640	8.31090909090909
AT4G12650	89.96363636363637
AT4G12670	9.125454545454545
AT4G12680	6.816363636363637
AT4G12690	6.745454545454545
AT4G12700	12.50909090909091
AT4G12710	9.925925925925926
AT4G12720	49.851851851851855
AT4G12730	126.92592592592592
AT4G12731	0.58
AT4G12735	5.38695652173913
AT4G12740	1.4075471698113207
AT4G12750	7.878181818181818
AT4G12760	15.936363636363636
AT4G12770	21.927272727272726
AT4G12780	23.581818181818182
AT4G12790	45.527272727272724
AT4G12800	2782.2054545454544
AT4G12810	0.39999999999999997
AT4G12820	0.20000000000000004
AT4G12825	0.3
AT4G12830	38.461111111111116
AT4G12840	5.183333333333333
AT4G12850	2.1055555555555556
AT4G12870	25.342307692307692
AT4G12880	91.49272727272728
AT4G12890	6.976923076923076
AT4G12900	12.03
AT4G12910	18.59259259259259
AT4G12917	24.64509803921569
AT4G12920	0.325
AT4G12930	1.5666666666666667
AT4G12940	4.961111111111112
AT4G12950	0.375
AT4G12960	164.46666666666664
AT4G12970	23.30392156862745
AT4G12980	31.363636363636363
AT4G12990	5.923636363636364
AT4G13000	1.6254545454545455
AT4G13010	87.25454545454545
AT4G13020	31.763636363636362
AT4G13030	6.909090909090909
AT4G13040	15.61111111111111
AT4G13050	28.563636363636363
AT4G13060	0.7333333333333334
AT4G13070	5.907407407407407
AT4G13075	38.125
AT4G13080	1.75
AT4G13090	0.2857142857142857
AT4G13095	0.9214285714285715
AT4G13100	18.98148148148148
AT4G13110	10.2
AT4G13130	1.3634146341463413
AT4G13150	21.419999999999998
AT4G13170	45.73090909090909
AT4G13180	79.47454545454546
AT4G13190	1.0627450980392157
AT4G13195	4.366666666666666
AT4G13200	77.33090909090909
AT4G13210	2.323529411764706
AT4G13220	44.89272727272727
AT4G13230	20.963157894736838
AT4G13235	9.853846153846153
AT4G13240	20.65
AT4G13245	10.445
AT4G13250	135.98545454545453
AT4G13260	2.2132075471698114
AT4G13261	0.8
AT4G13263	0.8666666666666667
AT4G13265	0.3
AT4G13266	6.540000000000001
AT4G13270	45.41818181818182
AT4G13280	6.6022727272727275
AT4G13290	5.953333333333334
AT4G13300	0.8080000000000002
AT4G13310	2.5074074074074075
AT4G13330	2.888888888888889
AT4G13340	97.20370370370371
AT4G13345	6.25
AT4G13350	53.33090909090909
AT4G13360	45.96
AT4G13370	8.254545454545454
AT4G13380	0.26666666666666666
AT4G13390	37.37435897435898
AT4G13395	16.035999999999998
AT4G13400	6.666666666666667
AT4G13410	3.6639999999999997
AT4G13420	2.520588235294117
AT4G13430	224.3272727272727
AT4G13440	3.4441176470588233
AT4G13445	0.9
AT4G13450	3.871052631578947
AT4G13460	20.145454545454545
AT4G13480	0.42142857142857143
AT4G13490	0.42000000000000004
AT4G13493	53.034615384615385
AT4G13494	8.872727272727273
AT4G13495	262.65636363636366
AT4G13500	117.91111111111111
AT4G13505	0.1838709677419355
AT4G13510	0.11818181818181818
AT4G13520	92.92727272727272
AT4G13530	44.54727272727273
AT4G13540	12.38888888888889
AT4G13550	16.037037037037038
AT4G13554	1.0304347826086957
AT4G13555	2.01
AT4G13560	10.854
AT4G13564	3.65609756097561
AT4G13570	8.014893617021276
AT4G13572	13.52608695652174
AT4G13575	15.04
AT4G13577	4.3500000000000005
AT4G13580	15.654347826086957
AT4G13590	70.83818181818182
AT4G13600	2.0264150943396224
AT4G13610	0.45
AT4G13615	181.94545454545454
AT4G13620	5.23
AT4G13630	12.840000000000002
AT4G13640	32.77777777777778
AT4G13650	2.6370370370370364
AT4G13660	22.104000000000006
AT4G13670	55.05555555555556
AT4G13680	0.7085106382978724
AT4G13690	2.485185185185185
AT4G13700	0.27999999999999997
AT4G13710	7.192727272727273
AT4G13720	34.81481481481482
AT4G13730	21.763636363636362
AT4G13750	3.6709090909090905
AT4G13760	0.39999999999999997
AT4G13770	169.60754716981134
AT4G13780	55.09090909090909
AT4G13790	12.204761904761906
AT4G13800	3.877083333333333
AT4G13810	9.280851063829788
AT4G13820	0.9354166666666665
AT4G13830	50.00363636363636
AT4G13840	63.85636363636363
AT4G13850	172.67636363636365
AT4G13860	10.578846153846154
AT4G13870	5.0218181818181815
AT4G13880	2.2169811320754715
AT4G13885	2.4365384615384618
AT4G13890	2.1674418604651167
AT4G13918	0.19318181818181823
AT4G13930	245.0
AT4G13940	1024.6181818181817
AT4G13950	18.583636363636366
AT4G13955	1.625
AT4G13960	1.7
AT4G13965	0.25
AT4G13968	0.4
AT4G13970	10.2
AT4G13980	14.072727272727272
AT4G13985	0.2
AT4G13990	4.778181818181817
AT4G13992	0.5346153846153846
AT4G14000	13.685185185185185
AT4G14020	36.5
AT4G14030	120.13636363636364
AT4G14040	135.38888888888889
AT4G14050	3.0944444444444446
AT4G14060	15.592105263157896
AT4G14070	44.14909090909091
AT4G14080	2.0818181818181816
AT4G14090	7.738888888888888
AT4G14096	6.62962962962963
AT4G14100	24.254545454545454
AT4G14103	2.025925925925926
AT4G14104	0.4555555555555555
AT4G14105	0.6
AT4G14110	41.27272727272727
AT4G14120	2.9666666666666663
AT4G14130	48.08679245283019
AT4G14140	0.30851063829787234
AT4G14145	21.16
AT4G14147	11.456363636363637
AT4G14150	3.870909090909091
AT4G14160	53.654545454545456
AT4G14165	0.3833333333333333
AT4G14170	2.2481481481481485
AT4G14180	0.39199999999999996
AT4G14190	5.054545454545455
AT4G14200	11.278181818181817
AT4G14210	70.01851851851852
AT4G14220	23.272727272727273
AT4G14225	0.2
AT4G14226	0.8833333333333333
AT4G14230	36.07272727272727
AT4G14240	23.21818181818182
AT4G14245	0.9066666666666666
AT4G14250	0.175
AT4G14260	0.3
AT4G14270	86.61818181818182
AT4G14272	0.3
AT4G14276	3.0833333333333335
AT4G14280	0.46538461538461545
AT4G14290	6.34
AT4G14300	30.836363636363636
AT4G14305	4.281481481481482
AT4G14310	11.463636363636363
AT4G14315	83.7
AT4G14320	276.06363636363636
AT4G14330	10.14181818181818
AT4G14340	20.462962962962962
AT4G14342	51.91272727272727
AT4G14345	0.9
AT4G14350	26.71818181818182
AT4G14360	40.78181818181818
AT4G14365	31.158181818181816
AT4G14368	1.7542857142857147
AT4G14370	3.5176470588235293
AT4G14380	2.037037037037037
AT4G14385	16.10909090909091
AT4G14390	1.576086956521739
AT4G14400	97.70625
AT4G14410	37.03636363636364
AT4G14415	1.46
AT4G14420	96.36363636363636
AT4G14430	54.43636363636364
AT4G14440	56.98148148148148
AT4G14450	1.4340909090909089
AT4G14455	24.618181818181817
AT4G14465	12.509803921568627
AT4G14480	5.6173076923076914
AT4G14490	4.047272727272728
AT4G14500	28.272727272727273
AT4G14504	2.559090909090909
AT4G14510	12.35818181818182
AT4G14520	7.03090909090909
AT4G14530	0.3352941176470589
AT4G14540	51.77777777777778
AT4G14548	4.6000000000000005
AT4G14550	13.519999999999998
AT4G14560	20.074074074074073
AT4G14570	23.929090909090906
AT4G14580	9.485454545454546
AT4G14590	3.066666666666667
AT4G14600	16.2
AT4G14605	14.585454545454546
AT4G14615	58.38181818181818
AT4G14620	16.69272727272727
AT4G14630	18.427083333333332
AT4G14640	1.8905660377358489
AT4G14650	3.353846153846154
AT4G14660	9.648148148148149
AT4G14670	0.2333333333333333
AT4G14675	0.9
AT4G14680	23.221818181818183
AT4G14690	14.725454545454545
AT4G14695	7.151063829787234
AT4G14700	0.6849056603773584
AT4G14710	72.14545454545454
AT4G14713	4.546296296296297
AT4G14716	99.78181818181818
AT4G14720	18.444444444444443
AT4G14723	2.141860465116279
AT4G14730	3.8999999999999995
AT4G14740	15.648148148148149
AT4G14746	19.38888888888889
AT4G14750	12.185185185185185
AT4G14760	14.94074074074074
AT4G14770	10.216363636363637
AT4G14780	3.8159090909090905
AT4G14785	3.6999999999999997
AT4G14790	7.574545454545455
AT4G14800	57.54545454545455
AT4G14805	0.2611111111111111
AT4G14810	33.36
AT4G14811	9.833333333333334
AT4G14815	1.7
AT4G14820	1.8574074074074074
AT4G14830	6.333333333333333
AT4G14840	3.2145454545454544
AT4G14850	3.685454545454545
AT4G14860	1.9547169811320753
AT4G14870	87.22222222222223
AT4G14880	319.8909090909091
AT4G14900	31.462962962962962
AT4G14905	14.054545454545455
AT4G14910	27.01851851851852
AT4G14920	15.436363636363636
AT4G14930	22.254545454545454
AT4G14940	3.4462962962962966
AT4G14950	18.672727272727272
AT4G14960	495.7818181818182
AT4G14965	36.370370370370374
AT4G14970	2.581818181818182
AT4G14980	1.8097560975609757
AT4G14990	24.98148148148148
AT4G15000	554.0545454545454
AT4G15010	15.885454545454547
AT4G15020	15.236363636363636
AT4G15030	11.601818181818182
AT4G15040	0.2636363636363636
AT4G15050	0.2
AT4G15053	0.24000000000000005
AT4G15056	0.23333333333333336
AT4G15060	0.4
AT4G15070	2.6018518518518516
AT4G15075	0.6833333333333333
AT4G15080	22.925925925925927
AT4G15090	11.32909090909091
AT4G15093	23.70909090909091
AT4G15096	0.1
AT4G15100	0.308
AT4G15110	67.74074074074075
AT4G15120	4.562962962962962
AT4G15130	23.98181818181818
AT4G15140	13.909090909090908
AT4G15150	10.008695652173914
AT4G15160	118.04038461538462
AT4G15165	2.7833333333333337
AT4G15180	15.981818181818182
AT4G15200	8.221739130434782
AT4G15210	48.91428571428572
AT4G15215	2.2377358490566035
AT4G15230	3.473584905660377
AT4G15233	2.831481481481481
AT4G15236	0.44680851063829785
AT4G15240	9.13090909090909
AT4G15242	0.5
AT4G15248	10.99387755102041
AT4G15250	2.5875
AT4G15258	2.5421052631578944
AT4G15260	16.492727272727272
AT4G15270	1.544
AT4G15280	0.893478260869565
AT4G15290	4.096666666666667
AT4G15300	1.4710526315789476
AT4G15310	0.4571428571428572
AT4G15320	0.6277777777777778
AT4G15330	6.99
AT4G15340	6.411764705882353
AT4G15350	0.8657142857142859
AT4G15360	1.0833333333333333
AT4G15370	0.5
AT4G15380	3.536363636363636
AT4G15390	74.93488372093024
AT4G15393	18.988235294117647
AT4G15396	2.2305555555555556
AT4G15400	6.003030303030303
AT4G15410	25.69090909090909
AT4G15415	20.563636363636363
AT4G15417	2.1666666666666665
AT4G15420	17.927272727272726
AT4G15430	6.124528301886793
AT4G15440	17.18653846153846
AT4G15450	19.944444444444443
AT4G15460	0.2583333333333333
AT4G15470	178.43636363636364
AT4G15475	17.236363636363638
AT4G15480	3.236538461538461
AT4G15490	29.307407407407407
AT4G15500	6.303703703703705
AT4G15510	26.62962962962963
AT4G15520	17.80181818181818
AT4G15530	61.32727272727273
AT4G15540	29.64814814814815
AT4G15545	252.7962962962963
AT4G15550	44.333333333333336
AT4G15560	246.25925925925927
AT4G15562	0.26666666666666666
AT4G15563	2.3722222222222227
AT4G15570	8.783636363636363
AT4G15610	52.154545454545456
AT4G15620	34.776363636363634
AT4G15630	50.05555555555556
AT4G15640	17.892727272727274
AT4G15650	11.75
AT4G15660	5.090196078431373
AT4G15670	5.536538461538461
AT4G15680	6.886792452830188
AT4G15690	11.44074074074074
AT4G15700	10.434615384615386
AT4G15710	0.40227272727272734
AT4G15715	2.48
AT4G15720	0.5773584905660377
AT4G15730	1.9436363636363638
AT4G15733	0.9
AT4G15735	2.8333333333333335
AT4G15740	2.284375
AT4G15750	25.7125
AT4G15755	0.16666666666666666
AT4G15760	71.16666666666667
AT4G15765	8.335185185185185
AT4G15770	55.833333333333336
AT4G15780	88.27777777777777
AT4G15790	30.456363636363633
AT4G15800	44.79454545454545
AT4G15802	100.36363636363636
AT4G15810	7.57037037037037
AT4G15820	5.735849056603773
AT4G15830	21.46909090909091
AT4G15840	19.618181818181817
AT4G15850	5.718518518518518
AT4G15870	0.5
AT4G15880	23.745454545454546
AT4G15885	0.55
AT4G15890	3.2690909090909095
AT4G15900	61.58
AT4G15910	78.8
AT4G15920	41.833333333333336
AT4G15930	42.129629629629626
AT4G15940	43.56363636363636
AT4G15950	16.433333333333334
AT4G15953	2.511111111111111
AT4G15955	10.64909090909091
AT4G15960	6.37962962962963
AT4G15970	0.2444444444444444
AT4G15975	2.542307692307692
AT4G15980	48.5375
AT4G15990	4.826
AT4G16000	8.116981132075471
AT4G16008	6.439622641509433
AT4G16015	0.21463414634146344
AT4G16024	0.575
AT4G16030	0.30000000000000004
AT4G16040	3.54
AT4G16045	0.4
AT4G16050	0.44761904761904764
AT4G16060	29.138181818181817
AT4G16070	10.545454545454545
AT4G16080	0.3
AT4G16090	0.1375
AT4G16095	0.43333333333333335
AT4G16100	10.272727272727273
AT4G16110	14.927272727272728
AT4G16120	14.833333333333334
AT4G16130	20.214545454545455
AT4G16140	35.148148148148145
AT4G16141	50.74074074074074
AT4G16143	76.81481481481481
AT4G16144	13.272727272727273
AT4G16146	43.0
AT4G16150	38.92727272727273
AT4G16155	74.01818181818182
AT4G16160	1.5950000000000002
AT4G16162	0.3714285714285714
AT4G16165	0.4
AT4G16180	24.405454545454546
AT4G16190	329.9890909090909
AT4G16200	0.3
AT4G16210	24.65090909090909
AT4G16215	0.43333333333333335
AT4G16220	1.313157894736842
AT4G16230	1.3309523809523809
AT4G16233	0.6870967741935484
AT4G16240	15.310416666666669
AT4G16250	8.537037037037036
AT4G16260	99.846
AT4G16265	10.907407407407407
AT4G16270	3.6500000000000004
AT4G16280	9.636363636363637
AT4G16295	0.15000000000000002
AT4G16310	9.4
AT4G16330	17.478181818181817
AT4G16340	22.462962962962962
AT4G16350	3.517307692307692
AT4G16355	0.6425
AT4G16360	40.945454545454545
AT4G16370	97.52909090909091
AT4G16380	74.9074074074074
AT4G16390	42.574074074074076
AT4G16400	2.1203703703703702
AT4G16410	8.49074074074074
AT4G16420	26.745454545454546
AT4G16430	29.69090909090909
AT4G16440	12.463636363636363
AT4G16442	24.537037037037038
AT4G16444	15.49090909090909
AT4G16447	16.090740740740742
AT4G16450	156.63636363636363
AT4G16451	0.7000000000000001
AT4G16460	0.30000000000000004
AT4G16470	4.089090909090909
AT4G16475	1.75
AT4G16480	10.963636363636363
AT4G16490	73.62962962962963
AT4G16500	42.54545454545455
AT4G16510	6.472727272727273
AT4G16515	0.3
AT4G16520	90.07454545454546
AT4G16530	0.15
AT4G16535	0.5543478260869565
AT4G16540	0.9236363636363637
AT4G16545	1.25
AT4G16550	0.13333333333333333
AT4G16555	0.35
AT4G16560	0.23333333333333336
AT4G16563	13.768518518518519
AT4G16566	7.3090909090909095
AT4G16570	4.794545454545454
AT4G16580	19.70909090909091
AT4G16590	14.816129032258063
AT4G16600	1.2387755102040816
AT4G16610	3.4269230769230767
AT4G16620	1.8749999999999998
AT4G16630	25.296296296296298
AT4G16640	2.2037735849056608
AT4G16650	24.294545454545457
AT4G16660	64.61818181818182
AT4G16670	2.8890909090909087
AT4G16680	3.6945454545454544
AT4G16690	17.30925925925926
AT4G16695	21.0
AT4G16700	3.3685185185185182
AT4G16710	22.49818181818182
AT4G16720	555.1818181818181
AT4G16730	2.09
AT4G16740	11.282142857142857
AT4G16745	14.598181818181818
AT4G16748	0.3
AT4G16750	6.320754716981132
AT4G16760	92.98181818181818
AT4G16765	8.129090909090909
AT4G16770	12.666666666666666
AT4G16780	17.87037037037037
AT4G16790	12.851851851851851
AT4G16800	14.294545454545455
AT4G16807	2.3925925925925924
AT4G16810	0.32857142857142857
AT4G16820	0.4355555555555556
AT4G16830	117.22000000000001
AT4G16835	2.8925925925925924
AT4G16840	9.678181818181818
AT4G16845	21.945454545454545
AT4G16850	8.685185185185185
AT4G16855	0.23157894736842108
AT4G16857	4.40566037735849
AT4G16860	27.638181818181817
AT4G16880	22.424
AT4G16890	46.80545454545455
AT4G16892	1.8115384615384613
AT4G16900	8.023636363636363
AT4G16915	0.3
AT4G16920	1.4145454545454546
AT4G16930	0.25
AT4G16940	0.6076923076923078
AT4G16950	22.75090909090909
AT4G16957	9.321818181818182
AT4G16960	2.758181818181818
AT4G16970	4.3109090909090915
AT4G16980	3.9025
AT4G16990	74.70185185185184
AT4G17000	7.133333333333333
AT4G17010	17.69090909090909
AT4G17020	10.72909090909091
AT4G17030	16.76851851851852
AT4G17040	161.9709090909091
AT4G17050	59.666666666666664
AT4G17060	18.072727272727274
AT4G17070	21.563636363636363
AT4G17080	19.79272727272727
AT4G17085	20.854545454545455
AT4G17090	220.76363636363635
AT4G17098	0.4416666666666667
AT4G17100	12.116363636363635
AT4G17140	16.567272727272726
AT4G17150	18.59259259259259
AT4G17160	0.7705882352941176
AT4G17170	125.72727272727273
AT4G17180	6.6018181818181825
AT4G17190	32.08
AT4G17200	0.17500000000000002
AT4G17210	9.6
AT4G17215	12.221153846153843
AT4G17220	4.052941176470589
AT4G17230	34.129629629629626
AT4G17240	13.314814814814815
AT4G17243	1.593939393939394
AT4G17245	55.994339622641505
AT4G17250	9.205555555555556
AT4G17260	21.54181818181818
AT4G17270	48.51090909090909
AT4G17280	7.764705882352941
AT4G17300	40.68
AT4G17310	5.558181818181818
AT4G17330	45.36363636363637
AT4G17340	249.37777777777777
AT4G17350	6.067272727272727
AT4G17360	10.652727272727272
AT4G17370	20.618181818181817
AT4G17380	0.6630434782608696
AT4G17390	409.58181818181816
AT4G17410	7.8545454545454545
AT4G17420	17.067272727272726
AT4G17430	8.814814814814815
AT4G17440	5.3945454545454545
AT4G17460	34.74074074074074
AT4G17470	13.701851851851849
AT4G17480	3.833962264150943
AT4G17483	2.855555555555556
AT4G17486	36.07272727272727
AT4G17490	17.516363636363636
AT4G17500	31.074074074074073
AT4G17505	0.4375
AT4G17510	40.654545454545456
AT4G17520	260.9890909090909
AT4G17530	149.6
AT4G17540	17.32962962962963
AT4G17550	18.563636363636363
AT4G17560	242.9690909090909
AT4G17565	0.24545454545454548
AT4G17570	15.333333333333334
AT4G17580	0.4
AT4G17585	0.8
AT4G17590	0.5
AT4G17600	145.14727272727274
AT4G17610	4.792592592592593
AT4G17612	2.0
AT4G17615	13.690909090909091
AT4G17616	7.307272727272727
AT4G17620	26.527272727272727
AT4G17640	53.63636363636363
AT4G17650	25.563636363636363
AT4G17660	0.6078947368421052
AT4G17670	14.714545454545453
AT4G17680	5.9111111111111105
AT4G17690	12.166666666666666
AT4G17695	7.020370370370371
AT4G17700	0.20000000000000004
AT4G17710	0.1411764705882353
AT4G17713	3.266666666666667
AT4G17718	0.4333333333333333
AT4G17720	37.49090909090909
AT4G17730	56.25454545454546
AT4G17740	33.345454545454544
AT4G17750	6.901818181818182
AT4G17760	2.9370370370370376
AT4G17765	16.666666666666668
AT4G17770	17.37037037037037
AT4G17780	0.25
AT4G17785	1.1964285714285714
AT4G17788	3.6548387096774198
AT4G17790	34.38181818181818
AT4G17800	20.659574468085108
AT4G17810	17.728571428571428
AT4G17830	40.85454545454545
AT4G17840	56.0
AT4G17850	0.45
AT4G17860	1.348888888888889
AT4G17870	77.21818181818182
AT4G17880	19.925925925925927
AT4G17890	38.127272727272725
AT4G17895	8.181818181818182
AT4G17900	34.44444444444444
AT4G17905	2.4388888888888887
AT4G17910	9.512727272727274
AT4G17920	0.5296296296296297
AT4G17940	47.61818181818182
AT4G17950	22.912727272727274
AT4G17960	11.685185185185185
AT4G17970	6.012962962962963
AT4G17975	0.7
AT4G17980	0.27666666666666667
AT4G17990	0.48
AT4G18010	36.166666666666664
AT4G18020	24.763636363636362
AT4G18030	85.16666666666667
AT4G18040	85.34181818181818
AT4G18050	2.2563636363636363
AT4G18060	23.87454545454545
AT4G18070	41.14727272727273
AT4G18080	0.3875
AT4G18090	0.2857142857142857
AT4G18100	538.7636363636364
AT4G18110	0.25
AT4G18130	17.203703703703702
AT4G18140	11.309090909090909
AT4G18150	0.14285714285714285
AT4G18160	9.218181818181819
AT4G18170	7.02962962962963
AT4G18180	1.0666666666666667
AT4G18190	0.43000000000000005
AT4G18195	1.136
AT4G18197	9.35
AT4G18203	0.6
AT4G18205	26.74814814814815
AT4G18210	3.959259259259259
AT4G18215	0.19
AT4G18220	4.19622641509434
AT4G18230	13.125454545454545
AT4G18240	48.019999999999996
AT4G18250	2.766666666666667
AT4G18253	7.5088888888888885
AT4G18260	9.77962962962963
AT4G18270	8.838181818181818
AT4G18280	31.59259259259259
AT4G18290	5.595918367346939
AT4G18300	6.047272727272728
AT4G18310	0.3
AT4G18320	0.30000000000000004
AT4G18330	0.2
AT4G18335	0.40625000000000006
AT4G18340	14.625925925925925
AT4G18350	8.320512820512821
AT4G18360	11.985454545454546
AT4G18370	40.574074074074076
AT4G18372	8.33090909090909
AT4G18375	2.4272727272727272
AT4G18380	16.323636363636364
AT4G18390	31.187037037037037
AT4G18395	9.816666666666666
AT4G18400	9.10909090909091
AT4G18422	3.2685714285714287
AT4G18425	9.592592592592593
AT4G18430	7.5509803921568635
AT4G18440	96.88888888888889
AT4G18450	0.40555555555555556
AT4G18460	11.425925925925926
AT4G18465	10.256363636363636
AT4G18470	2.654716981132075
AT4G18480	391.9836363636363
AT4G18490	1.6981481481481482
AT4G18500	0.5538461538461539
AT4G18501	1.4102040816326529
AT4G18510	4.872549019607844
AT4G18520	11.743636363636364
AT4G18530	9.383636363636365
AT4G18540	1.411764705882353
AT4G18550	3.5150943396226415
AT4G18570	32.49272727272727
AT4G18580	18.854545454545455
AT4G18590	32.54727272727273
AT4G18593	16.54909090909091
AT4G18596	83.0625
AT4G18600	3.812727272727273
AT4G18610	2.9038461538461537
AT4G18620	0.38333333333333336
AT4G18630	4.590909090909091
AT4G18640	18.045454545454547
AT4G18650	0.6148148148148148
AT4G18660	0.14375
AT4G18670	51.851851851851855
AT4G18680	0.2
AT4G18690	0.24545454545454543
AT4G18700	114.03636363636363
AT4G18710	92.77777777777777
AT4G18720	0.17142857142857146
AT4G18725	0.7
AT4G18730	319.90909090909093
AT4G18740	25.505454545454544
AT4G18750	2.888888888888889
AT4G18760	23.703703703703702
AT4G18770	0.2571428571428571
AT4G18780	9.485454545454546
AT4G18790	12.69
AT4G18800	19.88888888888889
AT4G18810	49.3
AT4G18815	0.9
AT4G18820	15.49090909090909
AT4G18823	0.8625
AT4G18830	1.1145833333333333
AT4G18840	1.4000000000000001
AT4G18860	0.32
AT4G18870	0.18666666666666665
AT4G18880	14.82
AT4G18890	10.774074074074074
AT4G18900	0.4727272727272727
AT4G18905	28.90740740740741
AT4G18910	17.401818181818182
AT4G18920	2.511764705882353
AT4G18930	48.27272727272727
AT4G18940	3.1805555555555554
AT4G18950	34.09090909090909
AT4G18960	7.271875
AT4G18970	63.233333333333334
AT4G18975	24.029090909090908
AT4G18980	2.5878048780487806
AT4G18990	1.2416666666666667
AT4G19000	0.2222222222222222
AT4G19003	18.90909090909091
AT4G19006	38.874545454545455
AT4G19010	6.492727272727273
AT4G19020	13.072727272727272
AT4G19030	24.453191489361707
AT4G19035	0.8
AT4G19038	90.475
AT4G19040	20.963636363636365
AT4G19045	12.472727272727273
AT4G19050	1.3519230769230772
AT4G19060	16.927272727272726
AT4G19070	16.181818181818183
AT4G19080	1.9666666666666666
AT4G19090	2.8890909090909087
AT4G19095	1.182
AT4G19100	29.5
AT4G19110	134.3272727272727
AT4G19120	44.63636363636363
AT4G19130	1.9836363636363636
AT4G19140	21.04181818181818
AT4G19150	22.672727272727272
AT4G19160	69.46296296296296
AT4G19170	98.57818181818182
AT4G19180	10.781818181818181
AT4G19185	10.11111111111111
AT4G19190	23.2
AT4G19191	1.549090909090909
AT4G19200	217.92727272727274
AT4G19210	87.38181818181818
AT4G19220	0.7592592592592593
AT4G19230	10.670909090909092
AT4G19240	0.3
AT4G19250	0.2
AT4G19260	0.2
AT4G19270	0.6
AT4G19330	0.1
AT4G19350	34.36363636363637
AT4G19360	0.22000000000000003
AT4G19370	4.80576923076923
AT4G19380	5.905999999999999
AT4G19390	16.74074074074074
AT4G19395	4.35
AT4G19400	0.6975
AT4G19410	125.85636363636364
AT4G19420	23.71090909090909
AT4G19430	32.05
AT4G19440	5.409090909090909
AT4G19450	31.25925925925926
AT4G19460	3.1345454545454547
AT4G19470	0.22000000000000003
AT4G19490	27.745454545454546
AT4G19500	22.29090909090909
AT4G19510	16.14
AT4G19520	11.68148148148148
AT4G19530	35.711111111111116
AT4G19540	9.769090909090908
AT4G19550	5.081818181818182
AT4G19560	1.6436363636363638
AT4G19570	0.296875
AT4G19580	0.3
AT4G19590	1.4
AT4G19600	21.836363636363636
AT4G19610	17.278181818181817
AT4G19620	1.1857142857142857
AT4G19630	0.7833333333333333
AT4G19640	61.89090909090909
AT4G19645	3.0727272727272728
AT4G19650	3.1481481481481484
AT4G19660	20.796296296296298
AT4G19670	24.318181818181817
AT4G19680	5.040625
AT4G19690	59.72631578947368
AT4G19700	23.444444444444443
AT4G19710	36.07454545454545
AT4G19720	3.392857142857143
AT4G19730	0.39999999999999997
AT4G19740	0.21111111111111114
AT4G19750	0.5
AT4G19760	0.3333333333333333
AT4G19770	0.4666666666666666
AT4G19800	0.325
AT4G19810	14.25
AT4G19820	1.1958333333333333
AT4G19830	17.418181818181818
AT4G19840	106.29629629629629
AT4G19850	1.5377777777777775
AT4G19860	76.78181818181818
AT4G19865	3.9962962962962965
AT4G19870	7.509090909090909
AT4G19880	95.56545454545456
AT4G19890	4.46
AT4G19900	9.840000000000002
AT4G19905	3.04
AT4G19910	0.25
AT4G19920	1.6266666666666665
AT4G19925	0.5266666666666666
AT4G19930	0.25
AT4G19940	0.35
AT4G19950	4.085454545454546
AT4G19960	12.163636363636364
AT4G19970	1.5893617021276594
AT4G19975	2.1588235294117646
AT4G19980	2.255882352941176
AT4G19985	20.252727272727274
AT4G19990	8.005555555555556
AT4G20000	4.381632653061224
AT4G20010	32.12
AT4G20020	36.092592592592595
AT4G20030	19.90740740740741
AT4G20040	1.190566037735849
AT4G20050	1.541818181818182
AT4G20060	2.8309090909090906
AT4G20070	27.927272727272726
AT4G20080	0.2714285714285714
AT4G20090	4.101851851851852
AT4G20095	0.175
AT4G20100	0.4571428571428572
AT4G20110	24.38333333333333
AT4G20130	48.0
AT4G20140	5.352830188679245
AT4G20150	189.78181818181818
AT4G20160	4.315384615384614
AT4G20170	20.965454545454545
AT4G20190	1.0064516129032257
AT4G20200	0.44999999999999996
AT4G20210	1.5909090909090908
AT4G20220	0.5
AT4G20230	2.9886792452830195
AT4G20235	1.1368421052631579
AT4G20240	12.636363636363637
AT4G20260	262.6363636363636
AT4G20270	29.01851851851852
AT4G20280	25.49818181818182
AT4G20290	0.2
AT4G20300	29.90909090909091
AT4G20310	5.54
AT4G20320	26.26851851851852
AT4G20325	8.516363636363636
AT4G20330	43.27272727272727
AT4G20340	9.703636363636365
AT4G20350	3.337037037037037
AT4G20360	0.13333333333333333
AT4G20362	1.2351851851851856
AT4G20370	0.8066666666666666
AT4G20380	38.527272727272724
AT4G20390	22.7
AT4G20400	23.64181818181818
AT4G20410	37.763636363636365
AT4G20430	9.514814814814814
AT4G20440	49.40181818181818
AT4G20450	0.5054054054054054
AT4G20460	11.327272727272728
AT4G20470	0.2857142857142857
AT4G20480	35.981818181818184
AT4G20645	0.1
AT4G20650	0.26666666666666666
AT4G20670	1.5666666666666667
AT4G20680	1.625
AT4G20690	1.3170731707317074
AT4G20700	2.4875000000000003
AT4G20703	0.13333333333333333
AT4G20707	0.21428571428571427
AT4G20720	1.236363636363636
AT4G20735	0.38
AT4G20740	4.714814814814814
AT4G20760	30.89090909090909
AT4G20770	0.725925925925926
AT4G20780	25.072727272727274
AT4G20790	0.575
AT4G20800	0.5
AT4G20810	0.22000000000000003
AT4G20820	6.0754716981132075
AT4G20830	43.85454545454545
AT4G20840	15.620000000000001
AT4G20850	90.21818181818182
AT4G20860	61.71090909090909
AT4G20870	53.03636363636364
AT4G20880	21.381818181818183
AT4G20890	160.1818181818182
AT4G20900	0.15555555555555556
AT4G20910	7.096363636363637
AT4G20920	0.4869565217391304
AT4G20930	10.166666666666666
AT4G20935	5.461224489795919
AT4G20940	11.35925925925926
AT4G20947	0.29999999999999993
AT4G20953	0.30540540540540545
AT4G20960	25.476363636363637
AT4G20970	5.146666666666667
AT4G20980	59.58545454545454
AT4G20990	0.2757575757575758
AT4G21000	0.30000000000000004
AT4G21010	0.5
AT4G21020	1.7233333333333332
AT4G21030	0.8
AT4G21040	0.36
AT4G21050	0.2
AT4G21060	6.036363636363636
AT4G21063	12.322916666666666
AT4G21065	1.9796296296296296
AT4G21070	5.243636363636363
AT4G21080	0.2333333333333333
AT4G21090	16.638181818181817
AT4G21100	14.909090909090908
AT4G21105	166.83636363636364
AT4G21110	64.0
AT4G21120	3.4454545454545453
AT4G21130	0.4
AT4G21140	15.592592592592593
AT4G21150	73.54181818181819
AT4G21160	34.45454545454545
AT4G21170	4.103703703703704
AT4G21180	14.710909090909091
AT4G21190	23.65555555555556
AT4G21192	20.181818181818183
AT4G21200	1.6816326530612242
AT4G21210	126.87037037037037
AT4G21213	0.7190476190476192
AT4G21215	18.65818181818182
AT4G21220	4.294444444444444
AT4G21230	3.6849056603773587
AT4G21240	0.35
AT4G21250	0.4538461538461539
AT4G21260	0.9
AT4G21270	8.77037037037037
AT4G21280	1523.2037037037037
AT4G21300	1.4145454545454546
AT4G21310	1.8481481481481483
AT4G21320	5.292727272727273
AT4G21323	0.7117647058823531
AT4G21326	8.485454545454546
AT4G21330	0.2285714285714286
AT4G21340	3.7225806451612904
AT4G21350	15.851851851851851
AT4G21362	0.6
AT4G21366	2.45
AT4G21380	9.062745098039215
AT4G21390	4.949999999999999
AT4G21400	10.374074074074075
AT4G21410	26.22222222222222
AT4G21430	8.867272727272729
AT4G21440	2.2673076923076922
AT4G21445	37.35471698113208
AT4G21450	72.85636363636364
AT4G21460	18.54909090909091
AT4G21470	29.2
AT4G21480	4.910909090909091
AT4G21490	0.9652173913043478
AT4G21500	3.272222222222222
AT4G21510	5.237037037037037
AT4G21520	8.0
AT4G21530	6.256363636363637
AT4G21534	11.914814814814815
AT4G21540	21.581818181818182
AT4G21550	2.814814814814815
AT4G21560	20.963636363636365
AT4G21570	79.77272727272727
AT4G21580	62.347272727272724
AT4G21585	4.651851851851852
AT4G21590	9.414285714285716
AT4G21595	0.6333333333333333
AT4G21600	15.09591836734694
AT4G21610	10.501818181818182
AT4G21620	103.98148148148148
AT4G21630	45.075
AT4G21640	1.3875
AT4G21650	39.93207547169811
AT4G21660	75.8
AT4G21670	14.163636363636364
AT4G21680	5.8999999999999995
AT4G21690	0.9444444444444444
AT4G21700	5.345454545454546
AT4G21705	7.24
AT4G21710	32.2
AT4G21720	7.798181818181818
AT4G21740	14.87037037037037
AT4G21745	0.635897435897436
AT4G21750	33.67962962962963
AT4G21760	3.955555555555555
AT4G21770	17.84
AT4G21780	0.8788461538461539
AT4G21790	78.96363636363637
AT4G21800	29.574074074074073
AT4G21810	45.8
AT4G21820	3.6203703703703702
AT4G21830	25.38409090909091
AT4G21840	3.4818181818181815
AT4G21850	86.24074074074075
AT4G21860	120.54545454545455
AT4G21865	4.344444444444444
AT4G21870	47.765454545454546
AT4G21880	4.8127272727272725
AT4G21890	6.385185185185185
AT4G21895	90.9375
AT4G21900	8.620000000000001
AT4G21902	0.8761904761904761
AT4G21903	2.50377358490566
AT4G21910	29.35185185185185
AT4G21920	2.2304347826086954
AT4G21926	0.6176470588235294
AT4G21930	2.431914893617021
AT4G21940	3.785454545454545
AT4G21950	0.53
AT4G21960	1565.1872727272728
AT4G21970	2.6847826086956523
AT4G21980	78.96363636363637
AT4G21990	128.05454545454546
AT4G22000	57.35818181818181
AT4G22010	60.351851851851855
AT4G22030	0.21666666666666667
AT4G22035	0.16666666666666666
AT4G22050	2.7960000000000003
AT4G22060	0.2333333333333333
AT4G22070	6.297777777777777
AT4G22080	4.550000000000001
AT4G22090	0.4666666666666666
AT4G22100	0.27999999999999997
AT4G22105	1.1047619047619048
AT4G22110	1.517142857142857
AT4G22115	0.56
AT4G22120	15.037037037037036
AT4G22130	22.703703703703702
AT4G22140	26.26727272727273
AT4G22150	42.529090909090904
AT4G22160	17.962962962962962
AT4G22165	0.15000000000000002
AT4G22170	0.34347826086956523
AT4G22180	0.9750000000000001
AT4G22190	46.01851851851852
AT4G22200	20.732075471698117
AT4G22210	0.74
AT4G22212	47.54791666666667
AT4G22214	2.9157894736842103
AT4G22217	3.8892857142857147
AT4G22220	187.16363636363636
AT4G22230	9.837777777777777
AT4G22233	0.5454545454545454
AT4G22235	0.25
AT4G22240	214.4618181818182
AT4G22250	7.890909090909091
AT4G22260	41.81818181818182
AT4G22265	2.56
AT4G22270	6.589090909090909
AT4G22280	1.667272727272727
AT4G22285	17.492727272727272
AT4G22290	21.12962962962963
AT4G22300	21.74074074074074
AT4G22305	12.150943396226415
AT4G22310	100.32727272727273
AT4G22320	10.781818181818181
AT4G22330	64.01818181818182
AT4G22340	8.88888888888889
AT4G22350	6.085454545454545
AT4G22360	21.527272727272727
AT4G22370	0.5823529411764706
AT4G22380	37.91090909090909
AT4G22390	1.818
AT4G22400	0.5
AT4G22410	0.18
AT4G22430	0.5
AT4G22440	0.44999999999999996
AT4G22460	0.23333333333333336
AT4G22467	0.20000000000000004
AT4G22470	3.770967741935484
AT4G22475	4.561111111111112
AT4G22485	9.38421052631579
AT4G22490	87.74489795918367
AT4G22505	9.055555555555555
AT4G22510	0.1
AT4G22513	9.837837837837839
AT4G22517	72.8547619047619
AT4G22530	14.092727272727274
AT4G22540	29.854545454545455
AT4G22550	10.5
AT4G22560	5.237037037037037
AT4G22570	72.43818181818182
AT4G22580	14.345454545454546
AT4G22590	27.21818181818182
AT4G22600	0.35000000000000003
AT4G22610	12.014285714285714
AT4G22620	1.853061224489796
AT4G22630	0.17142857142857143
AT4G22640	2.690697674418604
AT4G22650	0.3
AT4G22660	0.19999999999999998
AT4G22666	41.2875
AT4G22670	118.01851851851852
AT4G22680	1.1056603773584905
AT4G22690	42.96296296296296
AT4G22700	0.26666666666666666
AT4G22710	2.9
AT4G22720	20.22222222222222
AT4G22730	5.167272727272727
AT4G22740	37.69090909090909
AT4G22745	24.90740740740741
AT4G22750	53.09090909090909
AT4G22755	15.573076923076922
AT4G22756	14.783636363636363
AT4G22758	2.7537037037037035
AT4G22760	1.677358490566038
AT4G22770	5.249090909090909
AT4G22780	16.381818181818183
AT4G22790	3.3925925925925924
AT4G22810	10.102702702702702
AT4G22820	40.945454545454545
AT4G22830	23.587272727272726
AT4G22840	8.033333333333333
AT4G22850	9.672727272727272
AT4G22860	5.752727272727272
AT4G22870	0.27999999999999997
AT4G22880	16.542307692307695
AT4G22890	362.01851851851853
AT4G22900	1.3384615384615384
AT4G22910	10.454545454545455
AT4G22920	23.329090909090908
AT4G22930	36.31272727272727
AT4G22940	0.564
AT4G22950	3.368085106382979
AT4G22960	1.4230769230769234
AT4G22970	2.653703703703704
AT4G22980	6.472222222222222
AT4G22990	16.537037037037038
AT4G23000	3.0963636363636367
AT4G23010	22.12909090909091
AT4G23015	0.13333333333333333
AT4G23020	7.318518518518518
AT4G23030	2.3754716981132074
AT4G23040	11.330909090909092
AT4G23050	16.094545454545454
AT4G23060	15.222222222222221
AT4G23070	1.3066666666666669
AT4G23080	0.6000000000000001
AT4G23090	0.55
AT4G23100	167.79090909090908
AT4G23110	0.5
AT4G23120	0.5
AT4G23130	4.816981132075472
AT4G23140	9.439473684210526
AT4G23150	5.613793103448276
AT4G23160	0.4515151515151516
AT4G23170	19.82452830188679
AT4G23180	32.648148148148145
AT4G23190	11.592592592592593
AT4G23200	4.268888888888889
AT4G23205	0.7577777777777777
AT4G23210	6.717391304347826
AT4G23220	9.48846153846154
AT4G23230	3.052272727272727
AT4G23240	1.7313725490196077
AT4G23250	11.114814814814816
AT4G23260	22.656603773584905
AT4G23270	28.45
AT4G23280	0.4195121951219513
AT4G23290	25.065957446808508
AT4G23300	13.995999999999999
AT4G23310	1.7333333333333332
AT4G23320	2.0466666666666664
AT4G23330	9.983636363636364
AT4G23340	0.8326086956521739
AT4G23350	1.0733333333333333
AT4G23355	0.5333333333333333
AT4G23360	1.2333333333333334
AT4G23365	0.45
AT4G23370	0.2571428571428571
AT4G23373	0.5
AT4G23380	0.35
AT4G23387	0.45
AT4G23390	0.19
AT4G23400	197.75925925925927
AT4G23410	5.237037037037037
AT4G23420	5.787037037037037
AT4G23430	46.62
AT4G23440	8.12962962962963
AT4G23450	3.7245283018867927
AT4G23460	36.61818181818182
AT4G23470	97.65272727272726
AT4G23490	12.054545454545455
AT4G23493	4.898076923076923
AT4G23496	4.381632653061224
AT4G23500	22.383636363636363
AT4G23510	4.71081081081081
AT4G23515	1.096551724137931
AT4G23520	0.7999999999999999
AT4G23530	6.7709090909090905
AT4G23540	8.916666666666666
AT4G23550	10.345283018867924
AT4G23560	5.49
AT4G23570	42.407407407407405
AT4G23580	0.39999999999999997
AT4G23590	2.5428571428571427
AT4G23600	111.5
AT4G23610	0.6
AT4G23620	18.52909090909091
AT4G23630	159.56363636363636
AT4G23640	29.054545454545455
AT4G23650	115.18909090909091
AT4G23660	7.341818181818182
AT4G23670	1102.6666666666667
AT4G23680	120.53636363636363
AT4G23690	37.97777777777778
AT4G23700	10.541509433962265
AT4G23710	99.54545454545455
AT4G23713	0.9714285714285713
AT4G23720	1.184
AT4G23730	20.345454545454544
AT4G23740	29.61111111111111
AT4G23750	14.62962962962963
AT4G23760	25.563636363636363
AT4G23770	5.964150943396227
AT4G23780	0.46785714285714286
AT4G23790	17.574074074074073
AT4G23800	86.94444444444444
AT4G23810	14.203703703703704
AT4G23820	95.69272727272728
AT4G23840	6.712727272727273
AT4G23850	155.8181818181818
AT4G23860	21.272727272727273
AT4G23870	18.462962962962962
AT4G23880	7.196296296296297
AT4G23882	0.2875
AT4G23885	40.527272727272724
AT4G23890	66.33818181818182
AT4G23895	8.52909090909091
AT4G23900	0.36764705882352944
AT4G23910	25.796296296296298
AT4G23915	1.45
AT4G23920	9.476363636363637
AT4G23930	4.9
AT4G23940	30.932727272727274
AT4G23950	4.950909090909091
AT4G23960	0.38
AT4G23980	17.203703703703702
AT4G23990	8.822641509433963
AT4G24000	13.489655172413793
AT4G24010	1.8000000000000003
AT4G24015	11.531481481481482
AT4G24020	31.654545454545456
AT4G24025	2.75
AT4G24026	2.1875
AT4G24030	0.1
AT4G24040	5.741818181818182
AT4G24050	7.523636363636363
AT4G24060	28.61111111111111
AT4G24070	0.31666666666666665
AT4G24080	2.0173076923076922
AT4G24090	44.407407407407405
AT4G24100	13.537037037037036
AT4G24110	9.153703703703703
AT4G24120	13.459259259259259
AT4G24130	33.56545454545454
AT4G24140	12.898148148148149
AT4G24150	1.5659574468085105
AT4G24160	38.654545454545456
AT4G24170	1.8756097560975609
AT4G24175	10.34909090909091
AT4G24180	1.8627450980392155
AT4G24190	263.72727272727275
AT4G24200	10.563636363636364
AT4G24204	0.2928571428571428
AT4G24210	24.51851851851852
AT4G24220	182.9090909090909
AT4G24230	34.165454545454544
AT4G24231	0.5599999999999999
AT4G24240	19.537037037037038
AT4G24250	1.8462962962962965
AT4G24260	1.3037037037037038
AT4G24265	6.296296296296297
AT4G24270	14.092592592592593
AT4G24275	14.72037037037037
AT4G24280	224.9309090909091
AT4G24290	36.407407407407405
AT4G24300	0.17500000000000002
AT4G24310	6.648780487804879
AT4G24320	2.1537037037037035
AT4G24330	73.24181818181819
AT4G24340	6.419148936170212
AT4G24350	36.949999999999996
AT4G24370	13.614545454545453
AT4G24380	22.036363636363635
AT4G24390	9.456363636363637
AT4G24400	32.53703703703704
AT4G24410	1.8767441860465117
AT4G24413	1.105263157894737
AT4G24415	3.2392156862745094
AT4G24420	0.8725000000000002
AT4G24430	1.1796296296296296
AT4G24440	63.0
AT4G24450	4.74
AT4G24460	17.037037037037038
AT4G24470	27.10909090909091
AT4G24480	7.722222222222222
AT4G24490	17.83818181818182
AT4G24500	12.076363636363638
AT4G24510	36.38148148148148
AT4G24520	85.76363636363637
AT4G24530	9.818181818181818
AT4G24540	16.677358490566036
AT4G24550	54.236363636363635
AT4G24560	16.836363636363636
AT4G24565	0.8
AT4G24570	57.08909090909091
AT4G24580	6.354716981132075
AT4G24590	17.0
AT4G24600	0.38461538461538464
AT4G24610	9.666666666666666
AT4G24620	99.92727272727272
AT4G24630	24.69090909090909
AT4G24640	546.8545454545455
AT4G24644	0.8
AT4G24650	0.8
AT4G24660	16.655555555555555
AT4G24670	9.038181818181819
AT4G24680	27.472727272727273
AT4G24690	154.85454545454544
AT4G24700	11.01509433962264
AT4G24710	4.211320754716981
AT4G24715	0.19999999999999998
AT4G24730	10.254545454545454
AT4G24740	35.07272727272727
AT4G24750	88.31090909090909
AT4G24760	18.22222222222222
AT4G24770	618.5370370370371
AT4G24780	103.94727272727273
AT4G24790	6.514545454545454
AT4G24800	48.92727272727273
AT4G24805	20.763636363636362
AT4G24810	13.323636363636362
AT4G24820	132.45454545454547
AT4G24830	70.38909090909091
AT4G24840	26.98181818181818
AT4G24860	0.5490566037735849
AT4G24880	6.9781818181818185
AT4G24890	0.5560975609756098
AT4G24900	10.438181818181816
AT4G24910	1.8462962962962963
AT4G24920	94.23636363636363
AT4G24930	94.81481481481481
AT4G24940	28.91090909090909
AT4G24950	0.38571428571428573
AT4G24960	69.78181818181818
AT4G24970	5.894545454545455
AT4G24972	18.463636363636365
AT4G24973	0.24
AT4G24974	2.02
AT4G24975	0.9857142857142857
AT4G24980	0.47500000000000003
AT4G24990	51.441818181818185
AT4G25000	5.362264150943396
AT4G25010	7.402564102564104
AT4G25020	4.205454545454546
AT4G25030	90.85454545454546
AT4G25040	48.25714285714286
AT4G25050	423.537037037037
AT4G25070	4.902
AT4G25080	283.8888888888889
AT4G25090	8.423333333333334
AT4G25100	463.0763636363636
AT4G25110	7.6080000000000005
AT4G25120	4.014545454545455
AT4G25130	237.1818181818182
AT4G25140	0.9548387096774194
AT4G25150	13.865454545454545
AT4G25160	1.1020833333333335
AT4G25170	71.41818181818182
AT4G25180	14.907407407407407
AT4G25190	1.1500000000000001
AT4G25200	4.196296296296296
AT4G25210	59.09818181818182
AT4G25220	3.7470588235294118
AT4G25225	10.68
AT4G25230	29.454545454545453
AT4G25240	8.909090909090908
AT4G25250	20.641935483870967
AT4G25260	28.332727272727272
AT4G25270	6.112727272727272
AT4G25280	20.78181818181818
AT4G25290	23.185185185185187
AT4G25300	8.18148148148148
AT4G25310	1.6488372093023258
AT4G25315	3.4745454545454546
AT4G25320	19.555555555555557
AT4G25330	0.39999999999999997
AT4G25340	42.0
AT4G25350	1.712962962962963
AT4G25360	17.001818181818184
AT4G25370	152.01818181818183
AT4G25380	0.8466666666666667
AT4G25390	9.62962962962963
AT4G25400	10.17741935483871
AT4G25410	2.8685185185185182
AT4G25420	2.4846153846153842
AT4G25430	0.18695652173913044
AT4G25433	2.823076923076923
AT4G25434	2.5921568627450977
AT4G25435	5.5
AT4G25440	12.10909090909091
AT4G25450	29.77777777777778
AT4G25470	7.823076923076922
AT4G25480	5.3538461538461535
AT4G25490	4.769565217391304
AT4G25500	45.96296296296296
AT4G25515	6.5
AT4G25520	16.85185185185185
AT4G25530	0.3111111111111111
AT4G25540	1.3490909090909091
AT4G25550	60.07818181818182
AT4G25560	2.51875
AT4G25570	172.83636363636364
AT4G25580	2.4394736842105265
AT4G25590	54.65555555555555
AT4G25600	7.927272727272728
AT4G25610	7.527272727272727
AT4G25620	26.35185185185185
AT4G25630	88.20370370370371
AT4G25631	8.475675675675676
AT4G25640	76.80181818181819
AT4G25650	69.63636363636364
AT4G25660	24.0
AT4G25670	49.72727272727273
AT4G25680	33.89090909090909
AT4G25690	28.35185185185185
AT4G25700	48.96296296296296
AT4G25707	2.9037735849056605
AT4G25710	13.801818181818183
AT4G25719	0.5333333333333333
AT4G25720	15.074074074074074
AT4G25730	42.78363636363636
AT4G25740	187.53272727272727
AT4G25750	0.9863636363636364
AT4G25760	4.022222222222222
AT4G25770	16.69272727272727
AT4G25780	46.70363636363636
AT4G25790	13.475000000000001
AT4G25800	3.159259259259259
AT4G25810	20.737037037037037
AT4G25820	51.93939393939394
AT4G25830	18.48148148148148
AT4G25835	8.122222222222222
AT4G25840	21.567272727272726
AT4G25845	0.2
AT4G25850	4.142857142857143
AT4G25860	0.95
AT4G25870	19.074074074074073
AT4G25880	32.45818181818182
AT4G25885	1.5113636363636365
AT4G25890	88.95454545454545
AT4G25900	65.83636363636364
AT4G25910	44.75925925925926
AT4G25920	0.155
AT4G25930	0.19
AT4G25940	14.985454545454546
AT4G25950	3.7511111111111113
AT4G25960	31.3
AT4G25970	52.89636363636364
AT4G25980	1.0365384615384616
AT4G25990	7.071428571428571
AT4G26000	24.69090909090909
AT4G26010	27.623404255319148
AT4G26020	0.6162790697674418
AT4G26030	0.21000000000000002
AT4G26040	0.30000000000000004
AT4G26050	0.9767441860465116
AT4G26055	3.06
AT4G26060	18.994444444444444
AT4G26070	14.851851851851851
AT4G26080	63.50909090909091
AT4G26095	0.1
AT4G26100	30.563636363636363
AT4G26110	90.76727272727273
AT4G26120	2.2685185185185186
AT4G26130	80.72222222222223
AT4G26140	7.214814814814815
AT4G26150	9.50377358490566
AT4G26160	14.885454545454547
AT4G26170	0.8020833333333334
AT4G26180	6.089090909090909
AT4G26190	24.843636363636364
AT4G26200	2.463636363636364
AT4G26210	34.28363636363636
AT4G26220	12.31111111111111
AT4G26230	193.29090909090908
AT4G26240	12.50909090909091
AT4G26250	0.6
AT4G26255	5.630769230769232
AT4G26260	66.56458333333333
AT4G26270	13.745454545454546
AT4G26280	1.957142857142857
AT4G26288	0.9170731707317071
AT4G26300	43.334545454545456
AT4G26310	15.576363636363638
AT4G26320	35.13958333333333
AT4G26330	0.6619047619047619
AT4G26340	0.3333333333333333
AT4G26350	0.4
AT4G26365	10.49047619047619
AT4G26370	56.0
AT4G26375	0.9
AT4G26380	0.2
AT4G26390	0.5552631578947369
AT4G26400	52.472727272727276
AT4G26410	61.945454545454545
AT4G26415	2.1519999999999997
AT4G26420	0.7250000000000001
AT4G26430	10.809090909090909
AT4G26440	0.43076923076923074
AT4G26450	27.89090909090909
AT4G26455	19.4
AT4G26460	0.6058823529411764
AT4G26466	0.2846153846153846
AT4G26470	8.574545454545454
AT4G26480	34.78545454545455
AT4G26483	0.8
AT4G26485	0.30000000000000004
AT4G26488	0.26744186046511625
AT4G26510	16.254545454545454
AT4G26520	28.01818181818182
AT4G26530	232.26730769230772
AT4G26540	9.06851851851852
AT4G26550	11.703703703703704
AT4G26555	53.81481481481482
AT4G26560	0.6916666666666668
AT4G26570	46.25454545454546
AT4G26580	2.2211538461538463
AT4G26582	0.20357142857142857
AT4G26590	1.1769230769230767
AT4G26600	11.287037037037036
AT4G26610	26.12909090909091
AT4G26620	20.80181818181818
AT4G26630	115.6
AT4G26640	13.92909090909091
AT4G26650	40.127272727272725
AT4G26660	12.807272727272727
AT4G26670	57.148148148148145
AT4G26675	0.95
AT4G26680	1.9000000000000001
AT4G26690	59.75925925925926
AT4G26700	33.094545454545454
AT4G26701	0.3066666666666667
AT4G26710	145.0
AT4G26720	24.12727272727273
AT4G26730	0.17692307692307693
AT4G26740	0.2571428571428572
AT4G26750	26.045454545454547
AT4G26760	29.425925925925927
AT4G26770	1.5371428571428571
AT4G26780	19.944444444444443
AT4G26790	2.1433962264150943
AT4G26795	0.41458333333333336
AT4G26800	1.6925925925925924
AT4G26810	9.148148148148149
AT4G26820	0.2285714285714286
AT4G26830	1.1962962962962962
AT4G26840	152.87272727272727
AT4G26850	299.0181818181818
AT4G26860	58.739999999999995
AT4G26870	56.22
AT4G26880	1.7041666666666668
AT4G26890	1.4749999999999999
AT4G26900	38.519999999999996
AT4G26910	57.4
AT4G26920	0.15000000000000002
AT4G26930	1.8741935483870968
AT4G26940	40.38363636363636
AT4G26950	2.4166666666666665
AT4G26960	10.74
AT4G26965	11.096363636363636
AT4G26970	100.63636363636364
AT4G26980	10.545454545454545
AT4G26990	6.4
AT4G27000	126.10909090909091
AT4G27010	3.772727272727273
AT4G27020	273.76363636363635
AT4G27030	28.854545454545455
AT4G27040	24.87272727272727
AT4G27050	12.401818181818182
AT4G27060	18.45818181818182
AT4G27070	11.672727272727272
AT4G27080	35.127272727272725
AT4G27090	961.8727272727273
AT4G27100	9.654545454545454
AT4G27110	18.855555555555558
AT4G27120	26.418181818181818
AT4G27130	184.1818181818182
AT4G27140	3.01875
AT4G27150	0.8666666666666666
AT4G27160	1.5555555555555556
AT4G27170	0.9500000000000001
AT4G27180	33.00545454545455
AT4G27190	0.2818181818181818
AT4G27220	0.1558823529411765
AT4G27230	89.31818181818181
AT4G27240	7.018518518518518
AT4G27250	0.8586956521739131
AT4G27260	26.555555555555557
AT4G27270	7.383636363636364
AT4G27280	50.93272727272728
AT4G27290	1.1500000000000001
AT4G27300	15.318867924528304
AT4G27310	36.08363636363636
AT4G27320	41.28181818181818
AT4G27330	0.8125
AT4G27340	12.203703703703704
AT4G27350	25.963636363636365
AT4G27360	2.5000000000000004
AT4G27370	5.861111111111111
AT4G27380	47.658181818181816
AT4G27390	30.203703703703702
AT4G27400	5.603448275862069
AT4G27410	22.11111111111111
AT4G27415	0.5
AT4G27420	0.3888888888888889
AT4G27430	37.529090909090904
AT4G27435	10.718518518518518
AT4G27440	686.5185185185185
AT4G27450	57.351851851851855
AT4G27460	2.581132075471698
AT4G27470	23.036363636363635
AT4G27480	2.6818181818181817
AT4G27490	11.722222222222221
AT4G27500	134.3272727272727
AT4G27510	1.0962962962962963
AT4G27520	222.05636363636364
AT4G27530	0.9113636363636363
AT4G27540	12.054545454545455
AT4G27550	0.20909090909090908
AT4G27560	37.851851851851855
AT4G27565	0.38749999999999996
AT4G27570	1.955
AT4G27580	92.35249999999999
AT4G27585	33.43636363636364
AT4G27590	1.392452830188679
AT4G27595	8.152727272727272
AT4G27600	97.54545454545455
AT4G27610	13.201818181818183
AT4G27620	12.590909090909092
AT4G27630	4.789090909090909
AT4G27640	35.8
AT4G27650	22.70909090909091
AT4G27652	26.619999999999997
AT4G27654	15.140540540540542
AT4G27657	14.154716981132076
AT4G27660	3.2636363636363637
AT4G27670	1.1705882352941175
AT4G27680	25.69090909090909
AT4G27690	19.385454545454547
AT4G27700	159.8148148148148
AT4G27710	30.314814814814813
AT4G27720	51.61272727272727
AT4G27730	8.296296296296296
AT4G27740	29.185185185185187
AT4G27745	18.310909090909092
AT4G27750	28.490909090909092
AT4G27760	35.91090909090909
AT4G27765	0.7285714285714286
AT4G27780	14.654545454545454
AT4G27790	43.02799999999999
AT4G27800	151.9963636363636
AT4G27810	1.393478260869565
AT4G27820	23.707407407407405
AT4G27830	35.89454545454546
AT4G27840	13.363636363636363
AT4G27845	0.33888888888888885
AT4G27850	0.5224489795918367
AT4G27852	0.6269230769230769
AT4G27860	29.22222222222222
AT4G27870	50.98148148148148
AT4G27880	25.818181818181817
AT4G27890	0.3333333333333333
AT4G27900	23.203703703703702
AT4G27910	6.8509090909090915
AT4G27920	0.2619047619047619
AT4G27940	8.581818181818182
AT4G27950	7.03090909090909
AT4G27960	136.92727272727274
AT4G27970	3.30188679245283
AT4G27980	3.13953488372093
AT4G27990	52.00909090909091
AT4G28000	45.49090909090909
AT4G28005	0.8025641025641026
AT4G28010	3.647272727272728
AT4G28020	3.609090909090909
AT4G28025	105.30909090909091
AT4G28030	110.60363636363635
AT4G28040	9.096
AT4G28050	29.163636363636364
AT4G28060	121.89090909090909
AT4G28068	0.3
AT4G28070	5.874545454545455
AT4G28080	144.98181818181817
AT4G28085	6.667307692307692
AT4G28088	3.0749999999999997
AT4G28090	0.7166666666666667
AT4G28100	25.166666666666668
AT4G28110	1.7
AT4G28130	0.17142857142857146
AT4G28140	5.031372549019609
AT4G28150	3.4254545454545458
AT4G28162	1.712962962962963
AT4G28170	0.48444444444444457
AT4G28180	8.45185185185185
AT4G28190	10.89090909090909
AT4G28200	26.90740740740741
AT4G28210	32.11090909090909
AT4G28220	16.24074074074074
AT4G28230	9.456363636363637
AT4G28240	50.838181818181816
AT4G28250	56.370370370370374
AT4G28260	44.527272727272724
AT4G28270	25.703703703703702
AT4G28280	0.8476190476190476
AT4G28300	62.981818181818184
AT4G28310	22.054545454545455
AT4G28320	6.348148148148148
AT4G28330	2.7
AT4G28340	0.2838709677419355
AT4G28350	5.9185185185185185
AT4G28360	42.13272727272727
AT4G28362	2.85
AT4G28365	0.33999999999999997
AT4G28370	13.547272727272727
AT4G28380	3.0518518518518523
AT4G28390	12.674074074074074
AT4G28395	4.125
AT4G28397	1.54
AT4G28400	37.407407407407405
AT4G28405	0.9117647058823529
AT4G28410	7.3500000000000005
AT4G28420	0.39999999999999997
AT4G28430	4.0509433962264145
AT4G28440	79.62727272727273
AT4G28450	23.87037037037037
AT4G28460	1.8695652173913044
AT4G28470	33.40181818181818
AT4G28480	43.36363636363637
AT4G28485	0.7925
AT4G28490	18.833333333333332
AT4G28500	3.0283018867924527
AT4G28510	38.05555555555556
AT4G28520	3.738461538461539
AT4G28530	2.88125
AT4G28540	36.10909090909091
AT4G28550	7.358181818181818
AT4G28556	1.881395348837209
AT4G28560	1.3943396226415095
AT4G28570	15.783636363636363
AT4G28580	0.4
AT4G28590	12.13090909090909
AT4G28600	19.38909090909091
AT4G28610	51.345454545454544
AT4G28620	0.16250000000000003
AT4G28630	12.018518518518519
AT4G28640	11.423636363636362
AT4G28650	1.0018518518518518
AT4G28660	193.67636363636365
AT4G28670	1.01
AT4G28680	7.234090909090909
AT4G28690	3.7290909090909095
AT4G28700	1.0645833333333334
AT4G28703	4.32037037037037
AT4G28706	33.74074074074074
AT4G28710	16.69272727272727
AT4G28720	3.398039215686275
AT4G28730	33.267272727272726
AT4G28740	39.370370370370374
AT4G28750	1056.601818181818
AT4G28755	0.48333333333333334
AT4G28760	27.565454545454543
AT4G28770	45.345454545454544
AT4G28775	1.1222222222222222
AT4G28780	42.924
AT4G28790	1.176595744680851
AT4G28800	0.212
AT4G28811	0.18750000000000003
AT4G28815	0.18181818181818182
AT4G28820	3.5018518518518524
AT4G28830	16.0
AT4G28840	2.119565217391304
AT4G28850	6.118181818181818
AT4G28860	30.054545454545455
AT4G28870	0.4
AT4G28880	53.58181818181818
AT4G28890	5.665
AT4G28910	53.43818181818182
AT4G28920	0.4
AT4G28930	1.3375
AT4G28940	21.586046511627906
AT4G28950	4.827777777777778
AT4G28980	22.09090909090909
AT4G28990	10.89090909090909
AT4G29000	8.236363636363636
AT4G29010	94.12727272727273
AT4G29020	182.66666666666666
AT4G29030	131.13137254901963
AT4G29033	0.75
AT4G29035	0.375
AT4G29037	0.35000000000000003
AT4G29040	136.01454545454547
AT4G29050	3.2509433962264147
AT4G29060	271.44444444444446
AT4G29070	35.07272727272727
AT4G29080	34.31481481481482
AT4G29090	0.25000000000000006
AT4G29100	25.5
AT4G29110	9.364814814814814
AT4G29120	37.370370370370374
AT4G29130	48.345454545454544
AT4G29140	12.738888888888889
AT4G29150	3.07
AT4G29160	85.58181818181818
AT4G29170	6.0
AT4G29180	2.9631578947368418
AT4G29190	35.91090909090909
AT4G29200	0.21428571428571427
AT4G29210	25.75925925925926
AT4G29220	65.16363636363636
AT4G29230	2.435185185185185
AT4G29240	6.520370370370371
AT4G29250	0.27499999999999997
AT4G29260	41.2
AT4G29270	42.498000000000005
AT4G29280	0.3
AT4G29283	1.0666666666666667
AT4G29285	3.8800000000000003
AT4G29290	2.6666666666666665
AT4G29300	0.25
AT4G29305	5.179999999999999
AT4G29310	13.35818181818182
AT4G29330	27.312727272727273
AT4G29340	14.227906976744185
AT4G29350	508.17636363636365
AT4G29360	15.042592592592591
AT4G29370	0.18888888888888888
AT4G29380	12.163636363636364
AT4G29390	85.07636363636364
AT4G29400	18.38888888888889
AT4G29410	242.3690909090909
AT4G29415	2.0
AT4G29420	7.054545454545455
AT4G29430	30.038181818181815
AT4G29440	9.436363636363636
AT4G29450	0.8250000000000001
AT4G29460	37.162499999999994
AT4G29470	5.7368421052631575
AT4G29480	132.78181818181818
AT4G29490	31.381818181818183
AT4G29510	44.78363636363636
AT4G29520	37.111111111111114
AT4G29530	5.636363636363637
AT4G29540	3.0
AT4G29548	0.66
AT4G29550	0.9196078431372549
AT4G29560	2.456363636363636
AT4G29570	0.488
AT4G29580	0.225
AT4G29590	29.20727272727273
AT4G29600	0.29
AT4G29610	5.737254901960784
AT4G29620	0.6
AT4G29630	0.3666666666666667
AT4G29640	0.25
AT4G29650	0.2708333333333333
AT4G29654	0.3
AT4G29658	5.62
AT4G29660	16.347272727272728
AT4G29670	86.65454545454546
AT4G29680	29.85818181818182
AT4G29690	11.045283018867925
AT4G29700	30.75925925925926
AT4G29710	1.3045454545454545
AT4G29720	24.425925925925927
AT4G29730	7.983636363636364
AT4G29735	60.054545454545455
AT4G29740	9.92962962962963
AT4G29750	29.965454545454545
AT4G29760	0.6307692307692307
AT4G29770	0.63
AT4G29780	36.58363636363636
AT4G29790	13.163636363636364
AT4G29800	3.7192307692307693
AT4G29810	48.2962962962963
AT4G29820	11.962962962962964
AT4G29830	17.587272727272726
AT4G29840	83.98181818181818
AT4G29850	0.5538461538461538
AT4G29860	5.074074074074074
AT4G29870	54.75454545454546
AT4G29880	2.683018867924528
AT4G29890	18.152727272727272
AT4G29900	40.18363636363636
AT4G29905	205.84814814814814
AT4G29910	6.361818181818181
AT4G29920	3.888888888888889
AT4G29930	4.133333333333333
AT4G29940	11.08
AT4G29950	35.127272727272725
AT4G29960	34.07272727272727
AT4G29970	0.5
AT4G29980	0.5714285714285714
AT4G29990	2.077777777777778
AT4G30000	6.537037037037037
AT4G30010	203.0
AT4G30020	34.574074074074076
AT4G30030	0.24000000000000005
AT4G30040	0.2333333333333333
AT4G30050	0.15000000000000002
AT4G30060	13.50909090909091
AT4G30064	2.4142857142857146
AT4G30067	1.1571428571428573
AT4G30070	1.3333333333333333
AT4G30074	2.5166666666666666
AT4G30080	16.296296296296298
AT4G30090	2.6563636363636363
AT4G30100	30.454545454545453
AT4G30110	8.185185185185185
AT4G30120	0.8837209302325582
AT4G30130	3.25
AT4G30140	73.65306122448979
AT4G30150	6.4818181818181815
AT4G30160	30.656363636363636
AT4G30170	141.73333333333335
AT4G30180	3.4094339622641505
AT4G30190	318.58363636363634
AT4G30200	54.61818181818182
AT4G30210	113.21818181818182
AT4G30220	106.82000000000001
AT4G30230	1.6673076923076924
AT4G30240	21.272727272727273
AT4G30250	3.447058823529412
AT4G30260	41.163636363636364
AT4G30270	195.35185185185185
AT4G30280	45.35283018867924
AT4G30290	24.39074074074074
AT4G30300	0.4125000000000001
AT4G30310	53.472727272727276
AT4G30320	6.8875
AT4G30330	33.25925925925926
AT4G30340	19.40740740740741
AT4G30350	21.69090909090909
AT4G30360	14.407407407407407
AT4G30370	3.005555555555556
AT4G30380	0.6
AT4G30390	25.88888888888889
AT4G30400	12.203703703703704
AT4G30410	11.443636363636363
AT4G30420	3.325714285714286
AT4G30430	0.8243243243243243
AT4G30440	129.5090909090909
AT4G30450	36.092592592592595
AT4G30460	52.68518518518518
AT4G30470	41.947272727272725
AT4G30480	34.49636363636363
AT4G30490	30.581818181818182
AT4G30500	10.125454545454545
AT4G30510	8.8
AT4G30520	8.777777777777779
AT4G30530	260.87454545454545
AT4G30540	0.27142857142857146
AT4G30550	52.61818181818182
AT4G30560	6.109090909090909
AT4G30570	5.37962962962963
AT4G30580	56.763636363636365
AT4G30590	5.566666666666666
AT4G30600	90.76363636363637
AT4G30610	23.14909090909091
AT4G30620	72.74545454545455
AT4G30630	13.323636363636362
AT4G30640	1.9579999999999997
AT4G30650	222.27454545454546
AT4G30660	58.18363636363636
AT4G30662	0.40344827586206894
AT4G30670	37.53333333333333
AT4G30680	12.0
AT4G30690	89.27272727272727
AT4G30700	2.7381818181818183
AT4G30710	7.472727272727273
AT4G30720	35.7962962962963
AT4G30730	0.21666666666666667
AT4G30740	0.4
AT4G30750	25.563636363636363
AT4G30760	65.69090909090909
AT4G30770	11.72
AT4G30780	12.4
AT4G30790	15.254545454545454
AT4G30800	19.685185185185187
AT4G30810	40.470909090909096
AT4G30820	8.021818181818182
AT4G30825	15.011111111111111
AT4G30830	1.1111111111111112
AT4G30840	11.078181818181818
AT4G30845	7.888888888888889
AT4G30850	27.6
AT4G30860	9.592727272727274
AT4G30870	4.2709090909090905
AT4G30872	0.3
AT4G30880	0.36500000000000005
AT4G30890	36.30909090909091
AT4G30900	15.018181818181818
AT4G30910	19.185185185185187
AT4G30920	81.46181818181817
AT4G30930	34.05555555555556
AT4G30935	15.945454545454545
AT4G30940	3.8363636363636364
AT4G30950	304.41818181818184
AT4G30960	205.89272727272729
AT4G30970	0.4333333333333333
AT4G30975	0.8416666666666667
AT4G30980	7.452727272727273
AT4G30990	10.97090909090909
AT4G30993	32.43636363636364
AT4G30996	45.470909090909096
AT4G31000	16.303703703703704
AT4G31010	8.379999999999999
AT4G31020	3.361111111111111
AT4G31040	60.29454545454545
AT4G31050	14.385454545454547
AT4G31060	8.875925925925927
AT4G31070	1.260377358490566
AT4G31073	0.2
AT4G31080	46.236363636363635
AT4G31100	3.22156862745098
AT4G31110	2.435294117647059
AT4G31115	25.619999999999997
AT4G31120	25.685185185185187
AT4G31130	44.03636363636364
AT4G31140	13.666666666666666
AT4G31150	8.518518518518519
AT4G31160	12.912727272727274
AT4G31170	50.60181818181818
AT4G31180	75.8
AT4G31200	12.037037037037036
AT4G31210	16.109259259259257
AT4G31230	1.3359999999999999
AT4G31240	7.1685185185185185
AT4G31248	0.1285714285714286
AT4G31250	0.5704545454545454
AT4G31260	3.15
AT4G31265	2.9
AT4G31270	9.716363636363637
AT4G31290	118.6
AT4G31300	141.63454545454545
AT4G31310	46.74545454545454
AT4G31320	17.564705882352943
AT4G31330	6.507407407407407
AT4G31340	122.4
AT4G31350	15.763636363636364
AT4G31351	0.7244444444444443
AT4G31354	0.7022222222222223
AT4G31355	1.1773584905660377
AT4G31360	20.921818181818182
AT4G31370	1.165625
AT4G31380	11.885
AT4G31390	32.72727272727273
AT4G31398	0.4888888888888888
AT4G31400	2.690909090909091
AT4G31405	1.2846153846153845
AT4G31408	1.1925925925925926
AT4G31410	20.71090909090909
AT4G31420	36.43636363636364
AT4G31430	29.70909090909091
AT4G31440	6.983636363636364
AT4G31441	8.222641509433963
AT4G31450	19.963636363636365
AT4G31460	29.73818181818182
AT4G31470	9.04736842105263
AT4G31480	52.74545454545454
AT4G31490	41.27272727272727
AT4G31500	222.90740740740742
AT4G31510	21.672727272727272
AT4G31520	0.5
AT4G31530	22.203703703703702
AT4G31550	41.888888888888886
AT4G31560	70.0
AT4G31570	13.163636363636364
AT4G31580	54.01272727272727
AT4G31590	25.59259259259259
AT4G31600	11.659999999999998
AT4G31610	2.655263157894737
AT4G31615	0.7622222222222221
AT4G31620	2.9939999999999998
AT4G31630	0.18000000000000002
AT4G31640	0.3918918918918919
AT4G31650	10.148148148148149
AT4G31660	0.21428571428571427
AT4G31670	11.765454545454546
AT4G31680	0.2909090909090909
AT4G31685	0.5399999999999999
AT4G31690	0.3941176470588235
AT4G31700	524.7454545454545
AT4G31710	0.4230769230769231
AT4G31720	36.49090909090909
AT4G31730	12.927777777777779
AT4G31750	13.254545454545454
AT4G31760	0.7652173913043478
AT4G31770	7.53090909090909
AT4G31780	76.07272727272728
AT4G31790	21.25925925925926
AT4G31800	32.44444444444444
AT4G31805	7.518367346938775
AT4G31810	18.62962962962963
AT4G31820	23.703703703703702
AT4G31830	0.6611111111111112
AT4G31840	72.77777777777777
AT4G31850	19.174545454545452
AT4G31860	45.163636363636364
AT4G31870	5.977358490566038
AT4G31877	8.470588235294118
AT4G31880	33.78181818181818
AT4G31890	5.385185185185185
AT4G31895	0.5
AT4G31900	0.15999999999999998
AT4G31910	30.34038461538461
AT4G31920	18.166666666666668
AT4G31930	7.709090909090909
AT4G31940	27.06896551724138
AT4G31950	0.5769230769230769
AT4G31960	0.35
AT4G31970	2.1147058823529408
AT4G31980	9.745454545454546
AT4G31985	317.56363636363636
AT4G31990	133.74545454545455
AT4G32000	6.083333333333333
AT4G32010	16.72909090909091
AT4G32020	201.45454545454547
AT4G32030	31.836363636363636
AT4G32040	38.0
AT4G32050	9.037037037037036
AT4G32060	150.07272727272726
AT4G32070	25.134545454545457
AT4G32080	0.31
AT4G32090	0.9
AT4G32100	0.7
AT4G32105	1.8
AT4G32110	0.30000000000000004
AT4G32120	15.763636363636364
AT4G32130	52.67272727272727
AT4G32140	18.618181818181817
AT4G32150	136.05454545454546
AT4G32160	17.0
AT4G32170	7.9625
AT4G32175	11.547272727272727
AT4G32180	32.98909090909091
AT4G32190	35.49090909090909
AT4G32200	2.3436363636363637
AT4G32208	0.4264705882352941
AT4G32210	8.323636363636364
AT4G32230	0.7
AT4G32240	52.6
AT4G32250	18.64
AT4G32260	1046.4963636363636
AT4G32270	20.35185185185185
AT4G32272	10.745454545454546
AT4G32280	9.059615384615386
AT4G32285	58.14545454545455
AT4G32290	12.703703703703704
AT4G32295	6.405555555555555
AT4G32300	18.69090909090909
AT4G32320	30.927272727272726
AT4G32330	69.83272727272728
AT4G32340	86.24074074074075
AT4G32342	0.272
AT4G32350	10.05
AT4G32360	7.935185185185185
AT4G32370	0.25
AT4G32375	0.4000000000000001
AT4G32380	0.15
AT4G32390	84.94545454545455
AT4G32400	30.821818181818184
AT4G32410	181.3272727272727
AT4G32420	24.316363636363636
AT4G32430	1.548148148148148
AT4G32440	13.654545454545454
AT4G32445	3.181081081081081
AT4G32450	5.9
AT4G32460	49.42181818181818
AT4G32470	268.2181818181818
AT4G32475	1.85
AT4G32480	32.20363636363636
AT4G32490	0.34285714285714286
AT4G32500	2.085714285714286
AT4G32510	24.099999999999998
AT4G32520	56.56727272727272
AT4G32530	91.27272727272727
AT4G32535	2.6074074074074076
AT4G32540	0.4384615384615385
AT4G32551	34.592592592592595
AT4G32560	11.222222222222221
AT4G32570	48.43818181818182
AT4G32580	0.25
AT4G32590	66.76363636363637
AT4G32600	25.672727272727272
AT4G32605	22.87454545454545
AT4G32610	35.63636363636363
AT4G32620	16.963636363636365
AT4G32630	6.647619047619047
AT4G32640	33.78181818181818
AT4G32650	15.864814814814816
AT4G32660	27.09090909090909
AT4G32670	7.163636363636364
AT4G32680	22.163636363636364
AT4G32690	12.056363636363637
AT4G32700	3.129090909090909
AT4G32710	13.833333333333334
AT4G32714	39.63333333333333
AT4G32717	12.057142857142855
AT4G32720	57.38181818181818
AT4G32730	13.10909090909091
AT4G32750	10.052727272727273
AT4G32760	59.6
AT4G32765	3.0
AT4G32770	24.21818181818182
AT4G32780	3.6074074074074076
AT4G32790	8.296296296296296
AT4G32800	17.32037037037037
AT4G32810	1.4961538461538464
AT4G32820	7.807272727272727
AT4G32830	20.39090909090909
AT4G32840	9.863636363636363
AT4G32850	35.69090909090909
AT4G32860	6.764444444444444
AT4G32870	18.02
AT4G32880	18.51851851851852
AT4G32890	8.632727272727273
AT4G32900	24.09259259259259
AT4G32910	21.563636363636363
AT4G32915	57.91090909090909
AT4G32920	11.472727272727273
AT4G32930	66.05090909090909
AT4G32940	167.3272727272727
AT4G32950	2.343137254901961
AT4G32960	18.581818181818182
AT4G32970	7.247272727272728
AT4G32980	18.724074074074075
AT4G32990	1.0173076923076922
AT4G33000	26.89272727272727
AT4G33010	789.5454545454545
AT4G33020	4.080487804878049
AT4G33030	78.97636363636363
AT4G33040	10.392592592592594
AT4G33050	39.94444444444444
AT4G33060	21.22
AT4G33070	13.430909090909092
AT4G33080	48.58363636363636
AT4G33090	80.43636363636364
AT4G33100	11.87037037037037
AT4G33110	43.78545454545454
AT4G33120	11.591666666666667
AT4G33130	6.125925925925926
AT4G33140	17.036363636363635
AT4G33145	1.6099999999999999
AT4G33150	31.545454545454547
AT4G33160	4.938888888888889
AT4G33170	1.1836363636363636
AT4G33180	15.036363636363637
AT4G33200	15.709090909090909
AT4G33210	26.90909090909091
AT4G33220	37.24074074074074
AT4G33230	29.672727272727272
AT4G33240	17.454545454545453
AT4G33250	117.99454545454545
AT4G33260	12.252727272727272
AT4G33270	25.943636363636365
AT4G33280	0.7195652173913044
AT4G33290	0.2571428571428571
AT4G33300	33.55555555555556
AT4G33320	0.3
AT4G33330	2.2132075471698114
AT4G33350	52.074074074074076
AT4G33355	2.5627906976744184
AT4G33360	49.29636363636364
AT4G33370	0.2076923076923077
AT4G33380	62.69090909090909
AT4G33390	3.0129032258064514
AT4G33400	16.436363636363637
AT4G33410	18.072727272727274
AT4G33420	32.62592592592593
AT4G33430	38.552727272727275
AT4G33440	8.363636363636363
AT4G33450	1.5766666666666667
AT4G33460	16.94363636363636
AT4G33465	3.4545454545454546
AT4G33467	5.770731707317073
AT4G33470	37.71090909090909
AT4G33480	40.51272727272727
AT4G33490	19.472727272727273
AT4G33495	11.327272727272728
AT4G33500	41.03333333333334
AT4G33510	129.83636363636364
AT4G33520	29.40181818181818
AT4G33530	36.36363636363637
AT4G33540	37.2037037037037
AT4G33550	25.654716981132072
AT4G33560	14.277777777777779
AT4G33565	22.88888888888889
AT4G33580	67.27272727272727
AT4G33585	0.21176470588235294
AT4G33590	0.4962962962962963
AT4G33600	2.1
AT4G33610	30.396
AT4G33620	6.192727272727273
AT4G33625	61.27272727272727
AT4G33630	38.72727272727273
AT4G33640	61.09090909090909
AT4G33650	21.89090909090909
AT4G33660	17.85185185185185
AT4G33666	12.275471698113208
AT4G33670	48.945454545454545
AT4G33680	115.7
AT4G33690	12.163636363636364
AT4G33700	31.462962962962962
AT4G33710	2.55
AT4G33720	48.69047619047619
AT4G33730	13.007142857142858
AT4G33735	8.0
AT4G33740	35.5
AT4G33760	29.476363636363637
AT4G33770	4.830909090909091
AT4G33780	36.36363636363637
AT4G33790	13.369811320754717
AT4G33800	1.5309523809523813
AT4G33810	2.0925925925925926
AT4G33820	0.3476190476190476
AT4G33830	0.5
AT4G33840	0.7428571428571428
AT4G33860	94.7
AT4G33865	375.45454545454544
AT4G33870	0.27714285714285714
AT4G33880	3.711111111111111
AT4G33885	0.7999999999999999
AT4G33890	24.472727272727273
AT4G33900	0.45
AT4G33905	2.1547169811320757
AT4G33910	29.78181818181818
AT4G33920	34.41636363636364
AT4G33925	3.5264150943396224
AT4G33930	0.45897435897435895
AT4G33940	26.763636363636362
AT4G33945	22.427272727272726
AT4G33950	16.87037037037037
AT4G33960	25.401851851851852
AT4G33970	29.648076923076925
AT4G33980	17.829090909090908
AT4G33985	10.105454545454545
AT4G33990	2.310909090909091
AT4G34000	40.80363636363636
AT4G34020	25.90740740740741
AT4G34030	40.85818181818181
AT4G34035	2.1
AT4G34040	23.963636363636365
AT4G34050	330.58363636363634
AT4G34060	1.7944444444444445
AT4G34070	24.036363636363635
AT4G34071	0.375
AT4G34090	26.507272727272728
AT4G34100	57.92727272727273
AT4G34110	331.6545454545454
AT4G34120	118.26545454545455
AT4G34131	19.30363636363636
AT4G34135	37.7509090909091
AT4G34138	20.166666666666668
AT4G34139	0.25416666666666665
AT4G34140	11.590909090909092
AT4G34150	115.83636363636364
AT4G34160	29.965454545454545
AT4G34170	0.2916666666666667
AT4G34180	96.85454545454546
AT4G34190	290.5090909090909
AT4G34200	150.16363636363636
AT4G34210	0.4666666666666666
AT4G34215	38.61818181818182
AT4G34220	35.77777777777778
AT4G34230	87.43818181818183
AT4G34240	44.11272727272727
AT4G34250	15.036363636363637
AT4G34260	42.2
AT4G34265	57.70909090909091
AT4G34270	32.221818181818186
AT4G34280	11.569090909090908
AT4G34290	146.3148148148148
AT4G34300	0.24545454545454548
AT4G34310	8.27090909090909
AT4G34320	1.3153846153846156
AT4G34330	0.1
AT4G34332	0.1
AT4G34340	4.196363636363636
AT4G34350	275.07272727272726
AT4G34360	5.611111111111111
AT4G34370	17.0
AT4G34380	2.610204081632653
AT4G34390	17.79090909090909
AT4G34400	2.730769230769231
AT4G34410	7.203225806451614
AT4G34412	12.5
AT4G34419	1.8081081081081078
AT4G34420	2.360377358490566
AT4G34430	17.727272727272727
AT4G34440	9.675
AT4G34450	119.27272727272727
AT4G34460	53.30909090909091
AT4G34470	0.2846153846153846
AT4G34480	38.41090909090909
AT4G34490	63.8
AT4G34500	14.24074074074074
AT4G34510	6.169387755102041
AT4G34520	0.18333333333333332
AT4G34540	6.367272727272727
AT4G34550	1.9139534883720932
AT4G34555	54.81818181818182
AT4G34560	18.314814814814813
AT4G34570	11.272727272727273
AT4G34580	6.014814814814815
AT4G34590	46.870370370370374
AT4G34600	29.23818181818182
AT4G34610	19.01851851851852
AT4G34620	917.5654545454545
AT4G34630	41.14545454545455
AT4G34640	58.36363636363637
AT4G34650	7.043396226415093
AT4G34660	26.745454545454546
AT4G34670	433.19454545454545
AT4G34680	10.25925925925926
AT4G34690	0.24000000000000005
AT4G34695	1.0
AT4G34700	184.3272727272727
AT4G34710	273.0181818181818
AT4G34720	180.61818181818182
AT4G34730	36.75925925925926
AT4G34740	28.22222222222222
AT4G34750	33.09090909090909
AT4G34760	40.2962962962963
AT4G34770	6.1
AT4G34780	0.2333333333333333
AT4G34790	4.819230769230769
AT4G34800	4.684313725490196
AT4G34810	4.1230769230769235
AT4G34830	47.71666666666666
AT4G34840	8.345454545454546
AT4G34850	0.5
AT4G34860	9.785454545454547
AT4G34870	628.6181818181818
AT4G34880	1.288
AT4G34881	7.720754716981132
AT4G34890	27.09090909090909
AT4G34900	9.735185185185186
AT4G34910	14.425925925925926
AT4G34920	72.76363636363637
AT4G34930	1.7345454545454546
AT4G34940	1.234615384615385
AT4G34950	84.76545454545455
AT4G34960	23.076363636363638
AT4G34970	7.703703703703703
AT4G34975	1.0
AT4G34980	64.7090909090909
AT4G34990	8.922222222222222
AT4G35000	190.27272727272728
AT4G35010	195.84705882352938
AT4G35020	23.944444444444443
AT4G35030	4.881481481481482
AT4G35040	21.065454545454543
AT4G35050	14.781818181818181
AT4G35060	24.04074074074074
AT4G35070	6.163636363636364
AT4G35080	36.345454545454544
AT4G35090	586.8727272727273
AT4G35100	637.8148148148148
AT4G35110	10.705454545454545
AT4G35120	0.22000000000000003
AT4G35130	2.049090909090909
AT4G35140	9.47090909090909
AT4G35150	0.39999999999999997
AT4G35160	24.09807692307692
AT4G35165	0.6217391304347827
AT4G35170	0.3384615384615385
AT4G35180	20.516666666666666
AT4G35190	3.7452830188679247
AT4G35200	1.2636363636363637
AT4G35210	0.5476190476190477
AT4G35220	33.4
AT4G35230	55.68518518518518
AT4G35240	12.383636363636365
AT4G35250	112.31090909090909
AT4G35260	89.32727272727273
AT4G35270	8.851851851851851
AT4G35280	4.55
AT4G35290	4.524528301886793
AT4G35295	1.2977272727272726
AT4G35300	30.256363636363634
AT4G35310	73.66666666666667
AT4G35320	31.685185185185187
AT4G35335	24.456363636363633
AT4G35350	39.91272727272727
AT4G35360	33.981818181818184
AT4G35370	0.2421052631578947
AT4G35375	0.13333333333333333
AT4G35380	4.145283018867924
AT4G35390	2.5234042553191487
AT4G35410	17.512727272727272
AT4G35420	11.838181818181818
AT4G35440	12.074545454545454
AT4G35450	243.61818181818182
AT4G35460	25.565454545454543
AT4G35470	24.14814814814815
AT4G35480	12.231481481481481
AT4G35490	65.99272727272727
AT4G35500	7.927272727272728
AT4G35510	15.2
AT4G35520	0.9442307692307692
AT4G35530	11.22
AT4G35540	5.372727272727273
AT4G35550	18.87454545454545
AT4G35560	9.727272727272727
AT4G35570	97.20181818181818
AT4G35580	32.2962962962963
AT4G35590	0.6462962962962961
AT4G35600	21.747272727272726
AT4G35610	33.611111111111114
AT4G35620	9.367272727272729
AT4G35630	60.021818181818176
AT4G35640	2.3962264150943398
AT4G35650	1.6296296296296295
AT4G35655	3.2181818181818183
AT4G35660	0.38518518518518513
AT4G35670	10.35
AT4G35680	0.4238095238095238
AT4G35685	2.3925925925925924
AT4G35690	0.4000000000000001
AT4G35700	54.160000000000004
AT4G35710	0.36
AT4G35720	6.676
AT4G35725	2.23
AT4G35730	16.453703703703702
AT4G35733	0.27999999999999997
AT4G35740	6.441818181818182
AT4G35750	147.7672727272727
AT4G35760	40.474545454545456
AT4G35770	121.94444444444444
AT4G35780	23.085454545454546
AT4G35783	2.3454545454545452
AT4G35785	41.17090909090909
AT4G35790	58.69090909090909
AT4G35800	46.90909090909091
AT4G35810	3.6153846153846154
AT4G35820	0.26
AT4G35830	201.2
AT4G35840	10.253703703703705
AT4G35850	45.00909090909091
AT4G35860	48.78181818181818
AT4G35870	8.07090909090909
AT4G35880	15.703703703703704
AT4G35890	36.38181818181818
AT4G35900	3.490566037735849
AT4G35905	12.161111111111111
AT4G35910	9.514545454545454
AT4G35920	31.11111111111111
AT4G35930	9.638181818181819
AT4G35940	10.527272727272727
AT4G35950	33.21818181818182
AT4G35970	4.257407407407407
AT4G35980	25.727272727272727
AT4G35985	8.653703703703703
AT4G35987	8.555555555555555
AT4G36000	0.7333333333333334
AT4G36010	21.75740740740741
AT4G36020	27.523636363636363
AT4G36030	0.1
AT4G36032	0.2
AT4G36040	147.14909090909092
AT4G36050	3.9672727272727273
AT4G36052	0.1
AT4G36060	2.909259259259259
AT4G36070	0.7263157894736842
AT4G36080	6.818181818181818
AT4G36090	10.436363636363636
AT4G36100	0.2111111111111111
AT4G36105	0.7416666666666667
AT4G36110	3.2867924528301886
AT4G36120	3.7777777777777777
AT4G36130	173.34545454545454
AT4G36140	7.546296296296297
AT4G36150	4.359259259259259
AT4G36160	1.4722222222222223
AT4G36170	0.2
AT4G36180	20.17222222222222
AT4G36190	36.148148148148145
AT4G36195	56.72727272727273
AT4G36197	1.1428571428571428
AT4G36210	46.163636363636364
AT4G36220	81.03703703703704
AT4G36230	4.696296296296296
AT4G36240	11.074074074074074
AT4G36245	8.0
AT4G36250	84.25636363636364
AT4G36260	3.1054545454545455
AT4G36270	4.977358490566038
AT4G36280	3.2462962962962965
AT4G36290	12.02
AT4G36350	0.44666666666666666
AT4G36360	75.42592592592592
AT4G36380	11.8
AT4G36390	59.42
AT4G36400	18.14909090909091
AT4G36410	26.14814814814815
AT4G36420	49.69454545454545
AT4G36430	15.121818181818183
AT4G36440	29.8
AT4G36450	1.0509433962264152
AT4G36460	0.32857142857142857
AT4G36470	8.657407407407407
AT4G36480	20.418181818181818
AT4G36490	70.42307692307692
AT4G36500	73.64814814814815
AT4G36510	0.6312500000000001
AT4G36515	23.863636363636363
AT4G36520	18.962962962962962
AT4G36530	52.55555555555556
AT4G36540	59.851851851851855
AT4G36550	8.731481481481481
AT4G36560	0.175
AT4G36570	11.79622641509434
AT4G36580	5.596296296296296
AT4G36590	0.39
AT4G36600	2.910526315789474
AT4G36610	8.826
AT4G36620	1.9240740740740743
AT4G36630	19.272727272727273
AT4G36635	0.6
AT4G36640	18.509090909090908
AT4G36648	72.96363636363637
AT4G36650	13.222222222222221
AT4G36660	38.62
AT4G36670	32.611111111111114
AT4G36680	19.680000000000003
AT4G36690	97.4
AT4G36700	0.8315789473684211
AT4G36710	10.648148148148149
AT4G36720	14.327272727272728
AT4G36730	56.49090909090909
AT4G36740	4.243181818181818
AT4G36750	39.223636363636366
AT4G36760	48.69090909090909
AT4G36770	0.7941176470588235
AT4G36780	46.60181818181818
AT4G36790	11.381818181818181
AT4G36791	0.8324324324324325
AT4G36795	0.44666666666666666
AT4G36800	118.67272727272727
AT4G36808	0.1
AT4G36810	0.14444444444444446
AT4G36820	1.476470588235294
AT4G36830	3.0481481481481487
AT4G36840	7.454545454545454
AT4G36850	35.43076923076923
AT4G36860	21.814814814814813
AT4G36870	14.12962962962963
AT4G36880	11.652083333333332
AT4G36890	21.703703703703702
AT4G36900	17.90909090909091
AT4G36910	26.056363636363635
AT4G36920	23.37037037037037
AT4G36925	0.2727272727272727
AT4G36930	8.483333333333334
AT4G36940	21.69818181818182
AT4G36945	10.25925925925926
AT4G36950	5.8075
AT4G36960	28.854545454545455
AT4G36970	25.803636363636365
AT4G36980	75.0
AT4G36990	56.2037037037037
AT4G37000	50.75925925925926
AT4G37010	24.131999999999998
AT4G37020	15.379999999999999
AT4G37022	3.467307692307692
AT4G37030	2.3314814814814815
AT4G37040	60.56727272727272
AT4G37050	2.4047619047619047
AT4G37060	0.96
AT4G37070	42.34634146341463
AT4G37080	21.765454545454542
AT4G37090	31.78181818181818
AT4G37095	22.22222222222222
AT4G37100	11.125925925925925
AT4G37110	12.63090909090909
AT4G37120	71.23636363636363
AT4G37130	14.614545454545453
AT4G37140	1.072
AT4G37150	8.43818181818182
AT4G37160	8.76969696969697
AT4G37170	2.0722222222222224
AT4G37175	1.5
AT4G37180	30.29090909090909
AT4G37190	10.907407407407407
AT4G37200	72.62
AT4G37210	27.16
AT4G37220	9.358823529411763
AT4G37225	0.7272727272727273
AT4G37230	0.6878048780487805
AT4G37235	0.762
AT4G37240	17.5
AT4G37250	13.203703703703704
AT4G37260	72.47454545454545
AT4G37270	38.054545454545455
AT4G37280	37.72727272727273
AT4G37290	1.565217391304348
AT4G37295	1.7857142857142858
AT4G37300	209.88888888888889
AT4G37310	26.444444444444443
AT4G37320	10.843636363636364
AT4G37330	32.648148148148145
AT4G37340	3.277777777777778
AT4G37360	0.3333333333333333
AT4G37370	11.545454545454545
AT4G37380	5.82
AT4G37390	8.3
AT4G37400	7.898148148148148
AT4G37410	29.427450980392155
AT4G37420	0.7088235294117647
AT4G37432	0.13999999999999999
AT4G37435	0.3
AT4G37440	36.58181818181818
AT4G37445	4.096296296296296
AT4G37450	50.851851851851855
AT4G37460	31.09090909090909
AT4G37470	60.074074074074076
AT4G37480	12.703636363636365
AT4G37483	15.68888888888889
AT4G37490	9.834545454545454
AT4G37500	0.16666666666666666
AT4G37510	87.12962962962963
AT4G37520	80.51851851851852
AT4G37530	23.992727272727272
AT4G37540	39.70909090909091
AT4G37550	29.12962962962963
AT4G37553	0.33653846153846156
AT4G37560	6.457407407407407
AT4G37580	3.4363636363636365
AT4G37590	33.925925925925924
AT4G37608	4.843636363636365
AT4G37610	50.56363636363636
AT4G37630	5.356363636363636
AT4G37640	28.945454545454545
AT4G37650	15.092592592592593
AT4G37660	19.074545454545454
AT4G37670	5.951851851851852
AT4G37680	16.618181818181817
AT4G37682	1.7924528301886793
AT4G37685	3.1921568627450982
AT4G37690	1.0096153846153846
AT4G37700	6.225
AT4G37710	0.4789473684210526
AT4G37720	1.175
AT4G37730	7.09074074074074
AT4G37740	9.851851851851851
AT4G37750	24.54259259259259
AT4G37760	51.25454545454546
AT4G37770	2.9096153846153845
AT4G37780	0.9379310344827586
AT4G37790	41.55555555555556
AT4G37800	159.87037037037038
AT4G37810	5.4075471698113216
AT4G37820	33.648148148148145
AT4G37830	277.72727272727275
AT4G37840	2.555555555555556
AT4G37850	1.0885714285714287
AT4G37860	0.18823529411764706
AT4G37870	189.21818181818182
AT4G37880	32.74545454545454
AT4G37890	2.3759259259259258
AT4G37895	0.1
AT4G37900	4.287272727272727
AT4G37910	97.59818181818181
AT4G37920	34.425925925925924
AT4G37925	114.788679245283
AT4G37930	1253.8181818181818
AT4G37940	4.755882352941177
AT4G37950	0.5769230769230769
AT4G37970	2.641818181818182
AT4G37980	97.80196078431372
AT4G37990	17.133333333333336
AT4G38000	0.838709677419355
AT4G38010	2.441818181818182
AT4G38020	13.076363636363638
AT4G38030	0.3375
AT4G38040	22.205454545454543
AT4G38050	4.501818181818182
AT4G38060	19.043636363636367
AT4G38062	6.037037037037037
AT4G38065	0.21428571428571427
AT4G38070	0.38500000000000006
AT4G38080	80.74363636363636
AT4G38090	25.85818181818182
AT4G38092	0.7000000000000001
AT4G38100	35.833333333333336
AT4G38120	12.57090909090909
AT4G38130	94.6
AT4G38140	0.7782608695652173
AT4G38150	10.292727272727273
AT4G38160	47.05555555555556
AT4G38170	7.6018181818181825
AT4G38180	1.7407407407407407
AT4G38190	84.2
AT4G38200	17.036363636363635
AT4G38210	0.4395348837209303
AT4G38213	1.5724137931034483
AT4G38215	0.253125
AT4G38220	77.16181818181818
AT4G38225	52.92727272727273
AT4G38230	16.925454545454546
AT4G38240	26.054545454545455
AT4G38260	32.0
AT4G38270	19.70909090909091
AT4G38280	18.509090909090908
AT4G38290	0.6500000000000001
AT4G38300	4.824074074074074
AT4G38310	0.6325581395348837
AT4G38320	9.24
AT4G38330	3.332075471698113
AT4G38340	1.6547169811320754
AT4G38350	34.64545454545455
AT4G38360	31.636363636363637
AT4G38370	17.636363636363637
AT4G38380	5.545454545454546
AT4G38390	1.6214285714285712
AT4G38400	18.79074074074074
AT4G38401	0.6
AT4G38405	1.0999999999999999
AT4G38410	1.4918367346938775
AT4G38420	13.133333333333335
AT4G38430	68.92592592592592
AT4G38440	9.274545454545455
AT4G38460	80.65454545454546
AT4G38470	62.345454545454544
AT4G38480	5.8545454545454545
AT4G38490	35.983636363636364
AT4G38495	16.574545454545454
AT4G38500	20.454545454545453
AT4G38510	112.63636363636364
AT4G38520	58.592592592592595
AT4G38530	2.6777777777777776
AT4G38540	6.47037037037037
AT4G38545	0.7641509433962265
AT4G38550	0.1625
AT4G38552	0.4528301886792453
AT4G38560	2.6239130434782605
AT4G38570	14.327272727272728
AT4G38580	35.93454545454546
AT4G38590	0.9199999999999999
AT4G38600	45.472727272727276
AT4G38620	27.09259259259259
AT4G38630	104.56363636363636
AT4G38640	26.727272727272727
AT4G38650	3.3685185185185187
AT4G38660	35.129629629629626
AT4G38670	9.203703703703704
AT4G38680	201.67090909090908
AT4G38690	35.89272727272727
AT4G38700	2.9018518518518515
AT4G38710	69.81818181818181
AT4G38730	16.10909090909091
AT4G38740	314.3454545454546
AT4G38760	17.772727272727273
AT4G38770	473.962962962963
AT4G38780	1.0277777777777777
AT4G38781	1.15
AT4G38790	41.61818181818182
AT4G38800	153.6727272727273
AT4G38810	26.12962962962963
AT4G38825	0.1
AT4G38830	1.3933333333333333
AT4G38840	77.94905660377358
AT4G38850	5.748076923076923
AT4G38860	48.27407407407408
AT4G38870	0.40769230769230774
AT4G38880	0.18888888888888888
AT4G38890	30.944444444444443
AT4G38900	18.98148148148148
AT4G38905	0.33199999999999996
AT4G38910	5.833333333333333
AT4G38920	155.8
AT4G38930	24.69090909090909
AT4G38932	66.32727272727273
AT4G38940	7.872727272727273
AT4G38950	20.680000000000003
AT4G38960	6.694545454545455
AT4G38970	1957.2727272727273
AT4G38980	11.927272727272728
AT4G38990	0.7
AT4G39000	1.6708333333333334
AT4G39010	2.2185185185185183
AT4G39020	0.5625
AT4G39030	12.112727272727273
AT4G39040	94.83333333333333
AT4G39050	32.872727272727275
AT4G39060	0.15
AT4G39070	6.235185185185185
AT4G39080	144.56363636363636
AT4G39090	629.3272727272728
AT4G39100	41.443636363636365
AT4G39110	43.3611111111111
AT4G39120	17.46181818181818
AT4G39130	8.282352941176471
AT4G39140	20.4
AT4G39150	53.08909090909091
AT4G39160	15.072727272727272
AT4G39170	30.545454545454547
AT4G39180	10.992727272727274
AT4G39190	9.401851851851852
AT4G39195	2.0
AT4G39200	524.8
AT4G39210	21.287272727272725
AT4G39220	36.654545454545456
AT4G39230	11.945454545454545
AT4G39235	10.925925925925926
AT4G39240	28.12727272727273
AT4G39250	1.01
AT4G39260	515.6181818181818
AT4G39270	15.592592592592593
AT4G39280	43.04
AT4G39290	0.2333333333333333
AT4G39300	19.838181818181816
AT4G39320	6.979629629629629
AT4G39330	257.23818181818183
AT4G39340	4.48936170212766
AT4G39345	1.56
AT4G39350	54.92727272727273
AT4G39360	1.06
AT4G39361	31.00740740740741
AT4G39363	95.27999999999999
AT4G39364	50.22222222222222
AT4G39366	45.64181818181819
AT4G39370	6.743636363636363
AT4G39380	2.7925925925925927
AT4G39390	18.036363636363635
AT4G39400	57.27454545454545
AT4G39403	0.6206896551724138
AT4G39404	2.1555555555555554
AT4G39410	2.2245283018867927
AT4G39420	10.105454545454545
AT4G39460	55.876363636363635
AT4G39470	14.472727272727273
AT4G39480	9.514583333333333
AT4G39490	1.0875
AT4G39500	0.3
AT4G39510	14.081818181818182
AT4G39520	59.74545454545454
AT4G39530	1.8629629629629632
AT4G39540	40.50545454545455
AT4G39550	5.412962962962963
AT4G39560	8.347272727272728
AT4G39570	8.383636363636365
AT4G39580	2.6339622641509433
AT4G39590	0.5499999999999999
AT4G39600	2.1574074074074074
AT4G39610	63.42142857142858
AT4G39615	8.266666666666667
AT4G39620	23.166666666666668
AT4G39630	6.876363636363636
AT4G39640	27.825454545454548
AT4G39650	0.28125000000000006
AT4G39660	37.370909090909095
AT4G39670	18.78363636363636
AT4G39672	2.0
AT4G39675	34.920930232558135
AT4G39680	83.0
AT4G39690	28.0
AT4G39700	1.9941176470588236
AT4G39710	65.09629629629629
AT4G39720	2.573584905660377
AT4G39730	144.2
AT4G39740	8.181481481481482
AT4G39745	1.025
AT4G39750	0.2333333333333333
AT4G39753	1.04
AT4G39756	0.20000000000000004
AT4G39760	0.26666666666666666
AT4G39770	9.87962962962963
AT4G39780	15.24074074074074
AT4G39790	1.1759259259259258
AT4G39795	6.775925925925925
AT4G39800	197.07272727272726
AT4G39810	1.5163636363636364
AT4G39820	22.454545454545453
AT4G39830	3.255555555555556
AT4G39838	0.1
AT4G39840	0.1
AT4G39850	23.454545454545453
AT4G39860	28.29090909090909
AT4G39865	0.65
AT4G39870	24.327272727272728
AT4G39880	58.9
AT4G39890	8.014545454545456
AT4G39900	44.41818181818182
AT4G39910	40.41818181818182
AT4G39917	3.516666666666667
AT4G39920	8.716363636363637
AT4G39925	5.201818181818182
AT4G39930	2.3629629629629627
AT4G39940	94.70370370370371
AT4G39950	59.39272727272727
AT4G39952	1.6796296296296294
AT4G39955	14.962962962962964
AT4G39960	60.2037037037037
AT4G39970	81.63636363636364
AT4G39980	103.41818181818182
AT4G39985	1.0
AT4G39990	52.25925925925926
AT4G40000	3.9166666666666665
AT4G40010	5.7846153846153845
AT4G40011	0.9928571428571428
AT4G40020	3.3470588235294114
AT4G40030	281.41818181818184
AT4G40040	379.03636363636366
AT4G40042	30.236363636363638
AT4G40045	34.41818181818182
AT4G40050	27.574074074074073
AT4G40060	78.14814814814815
AT4G40065	5.32037037037037
AT4G40070	3.9836363636363634
AT4G40085	0.125
AT4G40090	52.636585365853655
AT4G40100	2.1
AT5G00730	0.4
AT5G00745	0.85
AT5G00750	46.782500000000006
AT5G00755	32.394999999999996
AT5G00760	34.74285714285715
AT5G00765	5.062790697674418
AT5G00775	0.35000000000000003
AT5G00780	0.30000000000000004
AT5G00790	1.9605263157894737
AT5G00805	0.9
AT5G00810	0.4
AT5G00825	1.4064516129032258
AT5G00835	0.4
AT5G00840	0.3
AT5G00845	0.35000000000000003
AT5G00855	0.9333333333333333
AT5G00865	1.4142857142857144
AT5G00875	0.7875
AT5G00885	0.22499999999999998
AT5G00910	0.33636363636363636
AT5G00925	0.946875
AT5G00930	0.15000000000000002
AT5G00935	0.4
AT5G00940	1.04
AT5G00950	0.43333333333333335
AT5G00955	0.1
AT5G00965	0.4411764705882353
AT5G00970	0.7428571428571429
AT5G00975	0.22000000000000003
AT5G00980	8.33148148148148
AT5G00985	3.664814814814815
AT5G00990	0.3375
AT5G00995	0.4666666666666666
AT5G01010	64.81818181818181
AT5G01015	6.5396226415094345
AT5G01017	0.6866666666666668
AT5G01020	74.06
AT5G01030	10.333333333333334
AT5G01040	20.607692307692307
AT5G01045	0.9740740740740742
AT5G01050	3.161764705882353
AT5G01055	0.7848484848484848
AT5G01060	0.9631578947368421
AT5G01070	0.7461538461538461
AT5G01075	22.560000000000002
AT5G01080	0.2
AT5G01090	33.96296296296296
AT5G01100	9.483636363636364
AT5G01105	0.5
AT5G01110	1.8111111111111113
AT5G01115	0.26666666666666666
AT5G01120	0.7571428571428571
AT5G01125	0.37692307692307686
AT5G01130	0.4
AT5G01135	3.71578947368421
AT5G01140	0.7
AT5G01145	1.4526315789473685
AT5G01150	0.135
AT5G01160	21.254545454545454
AT5G01170	10.965454545454547
AT5G01175	4.283333333333333
AT5G01180	2.357407407407407
AT5G01190	3.2763636363636364
AT5G01200	5.123636363636364
AT5G01205	0.9149999999999998
AT5G01220	54.888888888888886
AT5G01230	6.874545454545455
AT5G01235	0.5421052631578948
AT5G01240	29.88888888888889
AT5G01245	0.5333333333333333
AT5G01250	7.3340000000000005
AT5G01260	15.512727272727274
AT5G01265	0.4166666666666667
AT5G01270	19.345454545454544
AT5G01275	0.3888888888888889
AT5G01280	1.706666666666667
AT5G01290	17.654545454545456
AT5G01300	1.1844444444444446
AT5G01305	0.6709677419354838
AT5G01310	6.465454545454546
AT5G01320	1.0470588235294118
AT5G01325	0.3
AT5G01330	3.522448979591837
AT5G01340	16.10909090909091
AT5G01345	0.48333333333333334
AT5G01350	99.01818181818182
AT5G01360	4.185185185185185
AT5G01370	9.74074074074074
AT5G01380	4.558
AT5G01385	0.3
AT5G01390	9.952727272727273
AT5G01395	0.75
AT5G01400	13.625454545454545
AT5G01405	0.7666666666666666
AT5G01410	160.3272727272727
AT5G01415	0.39999999999999997
AT5G01420	2.161538461538462
AT5G01430	20.854545454545455
AT5G01440	0.7
AT5G01445	3.548148148148148
AT5G01450	13.816363636363636
AT5G01460	32.29090909090909
AT5G01465	0.3
AT5G01470	11.532727272727271
AT5G01475	0.43333333333333335
AT5G01480	0.6509433962264151
AT5G01490	2.85
AT5G01495	4.3657894736842096
AT5G01500	20.16
AT5G01505	21.15609756097561
AT5G01510	7.665454545454546
AT5G01515	22.170454545454547
AT5G01520	17.054545454545455
AT5G01530	2668.3727272727274
AT5G01542	0.1
AT5G01545	1.9307692307692308
AT5G01550	2.108163265306122
AT5G01560	10.905454545454544
AT5G01570	1.5764705882352943
AT5G01580	1.15
AT5G01585	0.4
AT5G01590	106.75925925925925
AT5G01595	4.60377358490566
AT5G01600	203.61818181818182
AT5G01610	20.46
AT5G01620	12.527272727272727
AT5G01630	3.3600000000000003
AT5G01635	0.5
AT5G01640	5.0
AT5G01650	65.0909090909091
AT5G01655	0.26
AT5G01660	1.723076923076923
AT5G01665	0.39999999999999997
AT5G01670	12.083636363636364
AT5G01675	0.24666666666666665
AT5G01680	0.67
AT5G01685	0.3666666666666667
AT5G01690	13.187500000000002
AT5G01700	5.152727272727273
AT5G01710	59.21818181818182
AT5G01720	20.729090909090907
AT5G01730	0.7722222222222223
AT5G01732	0.1
AT5G01740	14.392452830188681
AT5G01747	2.6425
AT5G01750	175.33272727272725
AT5G01760	1.376923076923077
AT5G01765	0.39999999999999997
AT5G01770	5.263636363636364
AT5G01775	1.6150943396226414
AT5G01780	12.185454545454546
AT5G01790	14.50943396226415
AT5G01795	0.35
AT5G01800	90.49090909090908
AT5G01810	45.61818181818182
AT5G01820	57.45454545454545
AT5G01825	1.0
AT5G01830	7.092592592592593
AT5G01840	8.764814814814814
AT5G01845	2.0
AT5G01850	12.275925925925925
AT5G01860	0.31
AT5G01865	0.2
AT5G01870	35.981632653061226
AT5G01875	0.45
AT5G01880	5.053703703703703
AT5G01881	0.2692307692307692
AT5G01885	0.3333333333333333
AT5G01890	15.11111111111111
AT5G01900	2.8757575757575755
AT5G01910	7.742592592592593
AT5G01920	69.89090909090909
AT5G01925	0.35
AT5G01930	25.545454545454547
AT5G01935	0.2736842105263158
AT5G01940	3.337037037037037
AT5G01945	0.8759999999999999
AT5G01950	13.876363636363637
AT5G01960	31.818181818181817
AT5G01965	0.5666666666666667
AT5G01970	12.38888888888889
AT5G01975	0.4
AT5G01980	17.0
AT5G01985	0.6
AT5G01990	11.436363636363636
AT5G01995	0.26666666666666666
AT5G02000	1.1107142857142858
AT5G02010	8.981481481481481
AT5G02015	0.8
AT5G02020	16.585454545454546
AT5G02025	2.15
AT5G02030	13.285185185185185
AT5G02035	0.6
AT5G02040	23.065454545454543
AT5G02045	0.2
AT5G02050	57.38909090909091
AT5G02055	0.43913043478260877
AT5G02060	4.096296296296296
AT5G02065	0.11500000000000002
AT5G02070	0.1
AT5G02075	0.27142857142857146
AT5G02080	2.9555555555555553
AT5G02090	12.163636363636364
AT5G02095	2.369565217391304
AT5G02100	17.98181818181818
AT5G02110	17.464864864864865
AT5G02115	0.6950000000000001
AT5G02120	221.5
AT5G02125	0.26666666666666666
AT5G02130	11.37037037037037
AT5G02135	2.0
AT5G02140	1.16
AT5G02145	0.62
AT5G02150	10.425925925925926
AT5G02155	1.1500000000000001
AT5G02160	481.2309090909091
AT5G02170	2.3735849056603775
AT5G02175	0.3
AT5G02180	11.152727272727272
AT5G02185	0.8
AT5G02190	6.722222222222222
AT5G02200	3.0754716981132075
AT5G02205	0.375
AT5G02210	0.4807692307692308
AT5G02215	0.1
AT5G02220	2.0944444444444446
AT5G02225	2.017073170731707
AT5G02230	23.527272727272727
AT5G02240	191.83636363636364
AT5G02245	0.8
AT5G02250	22.072727272727274
AT5G02255	95.98888888888888
AT5G02260	33.31454545454545
AT5G02265	0.5
AT5G02270	44.21818181818182
AT5G02275	0.26666666666666666
AT5G02280	25.89818181818182
AT5G02290	34.5
AT5G02310	20.465454545454545
AT5G02320	3.118181818181818
AT5G02330	0.321875
AT5G02335	0.375
AT5G02340	0.3
AT5G02345	0.6
AT5G02350	2.5
AT5G02360	3.567647058823529
AT5G02365	0.2
AT5G02370	9.209090909090909
AT5G02375	0.575
AT5G02380	2531.509090909091
AT5G02390	1.0166666666666668
AT5G02395	0.425
AT5G02400	3.423636363636364
AT5G02405	0.44999999999999996
AT5G02410	9.296363636363637
AT5G02415	1.5219999999999998
AT5G02420	9.996153846153845
AT5G02425	1.8784313725490196
AT5G02430	4.792727272727273
AT5G02440	11.52909090909091
AT5G02450	406.09818181818184
AT5G02460	3.346296296296296
AT5G02470	9.82909090909091
AT5G02480	92.13636363636364
AT5G02485	0.35555555555555557
AT5G02490	47.732727272727274
AT5G02495	0.5
AT5G02500	1570.1272727272728
AT5G02502	38.161818181818184
AT5G02505	2.0
AT5G02510	0.5022222222222222
AT5G02515	7.758823529411765
AT5G02520	2.267924528301887
AT5G02525	0.7243243243243245
AT5G02530	79.7090909090909
AT5G02535	1.6735294117647062
AT5G02540	16.074074074074073
AT5G02550	23.645283018867925
AT5G02560	11.74909090909091
AT5G02565	24.14814814814815
AT5G02575	14.077358490566038
AT5G02580	6.312244897959182
AT5G02590	12.351851851851851
AT5G02595	0.532
AT5G02600	10.053703703703704
AT5G02605	0.62
AT5G02610	127.4
AT5G02615	0.3
AT5G02620	20.27777777777778
AT5G02630	6.216666666666667
AT5G02635	0.25
AT5G02640	3.3113207547169807
AT5G02645	2.2964285714285713
AT5G02650	9.537037037037036
AT5G02660	0.26666666666666666
AT5G02665	23.415384615384614
AT5G02670	8.662962962962963
AT5G02675	18.483333333333334
AT5G02680	10.248148148148148
AT5G02685	0.3666666666666667
AT5G02690	13.235294117647058
AT5G02700	0.19999999999999998
AT5G02705	0.8028571428571429
AT5G02710	19.419999999999998
AT5G02715	0.45
AT5G02720	0.6166666666666667
AT5G02725	2.45
AT5G02730	0.425
AT5G02740	26.15090909090909
AT5G02745	0.584
AT5G02750	3.475925925925926
AT5G02760	28.20909090909091
AT5G02765	0.44999999999999996
AT5G02770	114.85454545454546
AT5G02780	9.965384615384616
AT5G02790	220.03636363636363
AT5G02795	0.525
AT5G02800	22.205454545454543
AT5G02805	0.48571428571428577
AT5G02810	53.79454545454545
AT5G02820	16.22
AT5G02825	0.48333333333333334
AT5G02830	26.380000000000003
AT5G02840	53.50909090909091
AT5G02850	17.51851851851852
AT5G02855	0.6333333333333333
AT5G02860	11.944444444444445
AT5G02865	1.397674418604651
AT5G02870	410.32
AT5G02875	2.2632653061224492
AT5G02880	19.98181818181818
AT5G02885	0.9045454545454544
AT5G02890	20.944444444444443
AT5G02900	0.2777777777777778
AT5G02905	1.2916666666666667
AT5G02910	6.012727272727273
AT5G02920	0.36
AT5G02925	0.4
AT5G02930	0.3368421052631579
AT5G02935	0.13333333333333333
AT5G02940	67.06111111111112
AT5G02945	1.35
AT5G02950	3.511111111111111
AT5G02955	0.2333333333333333
AT5G02960	752.4854545454544
AT5G02965	0.5
AT5G02970	18.14814814814815
AT5G02975	0.5
AT5G02980	0.35
AT5G02990	1.0
AT5G02995	0.7
AT5G03000	1.4875
AT5G03005	0.25
AT5G03010	0.6066666666666667
AT5G03015	1.975
AT5G03020	0.6096153846153847
AT5G03025	0.6
AT5G03030	25.581818181818182
AT5G03035	0.6333333333333333
AT5G03040	90.23818181818183
AT5G03045	0.6625000000000001
AT5G03050	6.220000000000001
AT5G03055	0.6499999999999999
AT5G03060	1.106521739130435
AT5G03065	0.5333333333333333
AT5G03070	9.518181818181818
AT5G03080	33.25454545454546
AT5G03085	2.336
AT5G03090	1.1064516129032258
AT5G03095	0.3
AT5G03100	4.667272727272727
AT5G03105	1.0
AT5G03110	5.64
AT5G03115	0.45714285714285713
AT5G03120	16.646153846153847
AT5G03125	0.7666666666666666
AT5G03130	1.54
AT5G03135	0.4
AT5G03140	10.437037037037037
AT5G03145	0.2
AT5G03150	11.916666666666666
AT5G03155	0.2
AT5G03160	36.054545454545455
AT5G03165	2.590909090909091
AT5G03170	35.81481481481482
AT5G03175	0.6162790697674418
AT5G03180	7.1648148148148145
AT5G03190	20.636363636363637
AT5G03195	0.33636363636363636
AT5G03200	17.241818181818182
AT5G03204	1.2583333333333333
AT5G03205	0.1
AT5G03210	11.790384615384616
AT5G03215	1.95
AT5G03220	13.572727272727272
AT5G03230	23.61111111111111
AT5G03235	0.9583333333333334
AT5G03240	553.5454545454545
AT5G03250	2.4254545454545458
AT5G03255	0.12500000000000003
AT5G03260	14.538181818181819
AT5G03270	0.9096153846153847
AT5G03275	0.6
AT5G03280	42.62
AT5G03285	25.796296296296298
AT5G03290	104.0909090909091
AT5G03295	1.38
AT5G03300	83.58181818181818
AT5G03305	1.3000000000000003
AT5G03315	1.8357142857142856
AT5G03320	19.037037037037038
AT5G03325	0.4125
AT5G03330	11.181818181818182
AT5G03335	0.15000000000000002
AT5G03340	20.44
AT5G03345	28.072727272727274
AT5G03350	71.36078431372549
AT5G03355	4.651851851851852
AT5G03360	0.4166666666666667
AT5G03370	17.818181818181817
AT5G03380	70.91272727272727
AT5G03385	1.125
AT5G03390	5.4222222222222225
AT5G03395	3.4575757575757575
AT5G03400	0.3
AT5G03406	7.412962962962963
AT5G03415	13.841818181818182
AT5G03420	29.080000000000002
AT5G03430	44.00545454545455
AT5G03435	0.4760869565217391
AT5G03440	8.461818181818181
AT5G03450	9.709090909090909
AT5G03455	57.72727272727273
AT5G03460	119.94545454545455
AT5G03470	15.127272727272727
AT5G03475	1.5377358490566038
AT5G03480	0.79
AT5G03485	3.1183673469387756
AT5G03490	13.074545454545454
AT5G03495	1.8907407407407406
AT5G03500	9.8
AT5G03510	5.061111111111111
AT5G03515	0.6000000000000001
AT5G03520	88.54727272727273
AT5G03525	0.4
AT5G03530	17.918181818181818
AT5G03535	0.6
AT5G03540	43.351851851851855
AT5G03545	36.611111111111114
AT5G03550	2.054054054054054
AT5G03552	13.328846153846152
AT5G03553	26.1037037037037
AT5G03555	27.345454545454544
AT5G03560	12.036363636363637
AT5G03565	0.3
AT5G03570	3.1454545454545455
AT5G03575	0.32727272727272727
AT5G03580	0.325
AT5G03585	0.3178571428571428
AT5G03590	0.7142857142857143
AT5G03595	0.30000000000000004
AT5G03600	5.3
AT5G03605	0.125
AT5G03610	36.94444444444444
AT5G03615	7.421739130434782
AT5G03620	1.3653061224489798
AT5G03625	0.4
AT5G03630	133.2
AT5G03640	1.1547169811320754
AT5G03645	1.0
AT5G03650	62.30909090909091
AT5G03660	63.27454545454545
AT5G03668	0.12727272727272726
AT5G03670	2.8203703703703704
AT5G03680	2.922641509433962
AT5G03690	17.418181818181818
AT5G03695	0.7000000000000001
AT5G03700	9.552727272727273
AT5G03705	0.65
AT5G03710	0.3090909090909091
AT5G03720	3.7537037037037035
AT5G03730	36.25454545454546
AT5G03740	73.8
AT5G03745	6.0
AT5G03750	1.0
AT5G03755	0.3
AT5G03760	66.18181818181819
AT5G03765	0.9
AT5G03770	3.4345454545454546
AT5G03775	2.0
AT5G03780	5.385454545454545
AT5G03790	1.6980000000000002
AT5G03795	0.9685185185185184
AT5G03800	5.851851851851852
AT5G03810	0.64
AT5G03815	0.35
AT5G03820	29.82
AT5G03825	0.7833333333333333
AT5G03830	12.229629629629631
AT5G03840	1.9240000000000002
AT5G03850	227.94545454545454
AT5G03860	9.555555555555555
AT5G03870	8.131481481481481
AT5G03875	1.2166666666666668
AT5G03880	177.4909090909091
AT5G03885	1.393478260869565
AT5G03890	2.338888888888889
AT5G03900	40.01851851851852
AT5G03905	25.963636363636365
AT5G03910	28.27777777777778
AT5G03915	0.30000000000000004
AT5G03920	0.3428571428571429
AT5G03925	0.30000000000000004
AT5G03930	0.4636363636363636
AT5G03935	0.1
AT5G03940	130.1851851851852
AT5G03944	1.75
AT5G03945	0.3
AT5G03955	0.36
AT5G03960	4.09245283018868
AT5G03970	9.961818181818181
AT5G03980	0.22499999999999998
AT5G03985	0.9868421052631579
AT5G03990	8.745454545454546
AT5G03995	9.80566037735849
AT5G04000	2.181132075471698
AT5G04010	0.2625
AT5G04020	11.885185185185184
AT5G04025	0.6
AT5G04030	0.16666666666666666
AT5G04035	0.6
AT5G04040	24.181818181818183
AT5G04045	0.2571428571428571
AT5G04047	4.05
AT5G04050	3.425925925925926
AT5G04055	0.3129032258064516
AT5G04060	14.49090909090909
AT5G04065	0.8973684210526316
AT5G04070	6.84
AT5G04075	1.605263157894737
AT5G04080	29.703703703703702
AT5G04085	8.5
AT5G04090	15.521818181818183
AT5G04105	158.82307692307694
AT5G04110	8.521818181818182
AT5G04115	0.15000000000000002
AT5G04120	7.536363636363636
AT5G04130	21.236363636363638
AT5G04135	0.6
AT5G04140	343.20185185185187
AT5G04145	0.6461538461538462
AT5G04150	5.693617021276596
AT5G04160	23.963636363636365
AT5G04165	0.5
AT5G04170	59.87818181818182
AT5G04180	146.71818181818182
AT5G04185	0.8789473684210526
AT5G04190	5.0807692307692305
AT5G04195	0.2
AT5G04200	17.53090909090909
AT5G04205	1.062
AT5G04210	0.43125
AT5G04220	8.52
AT5G04225	0.6
AT5G04230	9.6
AT5G04240	13.181818181818182
AT5G04245	0.35
AT5G04250	7.307272727272727
AT5G04260	22.537037037037038
AT5G04267	0.48888888888888893
AT5G04270	8.0
AT5G04275	3.628571428571429
AT5G04280	24.21090909090909
AT5G04290	15.672727272727272
AT5G04305	6.633333333333335
AT5G04310	2.8309090909090906
AT5G04320	15.930909090909092
AT5G04325	0.1
AT5G04330	3.4
AT5G04340	26.37636363636364
AT5G04345	0.35
AT5G04347	6.214285714285714
AT5G04350	0.5399999999999999
AT5G04355	0.43636363636363634
AT5G04360	18.39090909090909
AT5G04370	2.924489795918367
AT5G04380	1.5687499999999999
AT5G04385	0.3
AT5G04390	1.4452830188679244
AT5G04395	0.9
AT5G04400	0.27083333333333337
AT5G04405	0.4882352941176471
AT5G04410	53.54545454545455
AT5G04420	26.527272727272727
AT5G04425	13.780392156862744
AT5G04430	153.98181818181817
AT5G04435	0.39999999999999997
AT5G04440	49.9
AT5G04445	0.20000000000000004
AT5G04460	14.454545454545455
AT5G04465	27.94705882352941
AT5G04470	15.535185185185185
AT5G04480	15.421818181818182
AT5G04490	33.22222222222222
AT5G04495	0.4142857142857143
AT5G04500	2.344444444444444
AT5G04505	0.25
AT5G04510	26.472727272727273
AT5G04520	11.152727272727272
AT5G04530	37.3235294117647
AT5G04540	19.545454545454547
AT5G04550	47.148148148148145
AT5G04560	17.05636363636364
AT5G04575	0.5499999999999999
AT5G04585	1.35
AT5G04590	160.73454545454544
AT5G04595	0.6
AT5G04600	47.48727272727273
AT5G04605	1.0
AT5G04615	0.4
AT5G04620	10.218181818181819
AT5G04625	0.225
AT5G04630	0.2567567567567568
AT5G04635	1.1
AT5G04640	0.6666666666666666
AT5G04665	0.22307692307692312
AT5G04670	9.156363636363636
AT5G04680	1.7166666666666668
AT5G04690	1.3333333333333333
AT5G04695	0.325
AT5G04700	1.5148148148148148
AT5G04705	0.3
AT5G04710	30.87454545454545
AT5G04720	32.111111111111114
AT5G04725	0.15
AT5G04730	0.40714285714285714
AT5G04740	73.56545454545454
AT5G04745	0.5
AT5G04750	143.3272727272727
AT5G04755	0.25
AT5G04760	9.076363636363636
AT5G04770	6.1436363636363645
AT5G04775	0.2
AT5G04780	3.232727272727273
AT5G04785	0.5846153846153845
AT5G04795	0.4166666666666667
AT5G04800	94.07272727272728
AT5G04810	55.71272727272727
AT5G04815	0.72
AT5G04820	10.10909090909091
AT5G04825	0.4125
AT5G04830	72.8
AT5G04840	3.962962962962963
AT5G04845	0.6777777777777777
AT5G04850	34.46909090909091
AT5G04853	1.2333333333333334
AT5G04855	0.39999999999999997
AT5G04860	12.89090909090909
AT5G04865	0.4
AT5G04870	42.166666666666664
AT5G04885	24.510909090909088
AT5G04890	7.796296296296297
AT5G04895	4.781481481481482
AT5G04900	25.85185185185185
AT5G04905	0.15000000000000002
AT5G04910	25.09090909090909
AT5G04920	37.61818181818182
AT5G04925	0.5
AT5G04930	30.509090909090908
AT5G04933	0.30000000000000004
AT5G04935	0.8
AT5G04937	0.43333333333333335
AT5G04940	11.703703703703704
AT5G04950	60.30769230769231
AT5G04955	8.0
AT5G04960	19.44
AT5G04970	7.5659090909090905
AT5G04975	1.0
AT5G04980	5.383333333333333
AT5G04990	30.89090909090909
AT5G04995	0.2
AT5G05000	24.932727272727274
AT5G05010	133.47272727272727
AT5G05015	1.2
AT5G05020	0.2214285714285714
AT5G05030	0.3
AT5G05035	3.0
AT5G05040	0.7769230769230769
AT5G05045	0.1
AT5G05050	0.4666666666666666
AT5G05055	0.2
AT5G05060	47.4
AT5G05070	13.16923076923077
AT5G05075	0.3
AT5G05080	77.89090909090909
AT5G05085	0.1375
AT5G05090	0.4600000000000001
AT5G05095	0.1
AT5G05100	52.8
AT5G05105	0.4
AT5G05110	33.14545454545455
AT5G05113	0.48333333333333334
AT5G05120	0.25
AT5G05125	0.5533333333333332
AT5G05130	3.227272727272727
AT5G05135	0.6142857142857142
AT5G05140	22.763636363636362
AT5G05150	0.19333333333333336
AT5G05155	0.1
AT5G05160	13.833333333333334
AT5G05170	202.5090909090909
AT5G05175	1.0
AT5G05180	16.666666666666668
AT5G05185	0.6
AT5G05190	6.665454545454546
AT5G05195	0.4
AT5G05200	108.51454545454546
AT5G05205	0.23333333333333336
AT5G05210	39.163636363636364
AT5G05220	1.903125
AT5G05230	20.8
AT5G05235	0.45
AT5G05240	5.734545454545454
AT5G05250	31.334545454545456
AT5G05255	0.1
AT5G05260	0.21111111111111114
AT5G05265	3.114285714285714
AT5G05270	48.40909090909091
AT5G05275	0.4
AT5G05280	0.47714285714285715
AT5G05290	0.4851851851851852
AT5G05300	2.468292682926829
AT5G05310	8.158181818181818
AT5G05315	0.35
AT5G05320	4.444444444444445
AT5G05325	1.0
AT5G05330	4.640740740740741
AT5G05335	0.5
AT5G05340	22.83333333333333
AT5G05350	1.1036363636363635
AT5G05360	28.563636363636363
AT5G05365	7.709615384615384
AT5G05370	96.96363636363637
AT5G05375	2.4
AT5G05380	9.156363636363636
AT5G05385	0.8
AT5G05390	3.2469387755102046
AT5G05395	0.9444444444444444
AT5G05400	2.396296296296296
AT5G05410	18.30363636363636
AT5G05415	0.8200000000000001
AT5G05420	1.6613636363636362
AT5G05425	0.6428571428571429
AT5G05430	1.353191489361702
AT5G05435	3.4981481481481485
AT5G05440	35.166666666666664
AT5G05445	0.5777777777777777
AT5G05450	20.074545454545454
AT5G05455	0.6
AT5G05460	9.12962962962963
AT5G05465	0.6923076923076923
AT5G05470	22.912727272727274
AT5G05475	0.2857142857142857
AT5G05480	10.28
AT5G05490	0.4133333333333334
AT5G05495	0.65
AT5G05500	35.68684210526316
AT5G05510	4.652727272727272
AT5G05515	0.4
AT5G05520	25.70909090909091
AT5G05525	0.36428571428571427
AT5G05530	0.4258064516129032
AT5G05540	19.78363636363636
AT5G05545	1.0
AT5G05550	8.750909090909092
AT5G05555	1.2
AT5G05560	5.37090909090909
AT5G05565	0.6
AT5G05570	12.363636363636363
AT5G05580	45.31636363636364
AT5G05585	0.825
AT5G05590	3.5685185185185184
AT5G05598	0.4666666666666667
AT5G05600	72.84814814814816
AT5G05605	0.9666666666666667
AT5G05610	54.09636363636364
AT5G05620	15.52909090909091
AT5G05625	0.3333333333333333
AT5G05630	2.4185185185185185
AT5G05640	3.170909090909091
AT5G05645	0.4
AT5G05650	0.44999999999999996
AT5G05653	0.6
AT5G05657	0.375
AT5G05660	19.818181818181817
AT5G05665	0.3
AT5G05670	22.8
AT5G05675	0.6
AT5G05680	10.036363636363637
AT5G05685	0.4
AT5G05690	117.83333333333333
AT5G05695	0.4000000000000001
AT5G05700	19.181818181818183
AT5G05705	0.76
AT5G05710	15.981818181818182
AT5G05720	0.3
AT5G05725	0.3444444444444444
AT5G05730	37.27454545454545
AT5G05735	0.4166666666666667
AT5G05740	58.739999999999995
AT5G05750	21.2
AT5G05755	2.0
AT5G05760	12.272727272727273
AT5G05765	0.28095238095238095
AT5G05770	0.4727272727272727
AT5G05780	88.15636363636364
AT5G05785	1.0551724137931036
AT5G05790	7.996296296296297
AT5G05800	20.363636363636363
AT5G05805	1.1818181818181819
AT5G05810	2.3629629629629627
AT5G05815	0.2
AT5G05820	18.181818181818183
AT5G05830	15.314814814814815
AT5G05840	2.237037037037037
AT5G05845	0.8
AT5G05850	7.418181818181818
AT5G05855	0.65
AT5G05860	17.85185185185185
AT5G05865	0.6230769230769232
AT5G05870	12.342592592592593
AT5G05875	0.5
AT5G05880	4.346938775510204
AT5G05890	13.554716981132074
AT5G05895	0.4
AT5G05900	1.4258064516129034
AT5G05905	0.5333333333333333
AT5G05910	0.36000000000000004
AT5G05915	1.0
AT5G05920	11.185454545454546
AT5G05925	0.8
AT5G05930	13.745454545454546
AT5G05940	6.057407407407408
AT5G05945	1.3
AT5G05950	21.37090909090909
AT5G05960	51.0574074074074
AT5G05965	2.6847826086956523
AT5G05970	11.025454545454545
AT5G05975	0.993103448275862
AT5G05980	26.53090909090909
AT5G05987	15.072727272727272
AT5G05990	18.654545454545456
AT5G06000	6.303703703703703
AT5G06005	0.5
AT5G06010	0.375
AT5G06015	4.925
AT5G06020	0.4
AT5G06025	2.0
AT5G06035	0.1
AT5G06040	0.6
AT5G06043	0.95
AT5G06045	0.36
AT5G06050	17.71090909090909
AT5G06055	1.6
AT5G06060	67.08
AT5G06065	0.475
AT5G06070	0.5958333333333333
AT5G06075	0.45
AT5G06080	0.728
AT5G06085	0.27999999999999997
AT5G06090	2.3897435897435897
AT5G06095	0.5
AT5G06100	9.752727272727272
AT5G06110	50.63999999999999
AT5G06115	1.0923076923076922
AT5G06120	14.945454545454545
AT5G06130	61.31454545454546
AT5G06140	58.90909090909091
AT5G06145	0.16666666666666666
AT5G06150	23.60909090909091
AT5G06155	0.16666666666666666
AT5G06160	29.87272727272727
AT5G06165	0.9520833333333333
AT5G06170	0.48333333333333334
AT5G06180	6.0
AT5G06190	4.9363636363636365
AT5G06200	8.95531914893617
AT5G06205	0.35
AT5G06210	23.01818181818182
AT5G06220	33.847272727272724
AT5G06230	1.9132075471698111
AT5G06235	0.375
AT5G06240	13.296296296296296
AT5G06250	1.1962962962962962
AT5G06255	0.34
AT5G06260	24.527272727272727
AT5G06265	9.694545454545455
AT5G06270	15.842592592592593
AT5G06275	0.23333333333333334
AT5G06280	20.6
AT5G06290	206.64000000000001
AT5G06295	0.4642857142857143
AT5G06300	16.90740740740741
AT5G06305	41.364999999999995
AT5G06310	3.3436363636363637
AT5G06320	98.42909090909092
AT5G06330	4.032075471698113
AT5G06340	89.43636363636364
AT5G06345	0.3
AT5G06350	11.28909090909091
AT5G06360	116.77090909090909
AT5G06370	40.836363636363636
AT5G06380	0.38085106382978723
AT5G06390	39.629629629629626
AT5G06400	0.9509433962264151
AT5G06405	0.25
AT5G06410	8.907407407407407
AT5G06415	0.39999999999999997
AT5G06420	2.237037037037037
AT5G06425	0.6
AT5G06430	7.692727272727273
AT5G06435	0.65
AT5G06440	24.64814814814815
AT5G06445	0.3
AT5G06450	15.333333333333334
AT5G06455	0.3333333333333333
AT5G06460	20.819999999999997
AT5G06470	2.4264150943396223
AT5G06475	0.7219512195121952
AT5G06480	4.366037735849057
AT5G06490	1.1129032258064515
AT5G06495	0.75
AT5G06500	0.35
AT5G06510	2.7830188679245285
AT5G06515	0.3
AT5G06520	0.2
AT5G06525	0.4
AT5G06530	27.38703703703704
AT5G06535	0.4166666666666667
AT5G06540	1.7490909090909093
AT5G06545	0.27999999999999997
AT5G06550	11.294545454545455
AT5G06560	21.10909090909091
AT5G06565	6.489999999999999
AT5G06570	8.068518518518518
AT5G06580	21.0
AT5G06585	4.784848484848484
AT5G06590	4.252727272727272
AT5G06600	53.127272727272725
AT5G06610	10.87037037037037
AT5G06615	0.2
AT5G06620	5.352727272727273
AT5G06630	29.454838709677418
AT5G06635	0.3
AT5G06640	40.98484848484849
AT5G06650	0.3866666666666667
AT5G06655	0.37857142857142856
AT5G06660	33.60181818181818
AT5G06670	7.266666666666667
AT5G06675	0.2
AT5G06680	8.666666666666666
AT5G06690	51.01851851851852
AT5G06700	54.058181818181815
AT5G06705	0.1
AT5G06710	6.351851851851852
AT5G06715	0.6000000000000001
AT5G06720	10.353703703703705
AT5G06730	2.4346938775510205
AT5G06735	0.25
AT5G06740	4.465853658536585
AT5G06745	0.35
AT5G06750	13.42
AT5G06755	0.696551724137931
AT5G06760	7.705882352941177
AT5G06765	4.585714285714286
AT5G06770	8.314545454545454
AT5G06775	0.375
AT5G06780	22.929090909090906
AT5G06790	5.425925925925926
AT5G06795	0.9083333333333333
AT5G06800	5.830188679245283
AT5G06810	4.87962962962963
AT5G06811	4.837037037037037
AT5G06815	1.0
AT5G06820	0.5557692307692308
AT5G06825	16.785365853658536
AT5G06830	20.927272727272726
AT5G06835	3.282758620689655
AT5G06839	8.013636363636364
AT5G06845	43.05849056603773
AT5G06850	7.222222222222222
AT5G06855	0.2
AT5G06860	1.2021276595744683
AT5G06865	0.7326086956521738
AT5G06870	68.9943396226415
AT5G06875	0.5909090909090909
AT5G06880	0.6
AT5G06885	0.35
AT5G06890	0.82
AT5G06900	1.0642857142857143
AT5G06905	0.8400000000000001
AT5G06910	25.01818181818182
AT5G06915	0.35
AT5G06920	0.21666666666666665
AT5G06925	0.6499999999999999
AT5G06930	5.616363636363636
AT5G06940	2.6058823529411765
AT5G06945	0.3
AT5G06950	10.0
AT5G06960	14.407407407407407
AT5G06965	0.4
AT5G06970	26.638181818181817
AT5G06975	1.0
AT5G06980	26.303636363636365
AT5G06985	0.45
AT5G06990	2.715384615384615
AT5G06995	0.36666666666666664
AT5G07000	11.324074074074074
AT5G07010	27.461111111111112
AT5G07015	0.1875
AT5G07020	216.20363636363638
AT5G07030	110.70370370370371
AT5G07035	0.22000000000000003
AT5G07040	1.2755555555555558
AT5G07050	0.1875
AT5G07055	0.20000000000000004
AT5G07060	0.7365384615384615
AT5G07065	0.55
AT5G07070	4.074074074074074
AT5G07080	9.049999999999999
AT5G07090	415.6036363636364
AT5G07095	91.85510204081632
AT5G07100	14.362962962962964
AT5G07105	10.11860465116279
AT5G07110	13.625925925925925
AT5G07115	0.55
AT5G07120	14.054545454545455
AT5G07125	0.25
AT5G07130	4.983333333333333
AT5G07140	4.346296296296296
AT5G07152	0.36
AT5G07155	0.5
AT5G07160	0.25
AT5G07165	0.21818181818181823
AT5G07170	0.9842105263157894
AT5G07175	1.0238095238095237
AT5G07180	8.137254901960784
AT5G07185	0.3
AT5G07190	2.0161290322580645
AT5G07195	0.2
AT5G07200	0.5536585365853659
AT5G07205	0.6
AT5G07210	0.25
AT5G07220	73.40181818181819
AT5G07225	0.9285714285714286
AT5G07230	4.9125
AT5G07240	32.425925925925924
AT5G07250	19.418181818181818
AT5G07255	1.0
AT5G07260	0.16999999999999998
AT5G07270	25.236363636363638
AT5G07280	4.216666666666667
AT5G07285	3.7220000000000004
AT5G07290	19.654545454545456
AT5G07295	0.5
AT5G07300	37.81481481481482
AT5G07310	0.5291666666666667
AT5G07315	1.0
AT5G07320	12.854545454545455
AT5G07322	35.990566037735846
AT5G07325	60.20294117647059
AT5G07330	1.8580645161290323
AT5G07340	42.14909090909091
AT5G07350	80.50909090909092
AT5G07355	0.4
AT5G07360	15.833333333333334
AT5G07365	0.6428571428571429
AT5G07370	31.676363636363636
AT5G07380	0.7653846153846153
AT5G07390	2.4074999999999998
AT5G07395	1.9428571428571428
AT5G07400	2.0327272727272727
AT5G07410	961.7692307692307
AT5G07415	1.0
AT5G07420	140.8625
AT5G07425	0.6
AT5G07430	780.0882352941178
AT5G07440	166.78181818181818
AT5G07445	0.4
AT5G07450	1.5225806451612904
AT5G07455	0.35714285714285715
AT5G07460	51.148148148148145
AT5G07465	0.5
AT5G07470	91.50909090909092
AT5G07475	11.660416666666668
AT5G07480	0.3333333333333333
AT5G07490	3.3800000000000003
AT5G07495	0.5
AT5G07500	0.37941176470588234
AT5G07510	13.819047619047621
AT5G07520	1.9354838709677422
AT5G07525	0.37586206896551727
AT5G07530	95.96153846153847
AT5G07540	19.877777777777776
AT5G07550	26.986363636363638
AT5G07555	0.504
AT5G07560	5.617391304347826
AT5G07565	0.35
AT5G07570	0.45434782608695656
AT5G07571	0.2625
AT5G07572	0.25
AT5G07575	0.32499999999999996
AT5G07580	107.4074074074074
AT5G07590	9.42909090909091
AT5G07600	2.1
AT5G07605	0.9142857142857144
AT5G07610	8.685185185185185
AT5G07620	5.231481481481482
AT5G07630	15.807272727272727
AT5G07635	0.19999999999999998
AT5G07640	1.3962264150943395
AT5G07650	0.911904761904762
AT5G07655	0.15000000000000002
AT5G07660	2.7314814814814814
AT5G07665	0.2
AT5G07670	13.440000000000001
AT5G07675	0.6
AT5G07680	8.707692307692309
AT5G07690	22.764583333333334
AT5G07695	0.15000000000000002
AT5G07700	2.7162790697674417
AT5G07705	0.48750000000000004
AT5G07710	6.752727272727272
AT5G07715	0.2
AT5G07720	3.089090909090909
AT5G07725	159.10588235294117
AT5G07730	7.327272727272727
AT5G07735	22.51111111111111
AT5G07740	21.072727272727274
AT5G07745	48.190322580645166
AT5G07760	0.6333333333333334
AT5G07770	11.485185185185186
AT5G07780	1.202
AT5G07785	0.4833333333333334
AT5G07790	4.952727272727272
AT5G07795	1.65
AT5G07800	4.403703703703704
AT5G07805	0.35
AT5G07810	3.805454545454545
AT5G07815	0.2
AT5G07820	9.053703703703704
AT5G07830	20.01851851851852
AT5G07835	0.4
AT5G07840	18.66
AT5G07845	0.2
AT5G07850	0.26666666666666666
AT5G07855	0.4333333333333333
AT5G07860	22.90740740740741
AT5G07865	0.25
AT5G07870	15.856363636363637
AT5G07875	0.65
AT5G07880	0.3711111111111111
AT5G07885	0.2921052631578947
AT5G07890	13.052727272727273
AT5G07895	1.502857142857143
AT5G07900	9.185185185185185
AT5G07910	15.709090909090909
AT5G07915	0.26666666666666666
AT5G07920	14.792727272727273
AT5G07930	0.15
AT5G07940	14.114545454545453
AT5G07945	1.0
AT5G07950	9.821818181818182
AT5G07955	0.61875
AT5G07960	53.92727272727273
AT5G07965	0.35
AT5G07970	15.172727272727272
AT5G07980	8.987272727272728
AT5G07990	12.718518518518518
AT5G07995	2.2863636363636366
AT5G08000	35.97592592592592
AT5G08005	0.2727272727272727
AT5G08010	11.61111111111111
AT5G08015	0.2
AT5G08020	8.92909090909091
AT5G08030	1.5687499999999999
AT5G08035	0.3333333333333333
AT5G08040	79.34545454545454
AT5G08050	164.75925925925927
AT5G08055	0.68
AT5G08060	117.85454545454546
AT5G08065	0.39999999999999997
AT5G08070	4.03469387755102
AT5G08075	2.0
AT5G08080	44.4
AT5G08085	0.2
AT5G08090	0.16666666666666666
AT5G08095	0.5
AT5G08100	36.89090909090909
AT5G08105	0.375
AT5G08110	4.510909090909091
AT5G08120	23.883636363636363
AT5G08125	0.3333333333333333
AT5G08130	46.74727272727272
AT5G08135	2.918
AT5G08139	11.618181818181819
AT5G08141	0.3666666666666667
AT5G08150	2.8041666666666667
AT5G08160	51.56363636363636
AT5G08165	0.4
AT5G08170	19.145454545454545
AT5G08180	75.43818181818183
AT5G08185	10.924528301886792
AT5G08190	25.6
AT5G08195	1.0
AT5G08200	15.690909090909091
AT5G08210	1.4707317073170731
AT5G08225	0.44000000000000006
AT5G08230	7.267272727272727
AT5G08235	0.5681818181818182
AT5G08240	15.6
AT5G08250	2.0578947368421057
AT5G08260	56.666666666666664
AT5G08265	0.5428571428571428
AT5G08270	5.8
AT5G08275	0.30833333333333335
AT5G08280	260.9472727272727
AT5G08285	0.3333333333333333
AT5G08290	121.2909090909091
AT5G08300	92.10909090909091
AT5G08305	1.8436363636363637
AT5G08310	1.912962962962963
AT5G08315	4.616666666666667
AT5G08320	12.5
AT5G08330	45.22222222222222
AT5G08335	7.401818181818182
AT5G08340	3.8727272727272726
AT5G08360	2.465454545454546
AT5G08370	25.674545454545452
AT5G08375	1.0
AT5G08380	29.37037037037037
AT5G08385	0.26666666666666666
AT5G08390	13.166666666666666
AT5G08391	0.9612244897959182
AT5G08400	10.35
AT5G08410	123.94545454545455
AT5G08415	32.2
AT5G08420	69.83818181818182
AT5G08430	12.725454545454545
AT5G08435	0.3
AT5G08440	11.454545454545455
AT5G08450	40.236363636363635
AT5G08460	0.24583333333333335
AT5G08465	0.10000000000000002
AT5G08470	13.185454545454546
AT5G08485	0.8
AT5G08490	0.6148148148148148
AT5G08495	6.0
AT5G08500	20.65818181818182
AT5G08505	0.3
AT5G08510	4.510909090909091
AT5G08515	29.235294117647058
AT5G08520	28.62962962962963
AT5G08525	14.597435897435897
AT5G08530	192.1090909090909
AT5G08535	13.127272727272727
AT5G08540	69.53090909090909
AT5G08550	11.50909090909091
AT5G08560	33.61818181818182
AT5G08565	8.89090909090909
AT5G08570	63.28
AT5G08575	0.7
AT5G08580	21.838181818181816
AT5G08585	0.7333333333333334
AT5G08590	67.78181818181818
AT5G08595	0.25
AT5G08600	3.035849056603774
AT5G08605	0.24
AT5G08610	51.27272727272727
AT5G08620	24.712727272727275
AT5G08630	12.6
AT5G08640	50.80181818181818
AT5G08650	90.64814814814815
AT5G08660	16.38888888888889
AT5G08665	0.3666666666666667
AT5G08670	288.1090909090909
AT5G08680	131.96363636363637
AT5G08690	248.92727272727274
AT5G08695	0.22499999999999998
AT5G08705	0.45000000000000007
AT5G08710	11.814545454545454
AT5G08712	0.8333333333333334
AT5G08715	0.7555555555555555
AT5G08717	0.925
AT5G08720	25.009090909090908
AT5G08725	0.4
AT5G08730	0.17142857142857143
AT5G08735	0.46666666666666673
AT5G08740	27.992727272727272
AT5G08745	0.1
AT5G08750	12.001818181818182
AT5G08755	0.1
AT5G08760	63.2537037037037
AT5G08765	0.24000000000000005
AT5G08770	12.909090909090908
AT5G08775	42.875
AT5G08780	8.318181818181818
AT5G08785	0.4666666666666666
AT5G08790	71.46296296296296
AT5G08805	6.34
AT5G08810	0.4625
AT5G08815	0.43333333333333335
AT5G08825	0.2
AT5G08840	0.5294117647058825
AT5G08845	0.45
AT5G08850	3.3200000000000003
AT5G08855	0.5638888888888888
AT5G08875	0.976
AT5G08890	0.7
AT5G08895	0.375
AT5G08905	0.3
AT5G08910	2.6666666666666665
AT5G08915	0.26666666666666666
AT5G08925	2.0
AT5G08930	0.5
AT5G08935	0.4333333333333333
AT5G08965	0.41250000000000003
AT5G08975	0.324
AT5G08985	0.4
AT5G08990	1.7804878048780488
AT5G08995	0.6
AT5G09010	2.0
AT5G09020	8.293750000000001
AT5G09025	0.39999999999999997
AT5G09035	0.2
AT5G09040	0.4428571428571429
AT5G09045	0.4571428571428572
AT5G09055	0.34
AT5G09060	0.2529411764705882
AT5G09065	3.689795918367347
AT5G09085	0.4
AT5G09090	0.1
AT5G09095	0.4857142857142857
AT5G09100	0.30000000000000004
AT5G09105	0.19999999999999998
AT5G09125	15.967500000000001
AT5G09135	0.3888888888888889
AT5G09160	0.43999999999999995
AT5G09170	0.35
AT5G09175	0.30000000000000004
AT5G09190	1.0666666666666667
AT5G09195	0.43846153846153846
AT5G09210	0.6749999999999999
AT5G09215	0.2
AT5G09220	148.56545454545454
AT5G09225	27.636363636363637
AT5G09230	13.036363636363637
AT5G09235	0.3333333333333333
AT5G09240	10.347272727272728
AT5G09245	0.6
AT5G09250	16.87272727272727
AT5G09255	2.0900000000000003
AT5G09260	16.563636363636363
AT5G09265	0.6
AT5G09270	9.94909090909091
AT5G09275	0.309090909090909
AT5G09280	0.22499999999999998
AT5G09290	3.465217391304348
AT5G09295	2.412962962962963
AT5G09300	9.327272727272728
AT5G09305	1.2799999999999998
AT5G09310	21.445454545454545
AT5G09315	7.4603773584905655
AT5G09320	0.22499999999999998
AT5G09325	0.76
AT5G09330	44.00363636363636
AT5G09335	0.37916666666666665
AT5G09340	0.5
AT5G09350	5.1890909090909085
AT5G09360	0.1875
AT5G09365	0.4
AT5G09370	5.9799999999999995
AT5G09380	7.518518518518518
AT5G09385	1.919230769230769
AT5G09390	32.25454545454546
AT5G09400	19.26727272727273
AT5G09410	25.054545454545455
AT5G09415	1.5916666666666666
AT5G09420	8.407407407407407
AT5G09425	1.0
AT5G09430	6.483333333333332
AT5G09440	57.69272727272727
AT5G09443	0.6041666666666666
AT5G09445	0.16666666666666666
AT5G09450	16.163636363636364
AT5G09455	0.5333333333333333
AT5G09460	58.925925925925924
AT5G09465	0.3230769230769231
AT5G09470	1.3416666666666666
AT5G09475	0.7
AT5G09480	34.3375
AT5G09490	0.7142857142857143
AT5G09500	1.095
AT5G09505	0.7619047619047619
AT5G09510	139.98181818181817
AT5G09520	12.961702127659576
AT5G09530	48.75094339622642
AT5G09535	0.6421052631578947
AT5G09540	2.95
AT5G09545	0.3
AT5G09550	51.042857142857144
AT5G09555	0.55
AT5G09560	0.7
AT5G09570	3.96046511627907
AT5G09580	3.1648148148148145
AT5G09585	14.688095238095238
AT5G09590	47.41818181818182
AT5G09600	4.954545454545454
AT5G09610	0.23999999999999996
AT5G09615	0.5
AT5G09620	58.96545454545454
AT5G09630	4.009090909090909
AT5G09635	1.1708333333333334
AT5G09640	0.30000000000000004
AT5G09650	273.0181818181818
AT5G09660	623.0314814814815
AT5G09670	24.954545454545453
AT5G09675	0.748
AT5G09680	21.89090909090909
AT5G09690	4.621818181818182
AT5G09695	0.6833333333333332
AT5G09700	0.2073170731707317
AT5G09705	0.3
AT5G09711	2.0666666666666664
AT5G09720	0.7849999999999999
AT5G09730	25.756363636363634
AT5G09735	2.99
AT5G09740	16.09090909090909
AT5G09750	2.1225806451612903
AT5G09755	2.0
AT5G09760	19.647272727272725
AT5G09765	2.0
AT5G09770	51.96727272727272
AT5G09775	0.85
AT5G09780	0.8666666666666666
AT5G09785	1.2076923076923076
AT5G09790	7.307272727272727
AT5G09800	3.58
AT5G09805	1.6538461538461537
AT5G09810	425.1836363636363
AT5G09815	0.22000000000000003
AT5G09820	15.927272727272728
AT5G09830	55.17272727272727
AT5G09840	4.789090909090909
AT5G09850	36.03636363636364
AT5G09860	21.927272727272726
AT5G09870	60.53703703703704
AT5G09875	0.6000000000000001
AT5G09876	1.88125
AT5G09880	61.09090909090909
AT5G09885	0.1
AT5G09890	40.38181818181818
AT5G09900	87.43818181818183
AT5G09910	1.396969696969697
AT5G09915	0.7375
AT5G09920	54.43636363636364
AT5G09930	1.3580645161290323
AT5G09940	0.18571428571428572
AT5G09950	1.0611111111111111
AT5G09955	0.5111111111111111
AT5G09960	24.24074074074074
AT5G09965	0.25555555555555554
AT5G09970	1.613636363636364
AT5G09975	0.8
AT5G09976	0.7140000000000001
AT5G09978	12.925
AT5G09980	7.405555555555555
AT5G09990	8.318867924528302
AT5G09995	17.534545454545455
AT5G10000	0.2
AT5G10010	44.836363636363636
AT5G10020	15.648148148148149
AT5G10030	14.5
AT5G10040	4.54375
AT5G10050	25.316363636363636
AT5G10060	33.7962962962963
AT5G10070	23.22
AT5G10080	6.492592592592593
AT5G10090	5.65
AT5G10100	4.608163265306123
AT5G10110	11.090909090909092
AT5G10120	0.6653846153846155
AT5G10130	31.331428571428567
AT5G10140	1.9918367346938775
AT5G10150	17.387037037037036
AT5G10160	69.19818181818182
AT5G10170	25.574074074074073
AT5G10180	62.425925925925924
AT5G10190	13.092727272727274
AT5G10200	10.88888888888889
AT5G10210	8.760465116279072
AT5G10220	0.2333333333333333
AT5G10230	8.741463414634145
AT5G10240	22.563636363636363
AT5G10250	4.104347826086957
AT5G10260	8.105454545454545
AT5G10270	16.636363636363637
AT5G10278	0.6317073170731707
AT5G10280	6.23469387755102
AT5G10290	21.77777777777778
AT5G10300	13.196296296296294
AT5G10310	5.422641509433962
AT5G10320	5.777777777777778
AT5G10330	4.4
AT5G10336	1.5763157894736841
AT5G10340	3.165909090909091
AT5G10350	32.82
AT5G10360	456.07272727272726
AT5G10370	4.051851851851852
AT5G10380	46.60740740740741
AT5G10390	52.48148148148148
AT5G10400	114.36545454545455
AT5G10410	7.566666666666667
AT5G10420	1.4
AT5G10430	27.533962264150944
AT5G10440	2.725925925925926
AT5G10450	359.3127272727273
AT5G10460	32.78727272727273
AT5G10470	38.888888888888886
AT5G10480	110.3
AT5G10490	28.436363636363637
AT5G10500	9.557142857142855
AT5G10510	4.407407407407407
AT5G10520	4.0851851851851855
AT5G10525	5.0
AT5G10540	22.005454545454544
AT5G10550	72.4
AT5G10560	37.092592592592595
AT5G10570	1.8547169811320756
AT5G10572	6.072916666666667
AT5G10580	21.17560975609756
AT5G10600	0.1523809523809524
AT5G10605	0.6326923076923077
AT5G10610	13.345454545454546
AT5G10620	9.021818181818182
AT5G10625	15.762745098039218
AT5G10630	13.196363636363635
AT5G10650	12.563636363636364
AT5G10660	3.6836734693877555
AT5G10680	0.29545454545454547
AT5G10690	26.69272727272727
AT5G10695	1.3175000000000001
AT5G10700	15.05090909090909
AT5G10710	12.463636363636363
AT5G10720	3.63953488372093
AT5G10730	24.654545454545456
AT5G10740	16.21818181818182
AT5G10745	14.5
AT5G10750	20.272727272727273
AT5G10760	42.856521739130436
AT5G10770	47.518181818181816
AT5G10780	101.23636363636363
AT5G10790	10.454545454545455
AT5G10800	3.210909090909091
AT5G10810	44.69636363636364
AT5G10820	11.89090909090909
AT5G10830	28.594545454545454
AT5G10840	48.89090909090909
AT5G10860	328.4381818181818
AT5G10870	13.52
AT5G10880	0.6585365853658537
AT5G10890	2.1212765957446806
AT5G10900	4.64
AT5G10910	25.12962962962963
AT5G10920	39.54909090909091
AT5G10930	15.825454545454544
AT5G10940	23.10909090909091
AT5G10945	4.582352941176471
AT5G10946	5.242592592592593
AT5G10950	25.345454545454544
AT5G10960	116.10909090909091
AT5G10965	1.2072727272727273
AT5G10980	287.8181818181818
AT5G10990	2.7038461538461536
AT5G11000	26.296363636363637
AT5G11010	10.494545454545456
AT5G11020	5.625925925925926
AT5G11030	9.574074074074074
AT5G11040	19.95818181818182
AT5G11050	0.2375
AT5G11060	39.38703703703704
AT5G11070	74.98181818181818
AT5G11080	0.225
AT5G11090	61.25636363636364
AT5G11100	4.858181818181819
AT5G11110	11.236363636363636
AT5G11130	2.1625
AT5G11140	0.7
AT5G11150	31.736363636363638
AT5G11160	9.537037037037036
AT5G11170	119.56363636363636
AT5G11180	0.32142857142857145
AT5G11190	1.9065217391304348
AT5G11200	85.00363636363636
AT5G11210	1.3659090909090912
AT5G11220	0.16666666666666666
AT5G11230	15.205454545454545
AT5G11240	17.72222222222222
AT5G11250	6.40925925925926
AT5G11260	21.51851851851852
AT5G11270	34.27454545454545
AT5G11280	36.70909090909091
AT5G11290	0.7043478260869565
AT5G11300	3.596296296296296
AT5G11310	4.332727272727273
AT5G11320	0.7872340425531915
AT5G11330	52.01851851851852
AT5G11340	39.50909090909091
AT5G11350	11.278181818181817
AT5G11360	2.5710526315789473
AT5G11370	0.36666666666666664
AT5G11380	13.236363636363636
AT5G11390	11.690909090909091
AT5G11400	3.272727272727273
AT5G11410	2.2698113207547173
AT5G11412	0.25416666666666665
AT5G11416	0.28800000000000003
AT5G11420	137.92592592592592
AT5G11430	8.454545454545455
AT5G11440	4.800000000000001
AT5G11450	120.61818181818182
AT5G11460	5.933333333333333
AT5G11470	3.048148148148148
AT5G11480	93.56545454545456
AT5G11490	34.8
AT5G11500	149.36363636363637
AT5G11510	7.6909090909090905
AT5G11520	92.50909090909092
AT5G11530	10.236363636363636
AT5G11540	3.0388888888888888
AT5G11550	29.692592592592593
AT5G11560	84.24727272727273
AT5G11565	0.9
AT5G11570	1.1095238095238096
AT5G11580	46.092727272727274
AT5G11590	3.47962962962963
AT5G11600	17.37037037037037
AT5G11610	6.564150943396226
AT5G11620	1.3672727272727274
AT5G11630	15.25925925925926
AT5G11640	22.461818181818185
AT5G11650	23.472727272727273
AT5G11660	0.3
AT5G11670	251.38888888888889
AT5G11680	47.27272727272727
AT5G11690	19.88888888888889
AT5G11700	38.54545454545455
AT5G11710	59.72727272727273
AT5G11720	29.58909090909091
AT5G11730	13.777777777777779
AT5G11740	480.0945454545455
AT5G11750	17.37037037037037
AT5G11760	37.838181818181816
AT5G11770	226.21818181818182
AT5G11780	2.874074074074074
AT5G11790	41.4
AT5G11800	16.85185185185185
AT5G11810	30.86
AT5G11820	0.2357142857142857
AT5G11830	0.9
AT5G11840	34.69272727272727
AT5G11850	19.70909090909091
AT5G11860	22.314814814814813
AT5G11870	1.201851851851852
AT5G11880	62.80727272727273
AT5G11890	28.814814814814813
AT5G11900	42.78181818181818
AT5G11910	20.70909090909091
AT5G11920	3.497872340425532
AT5G11930	3.018867924528302
AT5G11940	0.18636363636363634
AT5G11950	24.545454545454547
AT5G11960	37.8
AT5G11970	6.431481481481482
AT5G11977	2.257142857142857
AT5G11980	23.254545454545454
AT5G11990	4.07962962962963
AT5G12000	181.08999999999997
AT5G12010	31.333333333333332
AT5G12020	8.45111111111111
AT5G12030	9.924999999999999
AT5G12040	43.01851851851852
AT5G12043	0.54
AT5G12050	22.48148148148148
AT5G12060	1.0333333333333334
AT5G12070	0.33999999999999997
AT5G12080	15.555555555555555
AT5G12090	0.3
AT5G12100	6.147272727272727
AT5G12110	14.62962962962963
AT5G12120	26.436363636363637
AT5G12130	34.654545454545456
AT5G12140	194.25454545454545
AT5G12150	83.31481481481481
AT5G12170	20.48148148148148
AT5G12180	29.47619047619047
AT5G12190	33.03636363636364
AT5G12200	40.62181818181818
AT5G12210	49.00363636363636
AT5G12220	10.925925925925926
AT5G12230	35.127272727272725
AT5G12235	0.8292682926829268
AT5G12236	1.09375
AT5G12240	34.07636363636364
AT5G12250	185.14909090909092
AT5G12260	10.523636363636363
AT5G12270	4.687755102040816
AT5G12280	1.878
AT5G12290	17.345454545454544
AT5G12300	4.409259259259259
AT5G12310	33.09090909090909
AT5G12320	29.425925925925927
AT5G12330	3.696153846153846
AT5G12340	7.013953488372094
AT5G12350	18.64814814814815
AT5G12360	2.758181818181818
AT5G12370	49.872727272727275
AT5G12380	0.1285714285714286
AT5G12390	20.545454545454547
AT5G12400	14.636363636363637
AT5G12410	34.46
AT5G12420	18.790384615384617
AT5G12430	17.6
AT5G12440	13.881818181818181
AT5G12450	1.32972972972973
AT5G12460	0.26666666666666666
AT5G12470	102.34545454545454
AT5G12480	42.027272727272724
AT5G12840	23.054545454545455
AT5G12850	27.574074074074073
AT5G12860	225.48
AT5G12870	2.8333333333333335
AT5G12880	11.342
AT5G12890	17.472727272727273
AT5G12900	18.23148148148148
AT5G12910	0.4166666666666667
AT5G12920	2.0890909090909093
AT5G12930	6.796296296296297
AT5G12940	23.345454545454544
AT5G12950	30.683636363636364
AT5G12960	54.72380952380953
AT5G12970	4.1056603773584905
AT5G12980	15.287272727272727
AT5G12990	0.3923076923076923
AT5G13000	41.333333333333336
AT5G13010	34.63636363636363
AT5G13020	44.70909090909091
AT5G13030	67.21818181818182
AT5G13050	22.932727272727274
AT5G13060	5.9799999999999995
AT5G13070	37.45454545454545
AT5G13080	9.22549019607843
AT5G13090	20.98148148148148
AT5G13100	55.69090909090909
AT5G13110	28.4
AT5G13120	132.58363636363637
AT5G13130	0.21818181818181817
AT5G13140	75.18518518518519
AT5G13150	5.629729729729729
AT5G13160	26.381818181818183
AT5G13170	7.819999999999999
AT5G13180	86.37454545454545
AT5G13181	0.5666666666666667
AT5G13190	34.527272727272724
AT5G13200	21.656363636363636
AT5G13210	3.225454545454546
AT5G13220	11.19814814814815
AT5G13230	0.9269230769230768
AT5G13240	36.69090909090909
AT5G13250	1.0754716981132075
AT5G13260	34.111111111111114
AT5G13270	5.683333333333333
AT5G13280	32.2
AT5G13290	4.024074074074075
AT5G13300	30.20181818181818
AT5G13310	9.127272727272727
AT5G13320	7.650980392156862
AT5G13330	9.944444444444445
AT5G13340	11.669090909090908
AT5G13350	2.4875
AT5G13360	11.54814814814815
AT5G13370	19.25925925925926
AT5G13380	0.8699999999999999
AT5G13390	26.074545454545454
AT5G13400	23.022222222222222
AT5G13410	43.20181818181818
AT5G13420	131.05454545454546
AT5G13430	92.41818181818182
AT5G13440	98.45454545454545
AT5G13450	301.3090909090909
AT5G13460	18.333333333333332
AT5G13470	15.82
AT5G13480	13.158181818181818
AT5G13490	38.472727272727276
AT5G13500	21.240000000000002
AT5G13510	128.83333333333334
AT5G13520	21.421818181818182
AT5G13530	16.54909090909091
AT5G13550	28.527272727272727
AT5G13560	31.054545454545455
AT5G13570	19.381818181818183
AT5G13580	11.77872340425532
AT5G13590	18.27777777777778
AT5G13600	0.33636363636363636
AT5G13610	12.43818181818182
AT5G13620	0.39999999999999997
AT5G13630	484.48148148148147
AT5G13640	27.09090909090909
AT5G13650	280.6181818181818
AT5G13660	6.118518518518518
AT5G13670	1.1066666666666665
AT5G13680	15.038181818181819
AT5G13690	19.10909090909091
AT5G13700	2.42037037037037
AT5G13710	112.07272727272728
AT5G13720	36.25925925925926
AT5G13730	35.10754716981132
AT5G13740	40.092727272727274
AT5G13750	20.454545454545453
AT5G13760	12.163636363636364
AT5G13770	58.96363636363636
AT5G13780	112.72727272727273
AT5G13790	3.537037037037037
AT5G13800	49.58545454545454
AT5G13810	41.236363636363635
AT5G13820	7.6490909090909085
AT5G13825	0.45
AT5G13830	3.9547169811320755
AT5G13840	20.258181818181818
AT5G13845	1.0
AT5G13850	141.37818181818182
AT5G13860	9.254545454545454
AT5G13870	8.594444444444445
AT5G13880	3.2018181818181817
AT5G13887	0.9967741935483871
AT5G13890	16.012727272727272
AT5G13900	8.87948717948718
AT5G13910	7.2023809523809526
AT5G13920	2.3781818181818184
AT5G13930	255.1909090909091
AT5G13940	0.5571428571428572
AT5G13950	27.563636363636363
AT5G13960	9.587272727272726
AT5G13970	18.856363636363636
AT5G13980	61.947272727272725
AT5G13990	12.149019607843135
AT5G14000	7.217307692307691
AT5G14010	0.375
AT5G14020	5.244827586206897
AT5G14030	92.98181818181818
AT5G14040	316.2909090909091
AT5G14050	31.256363636363634
AT5G14060	83.24074074074075
AT5G14070	3.0313725490196077
AT5G14080	8.985454545454544
AT5G14090	9.675925925925926
AT5G14100	11.421818181818182
AT5G14105	25.438181818181818
AT5G14110	0.9874999999999998
AT5G14120	113.54545454545455
AT5G14130	7.065
AT5G14140	7.538181818181819
AT5G14150	4.556097560975609
AT5G14160	0.24736842105263163
AT5G14170	42.61636363636364
AT5G14180	5.313461538461539
AT5G14200	141.7074074074074
AT5G14210	17.40740740740741
AT5G14220	19.75925925925926
AT5G14230	3.7890909090909086
AT5G14240	55.654545454545456
AT5G14250	32.64727272727273
AT5G14260	93.85454545454546
AT5G14270	30.89818181818182
AT5G14280	2.77962962962963
AT5G14285	15.678181818181818
AT5G14290	0.5
AT5G14300	0.45
AT5G14310	13.090909090909092
AT5G14320	327.1836363636363
AT5G14330	89.02115384615385
AT5G14340	1.6275862068965519
AT5G14345	0.4
AT5G14350	7.756363636363637
AT5G14360	4.071698113207548
AT5G14370	39.2962962962963
AT5G14380	168.49200000000002
AT5G14390	27.445454545454545
AT5G14400	0.2064516129032258
AT5G14410	21.444444444444443
AT5G14420	21.163636363636364
AT5G14430	54.734545454545454
AT5G14440	38.78363636363636
AT5G14450	17.944444444444443
AT5G14460	37.86000000000001
AT5G14470	2.338461538461538
AT5G14480	11.545454545454545
AT5G14490	0.22916666666666666
AT5G14495	2.0
AT5G14500	14.823636363636362
AT5G14510	0.8862745098039216
AT5G14515	0.16666666666666666
AT5G14520	57.07454545454545
AT5G14530	11.769090909090908
AT5G14540	49.69090909090909
AT5G14550	22.116363636363637
AT5G14560	0.8500000000000001
AT5G14565	5.234090909090909
AT5G14570	29.833333333333332
AT5G14580	6.557407407407408
AT5G14590	44.46727272727272
AT5G14600	12.037037037037036
AT5G14602	3.433333333333333
AT5G14610	11.701818181818183
AT5G14620	9.892727272727273
AT5G14640	43.2962962962963
AT5G14650	6.09433962264151
AT5G14660	52.239999999999995
AT5G14670	12.76
AT5G14680	20.838181818181816
AT5G14690	6.7250000000000005
AT5G14700	12.685185185185185
AT5G14710	20.44
AT5G14720	50.43636363636364
AT5G14730	10.575999999999999
AT5G14740	596.1796296296296
AT5G14750	4.635555555555555
AT5G14760	11.945454545454545
AT5G14770	4.096296296296296
AT5G14780	127.45818181818181
AT5G14790	21.76727272727273
AT5G14800	104.47272727272727
AT5G14820	0.18064516129032257
AT5G14850	7.82
AT5G14860	0.2371428571428571
AT5G14870	2.5
AT5G14880	27.203703703703702
AT5G14890	2.1481481481481484
AT5G14895	17.426530612244896
AT5G14900	0.3
AT5G14910	220.25925925925927
AT5G14920	120.25925925925925
AT5G14930	12.092592592592593
AT5G14940	5.6796296296296305
AT5G14950	18.418181818181818
AT5G14960	4.192592592592593
AT5G14970	110.9090909090909
AT5G14980	0.3458333333333334
AT5G14990	0.9399999999999998
AT5G14995	0.3
AT5G15000	1.0
AT5G15008	0.6
AT5G15010	4.381481481481481
AT5G15020	26.2
AT5G15022	1.294230769230769
AT5G15025	15.727272727272727
AT5G15030	31.11428571428571
AT5G15040	10.316666666666666
AT5G15050	16.85272727272727
AT5G15060	0.47777777777777786
AT5G15070	4.247272727272728
AT5G15080	18.72222222222222
AT5G15090	154.76363636363635
AT5G15100	1.6095238095238098
AT5G15110	254.8
AT5G15120	7.032727272727273
AT5G15130	9.354545454545455
AT5G15140	80.6310344827586
AT5G15150	8.755555555555556
AT5G15160	6.988888888888888
AT5G15170	8.463636363636363
AT5G15180	9.579629629629629
AT5G15190	7.781818181818182
AT5G15200	563.1818181818181
AT5G15210	22.24074074074074
AT5G15220	21.85818181818182
AT5G15230	436.51272727272726
AT5G15240	3.3127272727272725
AT5G15250	0.2074074074074074
AT5G15260	11.272727272727273
AT5G15265	6.287999999999999
AT5G15270	18.86
AT5G15280	5.796363636363637
AT5G15290	7.890625
AT5G15300	1.5963636363636362
AT5G15310	22.359615384615385
AT5G15320	88.52727272727273
AT5G15330	11.17222222222222
AT5G15340	1.2132075471698116
AT5G15350	140.72909090909093
AT5G15360	0.5629629629629629
AT5G15380	0.3333333333333333
AT5G15390	21.54
AT5G15400	29.712727272727275
AT5G15410	67.61111111111111
AT5G15420	0.23076923076923078
AT5G15430	5.271428571428572
AT5G15440	18.87037037037037
AT5G15450	62.29636363636364
AT5G15460	11.836363636363636
AT5G15470	23.4
AT5G15480	0.17272727272727273
AT5G15490	72.2
AT5G15500	4.602222222222222
AT5G15510	9.538181818181819
AT5G15520	19.587272727272726
AT5G15530	43.64727272727273
AT5G15537	2.053703703703704
AT5G15540	12.305454545454545
AT5G15550	25.12909090909091
AT5G15560	0.4
AT5G15570	14.092727272727274
AT5G15580	18.685185185185187
AT5G15600	30.72
AT5G15610	52.0
AT5G15620	0.24545454545454548
AT5G15630	7.751851851851852
AT5G15640	20.2
AT5G15650	184.47272727272727
AT5G15660	0.3428571428571429
AT5G15670	0.3
AT5G15680	15.2
AT5G15685	0.1
AT5G15690	0.2
AT5G15700	6.261818181818182
AT5G15710	6.074545454545455
AT5G15720	1.2866666666666668
AT5G15725	1.652
AT5G15730	17.59259259259259
AT5G15740	22.925925925925927
AT5G15750	37.092592592592595
AT5G15760	7.111111111111111
AT5G15780	124.66346153846153
AT5G15790	6.22037037037037
AT5G15800	13.917948717948715
AT5G15802	23.185185185185187
AT5G15810	25.638181818181817
AT5G15820	5.345454545454546
AT5G15830	9.759615384615385
AT5G15833	0.5
AT5G15840	0.7725490196078431
AT5G15845	0.25
AT5G15860	12.425925925925926
AT5G15870	15.745454545454546
AT5G15880	22.181818181818183
AT5G15890	2.85
AT5G15900	2.301923076923077
AT5G15910	21.576363636363638
AT5G15920	8.398181818181818
AT5G15930	20.69090909090909
AT5G15940	0.83
AT5G15950	61.07272727272727
AT5G15960	73.92037037037036
AT5G15970	667.0218181818182
AT5G15980	15.456363636363637
AT5G16000	21.444444444444443
AT5G16010	125.55636363636364
AT5G16020	1.0736842105263158
AT5G16023	1.1296296296296295
AT5G16030	100.36296296296297
AT5G16040	18.64181818181818
AT5G16050	130.38181818181818
AT5G16060	42.45454545454545
AT5G16070	56.72909090909091
AT5G16080	2.8363636363636364
AT5G16090	0.4666666666666666
AT5G16100	21.8
AT5G16110	140.4909090909091
AT5G16120	28.963636363636365
AT5G16130	388.20727272727277
AT5G16140	15.137037037037036
AT5G16150	112.27272727272727
AT5G16160	3.988679245283019
AT5G16170	3.547169811320755
AT5G16180	17.22222222222222
AT5G16190	5.1648148148148145
AT5G16200	5.36
AT5G16210	23.036363636363635
AT5G16220	25.87272727272727
AT5G16230	0.9867924528301886
AT5G16235	0.13076923076923078
AT5G16240	13.654545454545454
AT5G16250	115.24181818181819
AT5G16260	23.727272727272727
AT5G16270	33.28545454545455
AT5G16280	19.672727272727272
AT5G16285	0.4
AT5G16290	39.092592592592595
AT5G16300	25.854545454545455
AT5G16310	12.537037037037036
AT5G16320	6.290909090909091
AT5G16330	0.4666666666666667
AT5G16340	2.2814814814814817
AT5G16350	2.990566037735849
AT5G16360	11.67037037037037
AT5G16370	32.29272727272727
AT5G16380	14.023636363636363
AT5G16390	77.96545454545455
AT5G16400	101.36727272727272
AT5G16410	3.1326923076923077
AT5G16420	3.8636363636363638
AT5G16430	0.4166666666666667
AT5G16440	70.77272727272727
AT5G16450	36.11818181818182
AT5G16453	1.0275862068965518
AT5G16460	0.36363636363636365
AT5G16470	131.98181818181817
AT5G16480	19.0
AT5G16486	0.7937499999999998
AT5G16490	5.235185185185186
AT5G16500	66.09285714285714
AT5G16510	39.236363636363635
AT5G16520	11.648148148148149
AT5G16530	3.2461538461538457
AT5G16540	43.43636363636364
AT5G16550	39.41818181818182
AT5G16560	10.642592592592594
AT5G16570	11.947272727272725
AT5G16580	0.20714285714285716
AT5G16590	31.241818181818182
AT5G16600	7.5888888888888895
AT5G16610	9.423636363636362
AT5G16620	84.31090909090909
AT5G16630	10.381818181818181
AT5G16640	1.746296296296296
AT5G16650	49.6
AT5G16660	96.89454545454545
AT5G16680	17.90909090909091
AT5G16690	4.263636363636364
AT5G16700	0.35
AT5G16710	176.6851851851852
AT5G16715	36.74727272727272
AT5G16720	11.962962962962964
AT5G16730	51.89272727272727
AT5G16740	0.1888888888888889
AT5G16750	16.68
AT5G16760	44.69090909090909
AT5G16770	0.8225806451612904
AT5G16780	23.181818181818183
AT5G16790	2.9462962962962966
AT5G16800	23.69090909090909
AT5G16810	20.555555555555557
AT5G16820	12.944444444444445
AT5G16830	36.89090909090909
AT5G16840	61.67272727272727
AT5G16850	0.4270833333333333
AT5G16860	1.6074074074074076
AT5G16870	18.674545454545452
AT5G16880	74.63636363636364
AT5G16890	11.094545454545456
AT5G16900	1.4555555555555555
AT5G16910	21.98363636363636
AT5G16920	0.9043478260869565
AT5G16930	8.312962962962963
AT5G16940	7.444444444444445
AT5G16950	16.46
AT5G16960	2.013333333333333
AT5G16970	111.05818181818181
AT5G16980	5.988679245283019
AT5G16990	21.0
AT5G17000	39.092592592592595
AT5G17010	21.54909090909091
AT5G17020	45.72909090909091
AT5G17030	0.8647058823529411
AT5G17040	1.828301886792453
AT5G17050	38.00181818181818
AT5G17060	15.054545454545455
AT5G17070	23.563636363636363
AT5G17080	0.5
AT5G17090	5.142105263157895
AT5G17100	0.4
AT5G17110	0.33999999999999997
AT5G17120	0.30000000000000004
AT5G17130	0.4833333333333334
AT5G17140	0.16666666666666666
AT5G17150	0.77
AT5G17160	23.570909090909094
AT5G17165	3.218867924528302
AT5G17167	0.41428571428571426
AT5G17170	142.5
AT5G17180	0.28
AT5G17190	78.74545454545455
AT5G17200	0.43333333333333335
AT5G17210	8.053703703703704
AT5G17220	14.475000000000001
AT5G17230	158.64363636363635
AT5G17240	6.92909090909091
AT5G17250	6.118181818181818
AT5G17260	0.8980769230769231
AT5G17270	10.14074074074074
AT5G17290	11.527272727272727
AT5G17300	18.003636363636364
AT5G17310	36.527272727272724
AT5G17320	0.29999999999999993
AT5G17330	97.93888888888888
AT5G17340	0.4625
AT5G17350	7.675925925925926
AT5G17360	1.160377358490566
AT5G17370	5.376363636363636
AT5G17380	65.16363636363636
AT5G17390	3.9695652173913043
AT5G17400	30.90909090909091
AT5G17410	12.603636363636365
AT5G17420	11.474545454545453
AT5G17430	1.3852941176470588
AT5G17440	23.64909090909091
AT5G17450	6.848148148148148
AT5G17460	16.98148148148148
AT5G17470	1.2200000000000002
AT5G17480	76.2
AT5G17490	5.3927272727272735
AT5G17500	0.28750000000000003
AT5G17510	24.581818181818182
AT5G17520	17.234545454545454
AT5G17530	25.24074074074074
AT5G17540	1.9245283018867925
AT5G17550	26.963636363636365
AT5G17560	55.75636363636364
AT5G17570	5.32
AT5G17580	2.9672727272727273
AT5G17590	0.175
AT5G17600	9.94909090909091
AT5G17610	25.10909090909091
AT5G17620	16.64814814814815
AT5G17630	35.71090909090909
AT5G17640	19.727272727272727
AT5G17650	13.92222222222222
AT5G17660	14.565454545454546
AT5G17670	57.763636363636365
AT5G17680	0.7796296296296297
AT5G17690	15.856363636363637
AT5G17700	13.725925925925926
AT5G17710	106.99272727272728
AT5G17720	0.16666666666666666
AT5G17730	0.25
AT5G17740	0.2
AT5G17750	0.26666666666666666
AT5G17760	20.037037037037038
AT5G17770	148.01818181818183
AT5G17780	3.0072727272727273
AT5G17790	15.703703703703704
AT5G17800	3.554
AT5G17810	1.145945945945946
AT5G17820	118.82000000000001
AT5G17830	0.5227272727272727
AT5G17840	37.449090909090906
AT5G17847	1.5684210526315787
AT5G17850	7.738181818181818
AT5G17860	14.943396226415095
AT5G17870	276.1909090909091
AT5G17880	9.103703703703705
AT5G17890	13.912727272727274
AT5G17900	22.745454545454546
AT5G17910	19.78181818181818
AT5G17920	981.5818181818182
AT5G17930	17.952727272727273
AT5G17950	0.6
AT5G17960	0.44000000000000006
AT5G17970	0.22999999999999998
AT5G17980	3.388888888888889
AT5G17990	52.96545454545454
AT5G18000	3.659259259259259
AT5G18005	6.666666666666667
AT5G18010	4.116326530612246
AT5G18015	6.742857142857143
AT5G18020	15.03061224489796
AT5G18030	12.259615384615385
AT5G18037	0.2833333333333333
AT5G18040	13.62962962962963
AT5G18050	6.977551020408163
AT5G18060	5.846938775510204
AT5G18065	5.020370370370371
AT5G18070	7.8927272727272735
AT5G18080	11.409615384615384
AT5G18085	29.5
AT5G18090	1.8044444444444443
AT5G18100	43.27454545454545
AT5G18110	77.34545454545454
AT5G18120	12.309090909090909
AT5G18130	31.045454545454547
AT5G18140	23.4
AT5G18160	0.15
AT5G18170	57.77777777777778
AT5G18180	1.0518518518518518
AT5G18190	33.58181818181818
AT5G18200	18.09090909090909
AT5G18210	9.518518518518519
AT5G18220	0.7980392156862745
AT5G18230	55.89090909090909
AT5G18240	0.7346938775510204
AT5G18245	1.6351851851851849
AT5G18250	10.547272727272727
AT5G18255	4.0181818181818185
AT5G18260	1.1679245283018869
AT5G18270	9.625454545454545
AT5G18280	37.4
AT5G18290	5.388888888888889
AT5G18300	3.9759259259259263
AT5G18310	38.81481481481482
AT5G18320	0.3755102040816327
AT5G18330	0.30000000000000004
AT5G18340	1.3796296296296295
AT5G18350	0.28
AT5G18360	3.0634615384615387
AT5G18370	3.511111111111111
AT5G18380	494.19818181818187
AT5G18390	7.425925925925926
AT5G18400	38.43636363636364
AT5G18403	2.0
AT5G18404	1.606666666666667
AT5G18407	0.3
AT5G18410	20.5
AT5G18420	22.836363636363636
AT5G18430	5.157142857142857
AT5G18440	12.62962962962963
AT5G18450	0.2285714285714286
AT5G18460	24.62962962962963
AT5G18470	2.103703703703704
AT5G18475	3.4592592592592593
AT5G18480	33.767272727272726
AT5G18490	15.574074074074074
AT5G18500	45.425925925925924
AT5G18510	1.7611111111111113
AT5G18520	83.63636363636364
AT5G18525	11.690909090909091
AT5G18540	10.252727272727272
AT5G18550	16.254545454545454
AT5G18560	1.611764705882353
AT5G18570	43.166666666666664
AT5G18580	52.14545454545455
AT5G18590	27.24074074074074
AT5G18600	75.104
AT5G18610	20.02
AT5G18620	26.836363636363636
AT5G18630	34.654545454545456
AT5G18636	0.264516129032258
AT5G18640	26.581818181818182
AT5G18650	75.76363636363637
AT5G18660	104.96181818181817
AT5G18661	3.3
AT5G18670	54.67272727272727
AT5G18680	37.24074074074074
AT5G18690	16.738888888888887
AT5G18700	9.0
AT5G18705	0.3
AT5G18710	0.5531914893617021
AT5G18720	0.31250000000000006
AT5G18730	0.30400000000000005
AT5G18740	0.3826086956521739
AT5G18748	0.3
AT5G18750	6.654545454545454
AT5G18760	16.555555555555557
AT5G18770	5.6854545454545455
AT5G18780	6.81851851851852
AT5G18790	27.14814814814815
AT5G18800	107.18181818181819
AT5G18810	2.1872727272727275
AT5G18820	8.018181818181818
AT5G18830	20.727272727272727
AT5G18840	4.805555555555556
AT5G18850	20.84
AT5G18860	20.26666666666667
AT5G18870	0.21428571428571427
AT5G18880	0.8
AT5G18890	0.2
AT5G18900	42.29090909090909
AT5G18910	34.86874999999999
AT5G18920	5.074545454545455
AT5G18930	4.162962962962963
AT5G18933	0.3
AT5G18937	0.3416666666666666
AT5G18940	26.236363636363638
AT5G18950	6.833333333333333
AT5G18960	18.145454545454545
AT5G18970	10.87037037037037
AT5G18980	11.15090909090909
AT5G18990	0.9400000000000001
AT5G19000	34.2
AT5G19010	41.49818181818182
AT5G19020	3.9200000000000004
AT5G19025	6.138181818181819
AT5G19030	13.872727272727273
AT5G19040	3.3333333333333335
AT5G19050	21.70909090909091
AT5G19060	2.3759259259259258
AT5G19070	12.309090909090909
AT5G19080	8.112727272727273
AT5G19090	46.18518518518518
AT5G19095	2.0
AT5G19100	2.952830188679245
AT5G19110	7.142
AT5G19120	96.24727272727273
AT5G19130	15.812727272727274
AT5G19140	409.09272727272725
AT5G19150	20.521818181818183
AT5G19151	13.585454545454546
AT5G19160	2.661111111111111
AT5G19170	3.1290909090909094
AT5G19172	2.8600000000000003
AT5G19175	0.55
AT5G19180	34.6
AT5G19190	62.2962962962963
AT5G19200	5.747272727272728
AT5G19210	9.12962962962963
AT5G19220	101.83333333333333
AT5G19221	0.5851063829787234
AT5G19230	35.7962962962963
AT5G19240	85.64814814814815
AT5G19250	214.56545454545454
AT5G19260	9.547272727272727
AT5G19270	0.25
AT5G19280	17.927272727272726
AT5G19290	68.45454545454545
AT5G19300	11.833333333333334
AT5G19310	9.069090909090908
AT5G19315	0.425
AT5G19320	17.803636363636365
AT5G19330	53.78181818181818
AT5G19340	12.21320754716981
AT5G19350	45.42545454545455
AT5G19360	13.268000000000002
AT5G19370	72.50363636363636
AT5G19380	9.620000000000001
AT5G19390	34.05555555555556
AT5G19400	46.127272727272725
AT5G19410	3.916279069767442
AT5G19420	7.2407407407407405
AT5G19430	16.29090909090909
AT5G19440	93.80727272727272
AT5G19450	40.592727272727274
AT5G19460	16.02
AT5G19470	2.86551724137931
AT5G19473	64.93333333333334
AT5G19480	17.163636363636364
AT5G19485	21.236363636363638
AT5G19490	1.6096153846153844
AT5G19500	16.166666666666668
AT5G19510	397.4909090909091
AT5G19520	10.231818181818182
AT5G19530	38.74074074074074
AT5G19540	89.25818181818181
AT5G19550	83.22909090909091
AT5G19560	0.797674418604651
AT5G19570	19.036363636363635
AT5G19580	335.0254901960784
AT5G19590	92.01818181818182
AT5G19600	10.966666666666667
AT5G19610	5.5200000000000005
AT5G19620	26.61111111111111
AT5G19630	19.24074074074074
AT5G19633	0.43333333333333335
AT5G19640	1.4166666666666667
AT5G19650	1.5320000000000003
AT5G19660	13.192727272727273
AT5G19670	5.444444444444445
AT5G19680	25.563636363636363
AT5G19690	61.39272727272727
AT5G19700	0.4888888888888889
AT5G19710	0.26666666666666666
AT5G19720	0.21739130434782608
AT5G19730	16.703703703703702
AT5G19740	16.703703703703702
AT5G19750	45.148148148148145
AT5G19760	289.6545454545454
AT5G19770	170.5090909090909
AT5G19780	180.8181818181818
AT5G19790	6.924324324324324
AT5G19800	5.410344827586206
AT5G19810	0.9244897959183674
AT5G19820	59.67272727272727
AT5G19830	5.874545454545455
AT5G19840	5.185185185185185
AT5G19850	24.666666666666668
AT5G19855	57.09090909090909
AT5G19860	90.87272727272727
AT5G19870	2.0150943396226415
AT5G19875	12.274074074074074
AT5G19880	2.9615384615384617
AT5G19890	9.811764705882352
AT5G19900	25.581818181818182
AT5G19910	12.345454545454546
AT5G19920	6.8
AT5G19930	14.052727272727273
AT5G19940	436.537037037037
AT5G19950	11.148148148148149
AT5G19960	14.75090909090909
AT5G19970	5.1358490566037736
AT5G19980	28.0
AT5G19990	51.54545454545455
AT5G20000	41.872727272727275
AT5G20010	260.07272727272726
AT5G20020	216.8181818181818
AT5G20030	2.9963636363636366
AT5G20040	21.04
AT5G20045	2.52
AT5G20050	24.666666666666668
AT5G20060	40.09090909090909
AT5G20070	56.69090909090909
AT5G20080	77.86545454545455
AT5G20090	75.81818181818181
AT5G20100	8.1625
AT5G20110	9.537037037037036
AT5G20120	14.872727272727273
AT5G20130	58.767272727272726
AT5G20140	44.148148148148145
AT5G20150	32.163636363636364
AT5G20160	74.79629629629629
AT5G20165	33.72727272727273
AT5G20170	12.345454545454546
AT5G20180	28.454545454545453
AT5G20190	96.6490909090909
AT5G20200	21.73090909090909
AT5G20220	5.34074074074074
AT5G20225	0.2765957446808511
AT5G20230	134.1
AT5G20240	17.232608695652175
AT5G20250	207.69454545454548
AT5G20260	0.6243243243243243
AT5G20270	43.75925925925926
AT5G20280	73.25636363636363
AT5G20290	1011.7636363636364
AT5G20300	18.134545454545453
AT5G20310	0.3333333333333333
AT5G20320	7.648148148148148
AT5G20330	15.842857142857143
AT5G20340	1.0
AT5G20350	43.72727272727273
AT5G20360	11.654545454545454
AT5G20370	0.33571428571428574
AT5G20380	28.883636363636363
AT5G20390	244.34444444444443
AT5G20400	17.827272727272728
AT5G20410	38.652727272727276
AT5G20420	0.9711538461538461
AT5G20430	0.37500000000000006
AT5G20440	0.26
AT5G20447	0.7
AT5G20450	4.468518518518518
AT5G20460	4.0
AT5G20470	1.2766666666666666
AT5G20480	4.478181818181818
AT5G20490	31.944444444444443
AT5G20500	118.87272727272727
AT5G20510	8.444444444444445
AT5G20520	48.09090909090909
AT5G20540	13.094545454545456
AT5G20550	7.3825
AT5G20560	0.36000000000000004
AT5G20570	75.78181818181818
AT5G20580	13.42
AT5G20590	25.181818181818183
AT5G20600	26.2
AT5G20610	16.833333333333332
AT5G20620	81.0
AT5G20630	1034.88
AT5G20635	3.881132075471698
AT5G20640	1.444
AT5G20650	52.14181818181819
AT5G20660	31.18909090909091
AT5G20670	5.03888888888889
AT5G20680	12.436363636363636
AT5G20690	8.426666666666666
AT5G20700	331.67636363636365
AT5G20710	2.2709090909090905
AT5G20720	567.7236363636364
AT5G20730	23.77777777777778
AT5G20740	25.876923076923074
AT5G20790	14.946153846153846
AT5G20810	3.6549019607843136
AT5G20820	5.196296296296297
AT5G20830	35.88545454545454
AT5G20840	23.6
AT5G20850	4.496363636363637
AT5G20852	0.9
AT5G20856	5.0
AT5G20860	1.673913043478261
AT5G20870	1.4314814814814814
AT5G20885	22.38888888888889
AT5G20890	122.36363636363636
AT5G20900	87.10363636363635
AT5G20910	15.272727272727273
AT5G20920	93.52727272727273
AT5G20930	11.4
AT5G20935	32.443137254901956
AT5G20940	0.24615384615384617
AT5G20950	95.42592592592592
AT5G20960	24.75925925925926
AT5G20970	9.814814814814815
AT5G20980	7.703636363636363
AT5G20990	33.127272727272725
AT5G20995	0.25
AT5G21010	16.496363636363636
AT5G21020	327.3090909090909
AT5G21030	0.1517241379310345
AT5G21040	22.854545454545455
AT5G21050	3.4882352941176475
AT5G21060	32.45454545454545
AT5G21070	20.221818181818183
AT5G21080	2.4500000000000006
AT5G21090	278.6181818181818
AT5G21100	37.29090909090909
AT5G21105	42.72727272727273
AT5G21120	0.4133333333333333
AT5G21125	0.7
AT5G21130	0.8608695652173913
AT5G21140	3.62
AT5G21150	15.014893617021277
AT5G21160	43.558181818181815
AT5G21170	46.163636363636364
AT5G21222	26.76181818181818
AT5G21274	117.05454545454545
AT5G21280	5.642592592592593
AT5G21326	45.81481481481482
AT5G21430	127.06
AT5G21482	11.89090909090909
AT5G21900	4.283636363636363
AT5G21910	0.9826923076923079
AT5G21920	72.16909090909091
AT5G21930	39.82
AT5G21940	84.09272727272727
AT5G21950	3.958490566037736
AT5G21960	2.5846153846153848
AT5G21970	7.3545454545454545
AT5G21990	39.10909090909091
AT5G22000	71.94545454545455
AT5G22010	14.927272727272728
AT5G22020	31.021818181818183
AT5G22030	18.745454545454546
AT5G22040	11.836363636363636
AT5G22050	24.25925925925926
AT5G22060	80.27272727272727
AT5G22070	23.4
AT5G22080	44.0
AT5G22090	77.92727272727272
AT5G22100	16.294545454545457
AT5G22110	4.761818181818182
AT5G22120	21.345454545454544
AT5G22130	7.314814814814815
AT5G22140	8.318518518518518
AT5G22150	0.4090909090909091
AT5G22160	0.55
AT5G22170	0.22500000000000003
AT5G22180	0.43333333333333335
AT5G22190	0.2333333333333333
AT5G22200	3.261538461538461
AT5G22210	29.09259259259259
AT5G22220	6.0236363636363635
AT5G22240	1.171698113207547
AT5G22250	14.25818181818182
AT5G22260	0.2
AT5G22270	18.574074074074073
AT5G22280	32.621818181818185
AT5G22290	11.537037037037036
AT5G22300	13.794545454545455
AT5G22310	6.537037037037037
AT5G22315	1.1307692307692307
AT5G22320	18.456363636363637
AT5G22330	27.24074074074074
AT5G22340	55.28727272727273
AT5G22350	23.90909090909091
AT5G22355	1.8060606060606061
AT5G22360	37.41818181818182
AT5G22370	13.851851851851851
AT5G22380	3.872413793103448
AT5G22390	16.25925925925926
AT5G22400	12.032727272727271
AT5G22410	7.540625
AT5G22420	2.9500000000000006
AT5G22430	47.711904761904776
AT5G22440	131.7890909090909
AT5G22450	25.87272727272727
AT5G22460	6.630769230769231
AT5G22470	0.44705882352941173
AT5G22480	18.363636363636363
AT5G22490	3.652173913043478
AT5G22500	27.383018867924527
AT5G22505	0.39999999999999997
AT5G22510	49.29272727272727
AT5G22520	4.208333333333333
AT5G22530	1.8157894736842106
AT5G22540	1.0348837209302326
AT5G22545	2.4705882352941178
AT5G22550	2.1049999999999995
AT5G22555	1.9703703703703705
AT5G22560	0.37142857142857144
AT5G22570	2.7181818181818183
AT5G22580	110.01851851851852
AT5G22590	0.7
AT5G22600	0.8777777777777778
AT5G22608	0.7755102040816326
AT5G22610	0.13125
AT5G22620	33.69090909090909
AT5G22630	44.074074074074076
AT5G22640	92.14727272727274
AT5G22650	217.85090909090908
AT5G22660	0.8392857142857143
AT5G22670	0.22000000000000003
AT5G22680	0.29090909090909095
AT5G22690	5.6685185185185185
AT5G22700	13.91851851851852
AT5G22720	0.23333333333333336
AT5G22730	8.676363636363636
AT5G22740	42.36363636363637
AT5G22750	4.781818181818182
AT5G22760	14.018181818181818
AT5G22765	0.36000000000000004
AT5G22770	21.927272727272726
AT5G22780	23.78181818181818
AT5G22788	2.362264150943396
AT5G22790	10.347272727272728
AT5G22791	0.25
AT5G22794	4.723076923076923
AT5G22796	4.8352941176470585
AT5G22799	2.4903846153846154
AT5G22800	50.68518518518518
AT5G22810	0.2
AT5G22820	5.6018181818181825
AT5G22830	42.05555555555556
AT5G22840	10.351851851851851
AT5G22850	23.89272727272727
AT5G22860	144.9890909090909
AT5G22870	2.1314814814814818
AT5G22875	17.581818181818182
AT5G22880	251.6290909090909
AT5G22890	11.908333333333333
AT5G22900	0.225
AT5G22910	0.16666666666666666
AT5G22920	90.18181818181819
AT5G22930	5.325925925925926
AT5G22940	15.66909090909091
AT5G22950	41.836363636363636
AT5G22960	1.9428571428571428
AT5G22970	1.4166666666666667
AT5G22980	21.95
AT5G22990	0.275
AT5G23000	1.276470588235294
AT5G23010	168.17962962962963
AT5G23020	40.71153846153846
AT5G23030	2.363636363636364
AT5G23035	0.39999999999999997
AT5G23040	156.1090909090909
AT5G23050	27.145454545454545
AT5G23060	334.0740740740741
AT5G23065	1.1857142857142857
AT5G23070	33.407407407407405
AT5G23080	15.816363636363636
AT5G23090	14.543636363636363
AT5G23100	9.24074074074074
AT5G23110	7.721818181818182
AT5G23115	8.789473684210526
AT5G23120	235.74074074074073
AT5G23130	7.9818181818181815
AT5G23140	35.981818181818184
AT5G23150	14.781818181818181
AT5G23155	3.2796296296296297
AT5G23160	2.3440000000000003
AT5G23170	2.750909090909091
AT5G23180	0.4
AT5G23190	6.880000000000001
AT5G23200	13.55090909090909
AT5G23210	29.51851851851852
AT5G23212	0.9222222222222223
AT5G23220	19.437142857142856
AT5G23240	80.55185185185185
AT5G23250	28.37818181818182
AT5G23260	3.2105263157894735
AT5G23270	47.82
AT5G23280	32.05555555555556
AT5G23290	47.29454545454545
AT5G23300	19.00181818181818
AT5G23310	54.38363636363636
AT5G23320	4.201818181818182
AT5G23330	16.15090909090909
AT5G23340	21.927272727272726
AT5G23350	8.9
AT5G23360	7.758181818181818
AT5G23370	2.724074074074074
AT5G23380	8.018181818181818
AT5G23390	18.576363636363638
AT5G23395	20.963636363636365
AT5G23400	10.60925925925926
AT5G23405	12.537037037037036
AT5G23410	7.6
AT5G23411	1.0
AT5G23420	40.654545454545456
AT5G23430	12.565454545454546
AT5G23440	37.851851851851855
AT5G23450	44.30909090909091
AT5G23460	7.778181818181818
AT5G23470	0.39999999999999997
AT5G23480	1.8886792452830188
AT5G23490	7.329090909090909
AT5G23510	14.518518518518519
AT5G23520	13.181818181818182
AT5G23530	19.840740740740742
AT5G23535	34.44
AT5G23540	120.65454545454546
AT5G23550	17.52909090909091
AT5G23570	12.018518518518519
AT5G23575	60.472727272727276
AT5G23580	17.98148148148148
AT5G23590	13.636363636363637
AT5G23610	27.0
AT5G23630	33.09090909090909
AT5G23650	0.3333333333333333
AT5G23660	44.370370370370374
AT5G23670	47.30909090909091
AT5G23680	9.023636363636363
AT5G23690	9.055555555555555
AT5G23700	0.6775510204081633
AT5G23720	10.981818181818182
AT5G23730	11.47090909090909
AT5G23740	285.4054545454545
AT5G23750	24.666666666666668
AT5G23760	30.22
AT5G23770	1.5611111111111111
AT5G23780	1.2942307692307695
AT5G23790	0.625
AT5G23800	3.0666666666666664
AT5G23810	4.055555555555555
AT5G23820	170.53703703703704
AT5G23830	40.634
AT5G23840	13.306451612903226
AT5G23850	10.238181818181818
AT5G23860	77.02363636363637
AT5G23870	8.166666666666666
AT5G23880	15.012727272727274
AT5G23890	51.91090909090909
AT5G23900	217.05454545454546
AT5G23903	0.48
AT5G23908	0.3
AT5G23910	10.487272727272726
AT5G23920	77.33333333333333
AT5G23930	1.7000000000000002
AT5G23940	74.7388888888889
AT5G23950	2.896153846153846
AT5G23960	51.1
AT5G23970	10.443478260869567
AT5G23980	6.215686274509804
AT5G23990	6.635714285714286
AT5G24000	12.314814814814815
AT5G24010	7.777777777777778
AT5G24020	36.67272727272727
AT5G24030	28.436363636363637
AT5G24040	0.9413793103448276
AT5G24050	0.2333333333333333
AT5G24060	39.9
AT5G24070	3.5586206896551724
AT5G24080	0.9567567567567568
AT5G24090	14.973333333333333
AT5G24100	4.7250000000000005
AT5G24105	95.03636363636363
AT5G24110	2.0904761904761906
AT5G24120	29.169090909090908
AT5G24130	1.4142857142857141
AT5G24140	3.909090909090909
AT5G24150	69.422
AT5G24155	8.346938775510203
AT5G24160	15.164150943396228
AT5G24165	132.09259259259258
AT5G24170	10.472727272727273
AT5G24180	0.21000000000000002
AT5G24190	0.19333333333333333
AT5G24200	6.331250000000001
AT5G24205	1.896
AT5G24206	1.7553191489361701
AT5G24210	45.75094339622642
AT5G24215	5.686046511627907
AT5G24220	0.5774193548387097
AT5G24230	4.5942307692307685
AT5G24240	6.777777777777777
AT5G24260	18.545454545454547
AT5G24270	3.2777777777777777
AT5G24275	0.17428571428571427
AT5G24280	3.244444444444444
AT5G24290	10.353703703703705
AT5G24300	74.45454545454545
AT5G24310	8.87037037037037
AT5G24313	4.348148148148148
AT5G24314	145.65636363636364
AT5G24316	1.15625
AT5G24318	3.4363636363636365
AT5G24320	14.090909090909092
AT5G24330	3.7890909090909086
AT5G24340	9.055555555555555
AT5G24350	12.005454545454544
AT5G24352	5.765454545454546
AT5G24355	0.37142857142857144
AT5G24360	14.727272727272727
AT5G24370	0.325
AT5G24380	21.56
AT5G24390	3.152727272727273
AT5G24400	49.947272727272725
AT5G24410	6.872413793103449
AT5G24420	57.27450980392157
AT5G24430	17.425925925925927
AT5G24440	0.2333333333333333
AT5G24450	28.581818181818182
AT5G24460	33.10909090909091
AT5G24470	42.68727272727273
AT5G24480	0.4666666666666666
AT5G24490	341.9259259259259
AT5G24500	21.727272727272727
AT5G24510	0.7978723404255319
AT5G24520	32.34909090909091
AT5G24530	52.16481481481482
AT5G24540	0.4789473684210526
AT5G24550	0.125
AT5G24560	9.685714285714285
AT5G24570	41.30925925925926
AT5G24575	6.666666666666667
AT5G24580	13.157407407407407
AT5G24590	30.332727272727272
AT5G24600	1.325
AT5G24610	92.23636363636363
AT5G24620	39.261818181818185
AT5G24630	6.985185185185186
AT5G24640	1.8702702702702703
AT5G24650	70.94545454545455
AT5G24655	7.256363636363637
AT5G24660	26.41090909090909
AT5G24670	30.463636363636365
AT5G24680	5.9399999999999995
AT5G24690	138.43636363636364
AT5G24710	34.41818181818182
AT5G24735	106.83636363636364
AT5G24740	7.283636363636364
AT5G24750	5.616363636363636
AT5G24760	15.537037037037036
AT5G24770	218.05090909090907
AT5G24780	504.3833333333333
AT5G24790	0.5818181818181818
AT5G24800	54.20363636363636
AT5G24810	36.654545454545456
AT5G24820	0.36666666666666664
AT5G24825	0.7333333333333334
AT5G24830	6.34
AT5G24840	20.78363636363636
AT5G24850	15.981818181818182
AT5G24860	4.873333333333333
AT5G24870	9.981818181818182
AT5G24879	1.6500000000000001
AT5G24880	8.183783783783786
AT5G24890	42.17272727272727
AT5G24900	0.7029411764705883
AT5G24910	2.5170212765957447
AT5G24920	4.3314814814814815
AT5G24930	368.3654545454545
AT5G24940	6.079245283018868
AT5G24950	0.3
AT5G24960	1.4454545454545455
AT5G24970	6.654545454545454
AT5G24980	17.35272727272727
AT5G24990	4.7
AT5G25000	0.24285714285714288
AT5G25010	3.02
AT5G25020	2.082692307692308
AT5G25030	0.35
AT5G25040	16.836734693877553
AT5G25050	4.274074074074075
AT5G25060	27.527272727272727
AT5G25070	20.333333333333332
AT5G25080	30.478181818181817
AT5G25090	34.32592592592592
AT5G25100	97.54545454545455
AT5G25110	6.924999999999999
AT5G25120	13.21111111111111
AT5G25130	10.037037037037036
AT5G25140	6.869811320754717
AT5G25150	14.392727272727273
AT5G25160	5.074
AT5G25170	9.74074074074074
AT5G25180	0.20666666666666667
AT5G25190	14.148148148148149
AT5G25200	0.15000000000000002
AT5G25210	15.67962962962963
AT5G25220	53.27777777777778
AT5G25230	0.37647058823529417
AT5G25240	9.222222222222221
AT5G25250	16.49814814814815
AT5G25260	4.384
AT5G25265	75.9090909090909
AT5G25270	40.872727272727275
AT5G25280	74.84181818181818
AT5G25290	0.21666666666666667
AT5G25300	0.5
AT5G25310	0.3885714285714286
AT5G25320	3.6357142857142857
AT5G25330	0.35
AT5G25340	39.087999999999994
AT5G25350	47.74545454545454
AT5G25360	37.03636363636364
AT5G25370	1.1333333333333333
AT5G25380	1.0568627450980392
AT5G25390	4.947058823529412
AT5G25400	3.0714285714285716
AT5G25410	0.3
AT5G25415	0.31428571428571433
AT5G25420	0.21666666666666667
AT5G25425	5.342857142857143
AT5G25430	21.3375
AT5G25440	16.145454545454545
AT5G25450	4.684615384615385
AT5G25460	263.6963636363636
AT5G25470	1.2191489361702128
AT5G25475	12.25925925925926
AT5G25480	6.425925925925926
AT5G25490	6.1854545454545455
AT5G25500	2.187037037037037
AT5G25510	29.363636363636363
AT5G25520	18.827272727272728
AT5G25530	3.3666666666666663
AT5G25540	51.49090909090909
AT5G25550	2.0826086956521745
AT5G25560	66.43636363636364
AT5G25570	7.425454545454545
AT5G25580	6.083636363636364
AT5G25585	0.95
AT5G25590	15.836363636363636
AT5G25600	0.225
AT5G25610	335.14909090909094
AT5G25620	4.977777777777777
AT5G25630	59.38363636363636
AT5G25640	2.1942307692307694
AT5G25750	0.3
AT5G25754	7.909090909090909
AT5G25755	1.4333333333333336
AT5G25756	0.7458333333333332
AT5G25757	10.274545454545455
AT5G25760	38.0
AT5G25770	20.327272727272728
AT5G25780	27.037037037037038
AT5G25790	2.5981481481481485
AT5G25800	8.069090909090908
AT5G25810	11.265384615384615
AT5G25820	6.762962962962963
AT5G25830	7.5
AT5G25840	29.88679245283019
AT5G25850	0.5
AT5G25860	0.5
AT5G25870	0.2
AT5G25880	4.228
AT5G25890	29.11111111111111
AT5G25900	25.53272727272727
AT5G25910	1.632
AT5G25920	0.2833333333333334
AT5G25930	10.74074074074074
AT5G25940	44.92727272727273
AT5G25950	0.5
AT5G25960	0.17058823529411765
AT5G25970	1.941304347826087
AT5G25980	863.2639999999999
AT5G25990	2.0195121951219512
AT5G25995	5.0285714285714285
AT5G26000	1548.8115384615385
AT5G26010	9.284615384615385
AT5G26030	54.85454545454545
AT5G26040	10.456363636363637
AT5G26050	0.725
AT5G26060	103.8125
AT5G26070	0.55
AT5G26080	1.9899999999999998
AT5G26090	0.5571428571428572
AT5G26100	2.32
AT5G26110	18.756363636363634
AT5G26120	0.5470588235294118
AT5G26130	0.15000000000000002
AT5G26140	0.47307692307692306
AT5G26146	3.8894736842105258
AT5G26150	1.15
AT5G26160	5.975925925925925
AT5G26170	5.833962264150944
AT5G26180	12.0
AT5G26190	0.4979166666666666
AT5G26200	7.272222222222222
AT5G26210	53.00181818181818
AT5G26220	8.294545454545455
AT5G26230	9.166666666666666
AT5G26240	22.10909090909091
AT5G26250	0.34242424242424246
AT5G26260	85.13921568627451
AT5G26262	0.39999999999999997
AT5G26270	10.05
AT5G26280	211.34038461538464
AT5G26290	34.428125
AT5G26300	0.7384615384615384
AT5G26310	5.035
AT5G26320	0.8206896551724137
AT5G26330	9.018518518518519
AT5G26340	38.370370370370374
AT5G26360	123.7
AT5G26570	71.62181818181818
AT5G26580	0.3
AT5G26594	0.3
AT5G26600	23.01818181818182
AT5G26610	28.825454545454548
AT5G26617	0.27999999999999997
AT5G26620	1.464102564102564
AT5G26622	19.296296296296298
AT5G26630	0.8913043478260869
AT5G26640	0.55
AT5G26650	0.24
AT5G26660	5.60188679245283
AT5G26667	78.07272727272728
AT5G26670	10.74074074074074
AT5G26673	0.475
AT5G26680	12.945454545454545
AT5G26690	7.119999999999999
AT5G26692	491.73
AT5G26700	152.35306122448978
AT5G26710	46.163636363636364
AT5G26720	5.34074074074074
AT5G26730	1.8020833333333337
AT5G26731	5.296296296296297
AT5G26740	27.236363636363638
AT5G26742	265.0618181818182
AT5G26749	5.427272727272728
AT5G26751	75.32727272727273
AT5G26760	18.62545454545455
AT5G26770	13.256363636363636
AT5G26780	42.236363636363635
AT5G26790	3.0462962962962963
AT5G26800	52.234545454545454
AT5G26805	0.3
AT5G26810	0.9
AT5G26820	45.4
AT5G26830	65.38888888888889
AT5G26840	1.1
AT5G26850	32.16909090909091
AT5G26860	20.752727272727274
AT5G26865	0.6604651162790698
AT5G26880	74.03703703703704
AT5G26890	0.26666666666666666
AT5G26900	0.17500000000000002
AT5G26910	12.218181818181819
AT5G26920	16.557407407407407
AT5G26930	0.8400000000000001
AT5G26940	15.636363636363637
AT5G26950	0.2
AT5G26960	17.444444444444443
AT5G26970	0.5173913043478261
AT5G26980	10.085454545454546
AT5G26990	14.127272727272727
AT5G27000	6.196296296296297
AT5G27010	0.24285714285714285
AT5G27020	0.18421052631578946
AT5G27030	15.236363636363636
AT5G27050	0.31818181818181823
AT5G27060	1.4636363636363638
AT5G27070	0.15000000000000002
AT5G27080	0.4
AT5G27090	2.1799999999999997
AT5G27093	2.622448979591837
AT5G27100	4.236363636363636
AT5G27110	2.3537037037037036
AT5G27120	62.092592592592595
AT5G27130	0.21666666666666665
AT5G27140	0.36666666666666664
AT5G27150	56.38181818181818
AT5G27170	1.0
AT5G27200	1.0757575757575757
AT5G27210	6.177777777777778
AT5G27220	1.6203703703703705
AT5G27230	1.0415094339622641
AT5G27238	1.025
AT5G27240	5.562962962962962
AT5G27247	2.458536585365854
AT5G27260	0.10000000000000002
AT5G27270	11.72037037037037
AT5G27280	32.31090909090909
AT5G27290	37.08490566037736
AT5G27300	7.890740740740741
AT5G27310	0.3
AT5G27320	15.537037037037036
AT5G27330	21.27777777777778
AT5G27340	0.5
AT5G27350	55.165454545454544
AT5G27360	10.475000000000001
AT5G27370	0.5200000000000001
AT5G27380	94.25090909090909
AT5G27390	45.129629629629626
AT5G27395	21.685185185185187
AT5G27400	2.252727272727273
AT5G27410	10.734545454545454
AT5G27420	11.698181818181817
AT5G27430	27.254545454545454
AT5G27440	0.1
AT5G27450	20.70909090909091
AT5G27460	10.003636363636364
AT5G27470	91.02181818181818
AT5G27490	7.527272727272727
AT5G27493	0.17500000000000002
AT5G27495	3.5666666666666664
AT5G27510	0.36000000000000004
AT5G27520	29.163636363636364
AT5G27530	0.25
AT5G27540	39.29090909090909
AT5G27550	10.65090909090909
AT5G27560	41.31296296296296
AT5G27570	0.19999999999999998
AT5G27580	0.22142857142857145
AT5G27600	25.418181818181818
AT5G27606	0.25
AT5G27607	0.39999999999999997
AT5G27610	3.934545454545454
AT5G27620	10.389090909090909
AT5G27630	1.9545454545454546
AT5G27640	64.45454545454545
AT5G27650	14.945454545454545
AT5G27660	70.15818181818182
AT5G27670	89.61818181818182
AT5G27680	3.0327272727272723
AT5G27690	9.407407407407407
AT5G27700	315.90909090909093
AT5G27710	15.727272727272727
AT5G27720	77.44181818181819
AT5G27730	18.074074074074073
AT5G27740	27.045454545454547
AT5G27750	5.505454545454545
AT5G27760	45.163636363636364
AT5G27765	0.6346153846153846
AT5G27770	261.9327272727273
AT5G27780	0.44000000000000006
AT5G27790	0.5
AT5G27800	0.6
AT5G27807	1.5230769230769228
AT5G27810	0.5852941176470587
AT5G27820	28.79090909090909
AT5G27830	15.425925925925926
AT5G27840	29.272727272727273
AT5G27850	396.2
AT5G27860	72.05454545454545
AT5G27870	170.81
AT5G27880	0.6
AT5G27889	8.47111111111111
AT5G27890	7.518367346938775
AT5G27893	0.8837209302325583
AT5G27910	0.38499999999999995
AT5G27920	14.798181818181817
AT5G27930	16.77777777777778
AT5G27940	0.5382978723404256
AT5G27945	0.1
AT5G27950	20.118181818181817
AT5G27960	0.13333333333333333
AT5G27970	16.82
AT5G27980	23.928571428571423
AT5G27990	32.983636363636364
AT5G28000	1.15
AT5G28010	2.2296296296296294
AT5G28020	39.907407407407405
AT5G28030	4.112962962962963
AT5G28040	16.78181818181818
AT5G28050	107.01818181818182
AT5G28060	487.72727272727275
AT5G28080	3.7399999999999998
AT5G28090	0.3
AT5G28150	14.598181818181818
AT5G28160	0.5
AT5G28180	0.25
AT5G28190	0.3666666666666667
AT5G28210	0.7749999999999999
AT5G28220	17.418181818181818
AT5G28235	1.2
AT5G28237	10.107142857142858
AT5G28262	2.4703703703703703
AT5G28288	0.5
AT5G28290	11.592592592592593
AT5G28295	0.43333333333333335
AT5G28300	33.0
AT5G28310	0.5209302325581396
AT5G28320	1.6188679245283017
AT5G28340	1.0918367346938775
AT5G28345	0.20909090909090908
AT5G28350	10.24
AT5G28370	0.10000000000000002
AT5G28380	0.16785714285714287
AT5G28390	12.39090909090909
AT5G28400	1.7711538461538463
AT5G28410	0.325
AT5G28420	0.4369565217391304
AT5G28442	2.8309090909090906
AT5G28450	5.822916666666667
AT5G28460	0.13846153846153847
AT5G28462	1.0
AT5G28463	0.26666666666666666
AT5G28470	4.052941176470589
AT5G28490	8.816666666666666
AT5G28491	0.5
AT5G28500	164.1851851851852
AT5G28510	1.5375000000000003
AT5G28520	0.4423076923076923
AT5G28530	5.3963636363636365
AT5G28540	163.83636363636364
AT5G28550	1.0
AT5G28560	0.8
AT5G28590	0.6
AT5G28610	3.5595238095238093
AT5G28615	0.1
AT5G28630	16.52075471698113
AT5G28640	15.805555555555555
AT5G28646	1.5730769230769228
AT5G28650	1.124
AT5G28660	0.3333333333333333
AT5G28680	75.99000000000001
AT5G28690	170.975
AT5G28720	0.6
AT5G28730	0.3
AT5G28740	32.25454545454546
AT5G28750	227.2927272727273
AT5G28770	41.019999999999996
AT5G28780	1.0
AT5G28810	0.35
AT5G28820	0.75
AT5G28823	0.5
AT5G28824	0.6
AT5G28830	15.75925925925926
AT5G28840	207.6727272727273
AT5G28850	13.589090909090908
AT5G28885	1.0
AT5G28900	16.823636363636364
AT5G28910	2.6254545454545455
AT5G28920	0.17692307692307693
AT5G28950	0.43333333333333335
AT5G28960	0.6894736842105263
AT5G29000	10.838181818181818
AT5G29050	0.8
AT5G29070	1.0
AT5G29210	0.5
AT5G29560	0.8
AT5G29613	0.3
AT5G29624	0.39999999999999997
AT5G30360	0.65
AT5G30490	20.054545454545455
AT5G30495	19.69272727272727
AT5G30500	2.2142857142857144
AT5G30510	435.4927272727272
AT5G30520	0.9
AT5G31412	0.16666666666666666
AT5G32017	2.0
AT5G32440	77.89090909090909
AT5G32450	73.12962962962963
AT5G32460	0.1368421052631579
AT5G32470	16.367272727272727
AT5G32590	1.0
AT5G32613	0.5
AT5G32619	1.3
AT5G32670	0.45
AT5G33210	0.4000000000000001
AT5G33280	15.777777777777779
AT5G33290	14.62037037037037
AT5G33300	8.003636363636364
AT5G33320	114.47818181818182
AT5G33330	0.35714285714285715
AT5G33340	1.5999999999999999
AT5G33355	7.863999999999999
AT5G33370	60.769767441860466
AT5G33390	0.823076923076923
AT5G33393	0.6
AT5G33399	0.2277777777777778
AT5G33406	0.4
AT5G33439	0.4
AT5G33806	0.9
AT5G33898	0.6
AT5G34581	0.35
AT5G34780	0.5888888888888889
AT5G34828	0.15000000000000002
AT5G34830	0.9232558139534883
AT5G34850	130.05454545454546
AT5G34869	0.5666666666666668
AT5G34870	0.9
AT5G34871	1.271111111111111
AT5G34881	0.39999999999999997
AT5G34882	0.4
AT5G34883	0.3
AT5G34885	0.34
AT5G34887	0.2
AT5G34905	1.24
AT5G34908	0.4
AT5G34930	9.981818181818182
AT5G34940	9.294545454545455
AT5G35050	0.375
AT5G35067	1.0
AT5G35069	0.2
AT5G35080	24.454545454545453
AT5G35090	13.169999999999998
AT5G35100	48.35272727272727
AT5G35110	29.817021276595746
AT5G35120	0.21666666666666665
AT5G35160	46.01090909090909
AT5G35170	121.83272727272728
AT5G35180	42.872727272727275
AT5G35190	58.91290322580645
AT5G35200	50.127272727272725
AT5G35210	30.89090909090909
AT5G35220	47.72222222222222
AT5G35230	0.7
AT5G35300	0.4
AT5G35320	19.09272727272727
AT5G35330	18.854545454545455
AT5G35338	0.4666666666666666
AT5G35360	156.70909090909092
AT5G35370	9.953703703703704
AT5G35375	0.2833333333333334
AT5G35380	0.3
AT5G35390	8.694444444444443
AT5G35400	5.814814814814815
AT5G35405	1.05
AT5G35407	1.1272727272727272
AT5G35410	6.774545454545455
AT5G35430	20.023636363636363
AT5G35450	6.598148148148148
AT5G35460	30.490909090909092
AT5G35475	0.1
AT5G35480	20.227659574468085
AT5G35490	16.05
AT5G35510	0.5714285714285714
AT5G35520	12.851851851851851
AT5G35525	3.2673469387755105
AT5G35530	266.4727272727273
AT5G35540	0.3
AT5G35550	1.0071428571428571
AT5G35560	22.06
AT5G35570	18.336363636363636
AT5G35580	5.300000000000001
AT5G35590	122.02181818181818
AT5G35600	0.25555555555555554
AT5G35603	1.0
AT5G35604	1.0
AT5G35605	1.0999999999999999
AT5G35610	0.3
AT5G35620	65.32727272727273
AT5G35630	1197.5555555555557
AT5G35640	0.26666666666666666
AT5G35660	1.7299999999999998
AT5G35670	9.232727272727272
AT5G35680	122.78181818181818
AT5G35688	0.39166666666666666
AT5G35690	32.58181818181818
AT5G35695	0.5
AT5G35700	20.6
AT5G35715	1.6874999999999998
AT5G35730	29.727272727272727
AT5G35732	8.348148148148148
AT5G35735	79.16545454545455
AT5G35737	0.3666666666666667
AT5G35740	26.22222222222222
AT5G35750	15.462962962962964
AT5G35753	7.962962962962963
AT5G35760	1.2528301886792454
AT5G35770	0.6702702702702703
AT5G35790	93.71666666666667
AT5G35810	0.65
AT5G35830	0.16
AT5G35840	18.256363636363638
AT5G35870	0.4482758620689655
AT5G35890	0.5
AT5G35900	0.22499999999999998
AT5G35910	27.4
AT5G35917	1.5428571428571427
AT5G35920	0.30999999999999994
AT5G35926	1.5690909090909093
AT5G35930	5.42909090909091
AT5G35940	12.6
AT5G35945	0.9181818181818181
AT5G35950	0.22499999999999998
AT5G35960	0.8462962962962962
AT5G35970	96.19090909090909
AT5G35980	36.90909090909091
AT5G35995	10.185454545454546
AT5G36000	1.850943396226415
AT5G36002	0.27692307692307694
AT5G36080	0.9
AT5G36100	0.275
AT5G36110	1.6575
AT5G36120	64.21481481481482
AT5G36130	3.4655172413793105
AT5G36140	4.289655172413793
AT5G36150	0.7518518518518519
AT5G36160	57.054545454545455
AT5G36170	64.63818181818182
AT5G36180	8.84705882352941
AT5G36190	0.95
AT5G36200	0.4
AT5G36210	33.44444444444444
AT5G36220	11.798181818181817
AT5G36225	0.30000000000000004
AT5G36228	0.2
AT5G36230	127.47272727272727
AT5G36240	0.26666666666666666
AT5G36250	25.272727272727273
AT5G36260	5.427450980392157
AT5G36280	0.5107142857142857
AT5G36290	70.23636363636363
AT5G36300	0.6
AT5G36320	0.16666666666666666
AT5G36330	0.30000000000000004
AT5G36360	0.5
AT5G36460	0.32499999999999996
AT5G36480	0.3
AT5G36500	0.3
AT5G36540	0.1
AT5G36550	0.25
AT5G36657	0.1
AT5G36658	1.0
AT5G36659	0.5
AT5G36700	0.46842105263157896
AT5G36740	0.14516129032258063
AT5G36790	1.2826086956521738
AT5G36800	0.225
AT5G36870	0.4222222222222223
AT5G36880	59.41818181818182
AT5G36890	19.98363636363636
AT5G36900	0.43333333333333335
AT5G36907	5.5777777777777775
AT5G36910	55.45918367346939
AT5G36920	2.946153846153846
AT5G36925	8.586
AT5G36930	7.937037037037038
AT5G36940	18.0
AT5G36950	13.24074074074074
AT5G36960	0.9928571428571429
AT5G36970	0.31612903225806455
AT5G36980	0.26
AT5G37000	3.9333333333333336
AT5G37010	10.634545454545457
AT5G37020	27.59259259259259
AT5G37030	0.6
AT5G37040	0.6
AT5G37050	0.5146341463414633
AT5G37055	14.418181818181818
AT5G37060	12.533333333333333
AT5G37070	26.167272727272728
AT5G37130	25.62962962962963
AT5G37140	0.35
AT5G37150	0.5
AT5G37160	0.8
AT5G37165	0.25
AT5G37170	5.666666666666667
AT5G37180	2.6296296296296298
AT5G37190	10.5
AT5G37200	0.25
AT5G37210	0.73125
AT5G37220	0.5333333333333333
AT5G37230	0.35555555555555557
AT5G37240	0.6951219512195121
AT5G37247	0.7785714285714287
AT5G37250	0.34
AT5G37260	125.85185185185185
AT5G37270	0.325
AT5G37280	0.39999999999999997
AT5G37290	10.110909090909091
AT5G37300	8.536170212765958
AT5G37310	30.545454545454547
AT5G37320	0.225
AT5G37340	4.674074074074074
AT5G37350	20.425925925925927
AT5G37360	104.25925925925925
AT5G37370	35.872727272727275
AT5G37380	13.290909090909091
AT5G37400	1.977777777777778
AT5G37410	1.6944444444444444
AT5G37415	0.16666666666666666
AT5G37420	0.26
AT5G37430	0.3
AT5G37440	2.7036363636363636
AT5G37450	0.7441860465116281
AT5G37460	0.19090909090909092
AT5G37470	0.46428571428571425
AT5G37474	0.85
AT5G37475	28.272727272727273
AT5G37478	3.106521739130435
AT5G37480	18.385454545454547
AT5G37485	1.263265306122449
AT5G37490	0.5790697674418605
AT5G37500	5.409090909090909
AT5G37510	120.74545454545455
AT5G37520	0.3
AT5G37530	6.555555555555555
AT5G37540	16.229629629629628
AT5G37550	4.094444444444444
AT5G37560	0.3
AT5G37570	2.5185185185185186
AT5G37590	9.574545454545452
AT5G37600	227.30545454545452
AT5G37610	0.22857142857142862
AT5G37620	0.26666666666666666
AT5G37630	6.983636363636364
AT5G37640	0.22000000000000003
AT5G37650	0.525
AT5G37660	6.701851851851852
AT5G37670	3.7666666666666666
AT5G37680	14.663636363636364
AT5G37690	23.05333333333333
AT5G37710	9.185185185185185
AT5G37720	44.472727272727276
AT5G37730	1.95
AT5G37740	40.407407407407405
AT5G37750	1.3346153846153845
AT5G37760	0.23636363636363636
AT5G37770	43.276363636363634
AT5G37780	202.5818181818182
AT5G37790	16.565454545454546
AT5G37793	1.6236842105263158
AT5G37795	1.0
AT5G37800	0.9142857142857143
AT5G37810	7.3
AT5G37820	0.5666666666666667
AT5G37830	29.59090909090909
AT5G37840	0.34615384615384615
AT5G37850	43.00909090909091
AT5G37860	0.44166666666666665
AT5G37870	0.4000000000000001
AT5G37890	9.383636363636365
AT5G37900	0.21428571428571433
AT5G37910	0.3
AT5G37920	0.39999999999999997
AT5G37930	18.70909090909091
AT5G37940	3.8774193548387093
AT5G37950	1.2694444444444446
AT5G37960	0.5923076923076922
AT5G37970	3.4266666666666676
AT5G37980	1.0
AT5G37990	81.1375
AT5G38000	4.020833333333333
AT5G38005	7.49433962264151
AT5G38010	4.1685185185185185
AT5G38020	26.672727272727276
AT5G38030	11.365306122448981
AT5G38040	3.1277777777777773
AT5G38050	5.529090909090909
AT5G38060	13.511111111111111
AT5G38070	2.9754716981132074
AT5G38080	0.364
AT5G38090	0.55
AT5G38100	2.2195652173913047
AT5G38110	14.709090909090909
AT5G38120	5.0
AT5G38130	1.8519999999999999
AT5G38140	16.005555555555556
AT5G38150	20.71481481481481
AT5G38160	0.5
AT5G38170	0.6799999999999999
AT5G38180	0.8
AT5G38190	0.3666666666666667
AT5G38195	0.8
AT5G38197	0.325
AT5G38200	8.712727272727273
AT5G38210	0.1
AT5G38212	0.5716981132075472
AT5G38220	16.618181818181817
AT5G38240	2.2653846153846153
AT5G38250	1.0481481481481483
AT5G38260	0.18
AT5G38270	0.30000000000000004
AT5G38280	4.020754716981132
AT5G38290	26.833333333333332
AT5G38300	6.311111111111111
AT5G38310	0.9339999999999999
AT5G38317	1.0
AT5G38320	2.5148936170212766
AT5G38330	1.6333333333333335
AT5G38340	1.9470588235294115
AT5G38344	1.052941176470588
AT5G38350	2.3000000000000003
AT5G38360	17.59259259259259
AT5G38378	0.25
AT5G38380	15.672727272727272
AT5G38386	0.2
AT5G38390	4.9399999999999995
AT5G38391	12.133333333333333
AT5G38392	0.23333333333333336
AT5G38396	0.18181818181818182
AT5G38400	0.875
AT5G38410	3471.749090909091
AT5G38420	2972.3358490566034
AT5G38430	589.5923076923077
AT5G38435	74.08571428571429
AT5G38440	0.43333333333333335
AT5G38450	1.1129032258064515
AT5G38460	9.42
AT5G38470	135.8
AT5G38480	215.07272727272726
AT5G38490	0.3
AT5G38500	0.5000000000000001
AT5G38510	39.161818181818184
AT5G38520	100.22181818181818
AT5G38530	35.53703703703704
AT5G38540	1.832258064516129
AT5G38550	3.848837209302325
AT5G38560	27.01851851851852
AT5G38565	1.3115384615384615
AT5G38570	0.5
AT5G38580	0.2571428571428572
AT5G38590	6.525454545454545
AT5G38600	14.638181818181819
AT5G38610	9.588888888888889
AT5G38620	0.4
AT5G38630	22.12727272727273
AT5G38640	16.381818181818183
AT5G38650	0.4571428571428572
AT5G38660	57.45636363636363
AT5G38670	0.1
AT5G38680	2.144444444444444
AT5G38690	11.690909090909091
AT5G38700	3.6902439024390246
AT5G38710	9.162962962962965
AT5G38720	18.94909090909091
AT5G38730	2.1722222222222225
AT5G38740	0.15882352941176472
AT5G38743	2.633333333333333
AT5G38747	1.4312500000000001
AT5G38750	1.0488372093023257
AT5G38760	240.38333333333333
AT5G38770	1.4607843137254906
AT5G38780	1.2230769230769232
AT5G38790	1.73448275862069
AT5G38800	1.2129032258064514
AT5G38810	0.22499999999999998
AT5G38820	1.591111111111111
AT5G38830	48.018181818181816
AT5G38840	20.138181818181817
AT5G38850	5.834545454545454
AT5G38860	10.563636363636364
AT5G38865	16.78909090909091
AT5G38880	19.963636363636365
AT5G38890	17.74074074074074
AT5G38895	13.418181818181818
AT5G38900	7.128301886792453
AT5G38910	3.234375
AT5G38920	0.3
AT5G38930	4.795121951219512
AT5G38940	19.89787234042553
AT5G38950	1.0
AT5G38960	0.3
AT5G38970	2.1859999999999995
AT5G38980	196.18703703703704
AT5G38990	24.544230769230772
AT5G39000	0.5513513513513513
AT5G39010	0.26666666666666666
AT5G39020	5.17037037037037
AT5G39024	1.125
AT5G39030	6.124528301886793
AT5G39040	25.247272727272726
AT5G39050	34.351851851851855
AT5G39080	28.570909090909094
AT5G39090	3.0333333333333337
AT5G39100	0.6592592592592591
AT5G39110	3.320833333333333
AT5G39120	3.3727272727272735
AT5G39130	0.9571428571428572
AT5G39150	1.25
AT5G39160	0.4780487804878049
AT5G39180	0.7
AT5G39190	0.9025000000000001
AT5G39200	0.1
AT5G39210	44.942
AT5G39220	4.774
AT5G39230	0.45333333333333337
AT5G39240	8.229411764705882
AT5G39250	5.069090909090909
AT5G39260	0.27586206896551724
AT5G39270	1.9666666666666668
AT5G39280	1.425
AT5G39290	0.6
AT5G39300	4.433333333333334
AT5G39310	50.833333333333336
AT5G39320	57.836363636363636
AT5G39330	0.32954545454545453
AT5G39340	26.77777777777778
AT5G39350	4.565454545454545
AT5G39360	20.678181818181816
AT5G39365	10.55
AT5G39370	0.31249999999999994
AT5G39380	4.747272727272728
AT5G39390	0.24285714285714288
AT5G39400	86.62499999999999
AT5G39410	28.74909090909091
AT5G39420	17.013461538461534
AT5G39430	0.26666666666666666
AT5G39440	0.30000000000000004
AT5G39450	5.4907407407407405
AT5G39460	0.15000000000000002
AT5G39470	0.2928571428571428
AT5G39471	0.6796296296296296
AT5G39480	0.27
AT5G39490	0.34
AT5G39493	10.368
AT5G39500	15.68
AT5G39510	99.85454545454546
AT5G39520	9.32857142857143
AT5G39530	63.79074074074074
AT5G39535	2.335714285714286
AT5G39540	0.3
AT5G39550	9.558181818181819
AT5G39560	0.19999999999999998
AT5G39570	374.0181818181818
AT5G39580	19.60816326530612
AT5G39590	80.98181818181818
AT5G39600	32.38727272727272
AT5G39610	13.336363636363636
AT5G39620	0.375
AT5G39630	0.15000000000000002
AT5G39635	0.2833333333333334
AT5G39640	0.45000000000000007
AT5G39645	0.7666666666666667
AT5G39650	11.510000000000002
AT5G39660	8.576363636363636
AT5G39670	7.356862745098039
AT5G39680	0.9574074074074075
AT5G39690	0.6666666666666666
AT5G39693	0.8769230769230768
AT5G39700	0.25
AT5G39710	7.6462962962962955
AT5G39715	0.6
AT5G39720	1.02
AT5G39730	76.09272727272727
AT5G39740	446.43454545454546
AT5G39750	0.21428571428571427
AT5G39760	16.425925925925927
AT5G39770	0.29999999999999993
AT5G39775	0.2
AT5G39785	6.083636363636364
AT5G39790	14.24074074074074
AT5G39800	19.438181818181818
AT5G39810	0.17500000000000002
AT5G39820	0.711764705882353
AT5G39830	54.658181818181816
AT5G39840	7.0814814814814815
AT5G39850	20.796296296296298
AT5G39860	13.456
AT5G39865	2.250909090909091
AT5G39870	30.88333333333333
AT5G39880	512.0928571428573
AT5G39890	4.201851851851853
AT5G39900	5.144444444444445
AT5G39910	0.6
AT5G39920	0.5
AT5G39930	0.13846153846153847
AT5G39940	13.238888888888889
AT5G39950	132.3272727272727
AT5G39960	8.274545454545455
AT5G39970	3.6388888888888893
AT5G39980	7.52962962962963
AT5G39990	21.772727272727273
AT5G40000	1.238709677419355
AT5G40010	1.9612244897959183
AT5G40020	7.592592592592593
AT5G40030	2.526530612244898
AT5G40040	1.3073170731707315
AT5G40050	0.30000000000000004
AT5G40060	5.8163636363636355
AT5G40070	0.3285714285714286
AT5G40080	13.567272727272728
AT5G40090	1.6907407407407409
AT5G40100	1.5905660377358493
AT5G40120	0.6
AT5G40140	6.555555555555555
AT5G40150	9.559999999999999
AT5G40155	32.9625
AT5G40160	30.183636363636364
AT5G40170	27.203703703703702
AT5G40180	2.3000000000000003
AT5G40190	28.654545454545456
AT5G40200	34.21818181818182
AT5G40210	1.7169811320754718
AT5G40220	0.10000000000000002
AT5G40230	2.70188679245283
AT5G40240	13.18909090909091
AT5G40250	22.425925925925927
AT5G40260	2.42
AT5G40270	8.236363636363636
AT5G40275	0.16666666666666666
AT5G40280	11.87037037037037
AT5G40290	0.30000000000000004
AT5G40300	16.24074074074074
AT5G40310	0.35294117647058826
AT5G40315	2.0
AT5G40316	0.9818181818181819
AT5G40320	0.615625
AT5G40330	6.945283018867924
AT5G40340	32.72727272727273
AT5G40348	2.838461538461538
AT5G40350	11.693750000000001
AT5G40360	1.7285714285714289
AT5G40370	127.03636363636363
AT5G40380	10.52
AT5G40382	0.47333333333333333
AT5G40384	0.3
AT5G40390	24.314545454545453
AT5G40395	2.27
AT5G40400	2.9545454545454546
AT5G40405	2.42037037037037
AT5G40410	0.8471698113207549
AT5G40420	5.9624999999999995
AT5G40430	0.23333333333333336
AT5G40440	8.089090909090908
AT5G40450	78.20181818181818
AT5G40460	3.3363636363636364
AT5G40470	7.314814814814815
AT5G40480	17.363636363636363
AT5G40490	29.21818181818182
AT5G40500	33.63454545454545
AT5G40510	14.093877551020409
AT5G40520	7.7290909090909095
AT5G40530	12.74909090909091
AT5G40540	4.618181818181818
AT5G40550	10.503636363636364
AT5G40560	0.2333333333333333
AT5G40570	4.548148148148148
AT5G40580	54.11454545454546
AT5G40590	7.765714285714286
AT5G40600	3.5218181818181815
AT5G40610	29.01818181818182
AT5G40620	2.1857142857142855
AT5G40630	3.242307692307693
AT5G40640	9.747272727272728
AT5G40645	2.7523809523809524
AT5G40650	20.054545454545455
AT5G40660	21.565454545454543
AT5G40670	51.472727272727276
AT5G40680	0.13846153846153847
AT5G40690	23.19272727272727
AT5G40700	6.259999999999999
AT5G40710	10.205454545454545
AT5G40720	14.563636363636364
AT5G40730	211.66111111111113
AT5G40740	14.090909090909092
AT5G40750	0.5
AT5G40760	41.75272727272728
AT5G40770	66.29818181818182
AT5G40780	34.25925925925926
AT5G40790	0.635483870967742
AT5G40800	1.3408163265306123
AT5G40810	90.78181818181818
AT5G40820	1.3
AT5G40830	21.763636363636362
AT5G40840	2.9277777777777776
AT5G40850	88.5109090909091
AT5G40855	0.6000000000000001
AT5G40860	1.5875
AT5G40870	23.74074074074074
AT5G40880	6.763636363636364
AT5G40890	77.83333333333333
AT5G40900	0.28076923076923077
AT5G40910	18.327272727272728
AT5G40930	42.836363636363636
AT5G40940	0.2
AT5G40945	1.9166666666666667
AT5G40950	505.4745454545454
AT5G40960	5.248076923076923
AT5G40970	5.925925925925926
AT5G40981	0.375
AT5G40990	0.7969696969696969
AT5G41000	5.454545454545454
AT5G41010	45.40181818181818
AT5G41020	18.492727272727272
AT5G41030	0.29677419354838713
AT5G41040	23.10555555555555
AT5G41050	20.955555555555552
AT5G41060	11.62962962962963
AT5G41070	12.46111111111111
AT5G41071	0.8949999999999999
AT5G41080	29.914545454545454
AT5G41090	0.45862068965517244
AT5G41100	12.912727272727274
AT5G41110	6.214545454545455
AT5G41120	6.174074074074074
AT5G41130	4.930909090909091
AT5G41140	25.369090909090907
AT5G41150	7.3927272727272735
AT5G41160	1.2944444444444445
AT5G41170	1.5109090909090908
AT5G41180	10.88888888888889
AT5G41190	32.2962962962963
AT5G41200	0.20000000000000004
AT5G41210	81.67272727272727
AT5G41220	10.112727272727273
AT5G41240	8.912727272727272
AT5G41250	0.22499999999999998
AT5G41260	35.44444444444444
AT5G41265	2.95
AT5G41270	8.372727272727273
AT5G41280	1.5599999999999996
AT5G41290	0.8205882352941176
AT5G41300	1.513793103448276
AT5G41310	1.4647058823529413
AT5G41315	1.4111111111111112
AT5G41320	0.14444444444444446
AT5G41330	8.063636363636364
AT5G41340	33.85454545454545
AT5G41350	14.148148148148149
AT5G41360	10.581818181818182
AT5G41370	26.64814814814815
AT5G41380	1.1590909090909092
AT5G41390	0.8560000000000002
AT5G41400	22.166666666666668
AT5G41401	2.0
AT5G41410	20.185185185185187
AT5G41420	0.37142857142857144
AT5G41430	0.36
AT5G41440	0.4
AT5G41450	0.2
AT5G41460	10.833333333333334
AT5G41470	1.227450980392157
AT5G41471	194.6948717948718
AT5G41480	11.24181818181818
AT5G41490	0.5
AT5G41500	0.16666666666666666
AT5G41510	0.6
AT5G41520	381.3090909090909
AT5G41530	0.5333333333333333
AT5G41540	0.21428571428571427
AT5G41550	1.0490196078431373
AT5G41560	23.454545454545453
AT5G41570	3.394117647058824
AT5G41580	8.345454545454546
AT5G41590	2.9479166666666665
AT5G41600	61.40181818181818
AT5G41610	0.16
AT5G41612	0.12
AT5G41620	4.044444444444444
AT5G41630	0.6
AT5G41640	0.10000000000000002
AT5G41650	4.990909090909091
AT5G41660	0.18333333333333335
AT5G41663	1.9937500000000001
AT5G41670	78.74545454545455
AT5G41680	0.7177777777777777
AT5G41685	42.21818181818182
AT5G41690	2.232727272727273
AT5G41700	295.7818181818182
AT5G41720	0.16666666666666666
AT5G41730	0.8609756097560974
AT5G41740	11.443396226415093
AT5G41750	8.272222222222224
AT5G41760	16.561818181818182
AT5G41761	3.386
AT5G41763	1.354054054054054
AT5G41765	1.1027777777777779
AT5G41770	40.127272727272725
AT5G41780	8.741176470588234
AT5G41790	51.111111111111114
AT5G41800	14.327272727272728
AT5G41810	21.425925925925927
AT5G41820	0.34418604651162793
AT5G41830	0.33225806451612905
AT5G41840	0.6
AT5G41850	6.474074074074075
AT5G41860	0.6093023255813954
AT5G41870	13.518518518518519
AT5G41880	10.036363636363637
AT5G41890	0.34705882352941175
AT5G41900	8.6
AT5G41905	1.326086956521739
AT5G41908	0.24444444444444446
AT5G41910	7.241818181818182
AT5G41920	13.618181818181819
AT5G41940	30.727272727272727
AT5G41950	48.92545454545455
AT5G41960	22.87037037037037
AT5G41970	47.056363636363635
AT5G41980	3.7698113207547173
AT5G41990	60.78181818181818
AT5G42000	18.90909090909091
AT5G42010	3.3490909090909087
AT5G42020	144.8181818181818
AT5G42030	58.38363636363636
AT5G42040	1.2716981132075473
AT5G42050	182.25925925925927
AT5G42053	0.41999999999999993
AT5G42060	32.14727272727273
AT5G42070	65.2388888888889
AT5G42080	121.62
AT5G42090	0.5381818181818181
AT5G42100	66.41818181818182
AT5G42110	40.527272727272724
AT5G42120	0.2530612244897959
AT5G42130	34.574074074074076
AT5G42140	8.314814814814815
AT5G42146	9.25925925925926
AT5G42150	22.145454545454545
AT5G42170	63.857142857142854
AT5G42180	42.348979591836724
AT5G42190	106.29636363636364
AT5G42200	6.518518518518518
AT5G42210	2.8777777777777773
AT5G42220	30.09090909090909
AT5G42223	0.6
AT5G42230	1.831707317073171
AT5G42232	6.0
AT5G42235	1.2650000000000001
AT5G42240	28.038181818181815
AT5G42242	0.37692307692307697
AT5G42250	25.633333333333333
AT5G42260	0.5375000000000001
AT5G42270	319.1836363636363
AT5G42280	3.6563636363636367
AT5G42300	175.87272727272727
AT5G42310	36.925925925925924
AT5G42320	25.80727272727273
AT5G42325	0.396875
AT5G42330	10.007272727272726
AT5G42340	17.444444444444443
AT5G42350	4.594545454545455
AT5G42360	6.483636363636364
AT5G42370	3.6545454545454548
AT5G42380	6.862
AT5G42390	77.21818181818182
AT5G42400	8.712727272727273
AT5G42410	0.225
AT5G42420	38.30909090909091
AT5G42430	0.3
AT5G42440	6.777777777777778
AT5G42450	1.870909090909091
AT5G42460	4.14
AT5G42470	19.774545454545454
AT5G42480	20.492727272727272
AT5G42490	8.813157894736843
AT5G42500	11.854761904761904
AT5G42504	0.6
AT5G42510	13.145454545454545
AT5G42520	55.129629629629626
AT5G42530	1604.501851851852
AT5G42540	32.64363636363637
AT5G42560	37.236363636363635
AT5G42567	1.8666666666666665
AT5G42570	52.41818181818182
AT5G42580	7.3999999999999995
AT5G42590	13.940624999999999
AT5G42600	6.310344827586208
AT5G42610	0.7076923076923077
AT5G42620	27.98148148148148
AT5G42630	3.440384615384615
AT5G42635	0.5
AT5G42640	0.325
AT5G42650	234.0981818181818
AT5G42655	3.005405405405405
AT5G42660	15.018518518518519
AT5G42670	13.36909090909091
AT5G42680	9.057407407407407
AT5G42690	3.746296296296296
AT5G42700	4.601923076923077
AT5G42710	1.3396226415094339
AT5G42720	24.638181818181817
AT5G42740	48.72727272727273
AT5G42750	14.018518518518519
AT5G42760	7.522222222222223
AT5G42765	61.574074074074076
AT5G42770	15.851851851851851
AT5G42780	6.662962962962963
AT5G42785	6.10625
AT5G42790	127.8
AT5G42797	0.2
AT5G42800	21.302000000000003
AT5G42810	14.962962962962964
AT5G42820	3.84
AT5G42830	8.290740740740741
AT5G42840	1.1520000000000001
AT5G42850	60.4
AT5G42860	22.18148148148148
AT5G42870	22.545454545454547
AT5G42880	9.176363636363636
AT5G42890	87.2909090909091
AT5G42895	2.06
AT5G42900	36.625454545454545
AT5G42905	0.5
AT5G42910	0.25
AT5G42920	21.112727272727273
AT5G42930	1.5088888888888883
AT5G42940	27.0
AT5G42950	31.87272727272727
AT5G42955	0.44999999999999996
AT5G42957	0.4333333333333333
AT5G42960	41.08363636363636
AT5G42965	0.8270833333333333
AT5G42970	31.6
AT5G42980	879.5454545454545
AT5G42990	39.09636363636364
AT5G43000	0.23333333333333336
AT5G43010	48.18363636363636
AT5G43020	15.00925925925926
AT5G43030	1.431111111111111
AT5G43040	1.9888888888888887
AT5G43050	20.490909090909092
AT5G43060	109.96363636363637
AT5G43064	1.0615384615384615
AT5G43066	0.4000000000000001
AT5G43068	0.6333333333333333
AT5G43070	17.2
AT5G43080	5.955555555555556
AT5G43090	0.26
AT5G43100	26.945454545454545
AT5G43110	0.25
AT5G43120	0.3333333333333333
AT5G43130	28.345454545454544
AT5G43140	11.076363636363638
AT5G43150	79.62
AT5G43155	6.064150943396226
AT5G43160	4.519230769230769
AT5G43170	6.583333333333333
AT5G43175	0.45
AT5G43180	21.177777777777777
AT5G43185	54.56666666666666
AT5G43190	21.40909090909091
AT5G43200	0.3521739130434782
AT5G43210	7.225454545454545
AT5G43211	0.4
AT5G43230	1.2100000000000002
AT5G43240	0.34324324324324335
AT5G43250	4.958181818181818
AT5G43260	33.70909090909091
AT5G43270	17.462962962962962
AT5G43280	24.90727272727273
AT5G43285	1.0636363636363637
AT5G43290	1.5019999999999998
AT5G43300	17.30952380952381
AT5G43310	18.74909090909091
AT5G43320	63.78181818181818
AT5G43330	39.018181818181816
AT5G43340	0.5222222222222223
AT5G43350	54.92564102564102
AT5G43360	0.3666666666666667
AT5G43370	0.8888888888888888
AT5G43380	3.9611111111111112
AT5G43390	0.18571428571428572
AT5G43400	8.927272727272728
AT5G43401	0.35
AT5G43403	9.723636363636363
AT5G43410	0.5666666666666667
AT5G43420	8.533333333333333
AT5G43430	26.8
AT5G43440	28.575925925925926
AT5G43450	27.35925925925926
AT5G43455	1.6857142857142857
AT5G43460	79.98181818181818
AT5G43470	38.26111111111111
AT5G43480	0.5
AT5G43490	0.28125
AT5G43500	14.692727272727273
AT5G43510	0.625
AT5G43513	1.25
AT5G43518	0.475
AT5G43520	16.96944444444445
AT5G43525	1.575
AT5G43530	0.7234042553191488
AT5G43540	6.203125
AT5G43550	0.15000000000000002
AT5G43560	26.12727272727273
AT5G43570	3.0829268292682928
AT5G43580	62.30576923076922
AT5G43590	0.49696969696969695
AT5G43600	28.29272727272727
AT5G43603	7.38
AT5G43610	1.8833333333333335
AT5G43620	7.9799999999999995
AT5G43630	21.994545454545456
AT5G43640	0.40499999999999997
AT5G43650	0.8260869565217391
AT5G43660	0.750943396226415
AT5G43670	10.656363636363636
AT5G43680	11.983636363636364
AT5G43690	2.365909090909091
AT5G43695	1.8499999999999999
AT5G43700	61.96296296296296
AT5G43710	12.444444444444445
AT5G43720	23.970909090909092
AT5G43725	3.047272727272728
AT5G43730	2.9927272727272727
AT5G43740	7.886792452830188
AT5G43745	21.256363636363634
AT5G43750	141.07407407407408
AT5G43755	0.3
AT5G43760	110.10363636363635
AT5G43770	0.8708333333333332
AT5G43780	88.49272727272728
AT5G43790	6.37037037037037
AT5G43810	22.40740740740741
AT5G43820	2.725925925925926
AT5G43822	9.765454545454546
AT5G43830	204.27272727272728
AT5G43840	1.8882352941176472
AT5G43850	110.9509090909091
AT5G43860	1.330188679245283
AT5G43870	10.342592592592593
AT5G43880	18.785454545454545
AT5G43890	1.6408163265306124
AT5G43900	27.11111111111111
AT5G43910	6.494545454545454
AT5G43920	12.12962962962963
AT5G43930	14.345454545454546
AT5G43935	0.4703703703703703
AT5G43940	293.0854545454546
AT5G43950	6.236363636363636
AT5G43960	57.45636363636363
AT5G43970	79.76181818181817
AT5G43980	3.4166666666666665
AT5G43990	6.57962962962963
AT5G44000	29.669090909090908
AT5G44005	10.910909090909092
AT5G44010	3.0345454545454547
AT5G44020	344.68518518518516
AT5G44030	16.663636363636364
AT5G44040	17.037037037037038
AT5G44050	7.99245283018868
AT5G44060	19.09090909090909
AT5G44063	8.664150943396226
AT5G44065	2.0461538461538464
AT5G44070	56.38363636363636
AT5G44080	15.318181818181818
AT5G44090	26.987272727272728
AT5G44100	47.92727272727273
AT5G44110	24.927272727272726
AT5G44120	6.846875
AT5G44130	101.1109090909091
AT5G44140	0.29411764705882354
AT5G44150	9.094545454545454
AT5G44160	3.5148148148148146
AT5G44170	12.256363636363636
AT5G44180	18.672727272727272
AT5G44190	89.51851851851852
AT5G44200	39.46727272727272
AT5G44210	4.6490909090909085
AT5G44220	0.3333333333333333
AT5G44230	3.929090909090909
AT5G44240	24.363636363636363
AT5G44250	25.072727272727274
AT5G44260	9.85925925925926
AT5G44265	0.85
AT5G44270	0.23793103448275862
AT5G44280	6.965454545454546
AT5G44286	14.025
AT5G44290	39.36545454545455
AT5G44300	70.93333333333334
AT5G44306	1.6121212121212123
AT5G44310	0.8172413793103447
AT5G44316	0.16666666666666669
AT5G44320	56.10181818181818
AT5G44330	0.2111111111111111
AT5G44340	414.1454545454545
AT5G44345	0.8
AT5G44350	4.275925925925926
AT5G44360	0.9571428571428571
AT5G44370	9.483636363636364
AT5G44380	84.90192307692307
AT5G44390	4.67962962962963
AT5G44400	23.946296296296296
AT5G44410	14.52909090909091
AT5G44420	145.56060606060606
AT5G44430	152.20416666666668
AT5G44440	17.08529411764706
AT5G44450	22.54909090909091
AT5G44460	4.2733333333333325
AT5G44470	1.0
AT5G44480	13.132075471698114
AT5G44490	3.869811320754717
AT5G44495	2.32
AT5G44500	7.055555555555555
AT5G44510	11.158181818181818
AT5G44520	35.0
AT5G44530	14.192592592592591
AT5G44540	1.9595238095238094
AT5G44550	37.77843137254902
AT5G44560	11.65
AT5G44562	0.27142857142857146
AT5G44563	0.465
AT5G44565	7.382692307692308
AT5G44567	1.9458333333333335
AT5G44568	25.325925925925926
AT5G44569	2.574074074074074
AT5G44570	1.8162162162162163
AT5G44572	7.3314814814814815
AT5G44574	2.479591836734694
AT5G44575	5.296078431372548
AT5G44578	3.935185185185185
AT5G44580	131.45925925925926
AT5G44582	5.516981132075471
AT5G44585	5.953191489361703
AT5G44590	0.2846153846153846
AT5G44600	14.648148148148149
AT5G44610	38.11489361702128
AT5G44620	17.86046511627907
AT5G44630	46.311764705882354
AT5G44635	11.118181818181819
AT5G44640	1.2833333333333334
AT5G44650	124.67272727272727
AT5G44660	19.385454545454547
AT5G44670	13.166666666666666
AT5G44680	64.12962962962963
AT5G44690	0.21250000000000002
AT5G44700	1.0325581395348837
AT5G44705	1.3
AT5G44710	23.85818181818182
AT5G44720	66.09272727272727
AT5G44730	21.055555555555557
AT5G44740	4.330909090909091
AT5G44750	24.938181818181818
AT5G44760	0.26666666666666666
AT5G44770	0.6035714285714286
AT5G44780	2.0660377358490565
AT5G44785	18.037037037037038
AT5G44790	60.67272727272727
AT5G44800	18.8
AT5G44820	6.8
AT5G44830	0.5666666666666667
AT5G44840	1.3499999999999999
AT5G44850	0.6
AT5G44860	22.09090909090909
AT5G44870	11.56851851851852
AT5G44900	1.9769230769230768
AT5G44910	7.322222222222222
AT5G44920	3.8471698113207546
AT5G44930	7.107407407407408
AT5G44940	0.3090909090909091
AT5G44950	0.19999999999999998
AT5G44960	0.36666666666666664
AT5G44970	0.5
AT5G44973	2.717142857142857
AT5G44980	1.1169811320754717
AT5G44990	0.72
AT5G45000	1.7979591836734692
AT5G45010	5.4
AT5G45020	8.10925925925926
AT5G45030	0.10000000000000002
AT5G45040	7.775925925925925
AT5G45050	10.99818181818182
AT5G45060	12.516666666666666
AT5G45070	13.30625
AT5G45080	4.073913043478261
AT5G45090	0.8078947368421052
AT5G45095	0.5979166666666667
AT5G45100	30.87272727272727
AT5G45110	26.333333333333332
AT5G45113	0.15294117647058825
AT5G45115	3.6072727272727274
AT5G45120	0.19999999999999998
AT5G45130	75.2
AT5G45140	11.263636363636364
AT5G45150	0.6019230769230769
AT5G45160	13.148148148148149
AT5G45170	45.05555555555556
AT5G45180	0.17142857142857143
AT5G45190	23.29090909090909
AT5G45200	0.8642857142857142
AT5G45210	2.171428571428571
AT5G45220	1.57
AT5G45230	0.6
AT5G45240	0.4714285714285715
AT5G45250	11.148148148148149
AT5G45260	7.36
AT5G45275	6.750909090909091
AT5G45277	0.3333333333333333
AT5G45280	46.111111111111114
AT5G45290	19.181818181818183
AT5G45300	12.28
AT5G45307	1.5857142857142859
AT5G45310	2.888888888888889
AT5G45320	1.1
AT5G45330	7.065454545454545
AT5G45340	13.696296296296296
AT5G45350	61.30909090909091
AT5G45360	43.41818181818182
AT5G45370	3.4962962962962965
AT5G45380	14.049090909090907
AT5G45390	265.2927272727273
AT5G45400	4.0636363636363635
AT5G45410	52.21818181818182
AT5G45420	29.90909090909091
AT5G45430	99.56363636363636
AT5G45440	2.50377358490566
AT5G45450	0.2393939393939394
AT5G45455	2.176
AT5G45460	2.9600000000000004
AT5G45472	0.11904761904761907
AT5G45490	53.53703703703704
AT5G45500	35.56727272727273
AT5G45510	78.24074074074075
AT5G45520	1.8115384615384613
AT5G45530	1.6096153846153844
AT5G45540	1.151851851851852
AT5G45550	64.63636363636364
AT5G45560	6.283636363636364
AT5G45570	0.2333333333333333
AT5G45573	0.35000000000000003
AT5G45580	1.8249999999999997
AT5G45590	17.25925925925926
AT5G45600	23.985454545454548
AT5G45610	8.874074074074073
AT5G45620	45.54727272727273
AT5G45630	3.50625
AT5G45640	0.3
AT5G45650	16.674545454545456
AT5G45660	8.351851851851851
AT5G45670	55.79245283018868
AT5G45680	127.07358490566037
AT5G45690	0.7857142857142857
AT5G45700	14.481818181818182
AT5G45710	10.516363636363636
AT5G45720	2.18
AT5G45730	1.464814814814815
AT5G45740	1.3363636363636364
AT5G45750	49.907272727272726
AT5G45760	10.592592592592593
AT5G45770	0.9226415094339623
AT5G45775	215.93272727272725
AT5G45780	5.535185185185185
AT5G45790	2.9444444444444446
AT5G45800	24.01851851851852
AT5G45810	2.695744680851064
AT5G45820	26.60625
AT5G45830	1.7307692307692308
AT5G45840	13.034545454545453
AT5G45850	2.180769230769231
AT5G45860	0.4166666666666667
AT5G45870	0.5727272727272728
AT5G45875	7.1
AT5G45880	541.7913043478261
AT5G45890	451.79333333333335
AT5G45900	12.090909090909092
AT5G45910	1.1222222222222222
AT5G45920	4.792727272727273
AT5G45930	75.47222222222223
AT5G45940	17.347272727272728
AT5G45950	69.11132075471697
AT5G45960	6.503846153846155
AT5G45970	2.9698113207547165
AT5G45980	0.2833333333333333
AT5G45990	0.5893617021276596
AT5G46000	0.7
AT5G46010	0.4666666666666666
AT5G46020	203.8909090909091
AT5G46025	0.4
AT5G46030	64.43636363636364
AT5G46040	1.0090909090909093
AT5G46050	4.231481481481482
AT5G46060	2.408823529411765
AT5G46070	28.454545454545453
AT5G46080	5.425454545454545
AT5G46085	2.2
AT5G46090	7.285185185185185
AT5G46100	3.9924528301886792
AT5G46105	3.0105263157894737
AT5G46110	671.3333333333334
AT5G46115	3.3925925925925924
AT5G46130	0.34117647058823536
AT5G46140	0.6066666666666667
AT5G46150	21.345454545454544
AT5G46160	26.074545454545454
AT5G46170	19.745454545454546
AT5G46180	29.01818181818182
AT5G46190	14.072727272727272
AT5G46200	7.033333333333334
AT5G46210	64.8
AT5G46220	1.7924528301886793
AT5G46230	12.732727272727272
AT5G46240	11.878000000000002
AT5G46250	116.89090909090909
AT5G46260	2.2941176470588234
AT5G46270	8.486792452830189
AT5G46280	16.745454545454546
AT5G46290	139.4490909090909
AT5G46295	4.665909090909091
AT5G46297	1.1
AT5G46300	3.62
AT5G46310	0.3
AT5G46315	4.125
AT5G46320	0.8250000000000001
AT5G46325	1.0
AT5G46330	13.13888888888889
AT5G46340	19.603636363636365
AT5G46350	2.4499999999999997
AT5G46360	0.21666666666666667
AT5G46370	0.44799999999999995
AT5G46380	0.1823529411764706
AT5G46390	23.28909090909091
AT5G46395	2.326
AT5G46400	8.055555555555555
AT5G46410	16.21818181818182
AT5G46420	73.86
AT5G46430	355.1636363636364
AT5G46440	5.520754716981132
AT5G46450	15.19074074074074
AT5G46460	2.4272727272727272
AT5G46470	19.41090909090909
AT5G46490	8.668
AT5G46500	3.1847826086956523
AT5G46510	7.081818181818182
AT5G46520	2.3660377358490567
AT5G46530	6.9148148148148145
AT5G46540	1.0666666666666667
AT5G46550	17.932727272727274
AT5G46560	15.638181818181819
AT5G46570	19.24074074074074
AT5G46580	72.79629629629629
AT5G46590	1.449090909090909
AT5G46600	2.2872727272727276
AT5G46610	0.2375
AT5G46620	25.423636363636362
AT5G46630	65.0
AT5G46640	4.498181818181818
AT5G46650	1.3731707317073172
AT5G46660	0.19
AT5G46670	0.19166666666666665
AT5G46680	2.729090909090909
AT5G46690	18.38076923076923
AT5G46700	22.256363636363634
AT5G46710	9.20185185185185
AT5G46720	3.6545454545454548
AT5G46730	70.25925925925925
AT5G46740	8.514545454545456
AT5G46750	51.734545454545454
AT5G46760	48.925925925925924
AT5G46770	22.71481481481482
AT5G46780	22.605454545454545
AT5G46790	29.278181818181817
AT5G46795	1.209090909090909
AT5G46800	76.41818181818182
AT5G46810	0.3333333333333333
AT5G46820	0.3666666666666667
AT5G46825	0.8368421052631579
AT5G46830	1.3458333333333332
AT5G46840	44.09090909090909
AT5G46845	4.748648648648649
AT5G46850	9.49090909090909
AT5G46860	61.654545454545456
AT5G46870	4.092592592592593
AT5G46871	2.5488888888888885
AT5G46873	0.95
AT5G46874	0.35
AT5G46877	4.7749999999999995
AT5G46880	5.184313725490195
AT5G46890	93.4
AT5G46900	77.01724137931035
AT5G46910	9.956363636363637
AT5G46915	1.1576923076923078
AT5G46920	9.110909090909091
AT5G46930	2.266666666666667
AT5G46940	16.257142857142856
AT5G46950	1.2999999999999998
AT5G46960	2.418181818181818
AT5G46970	7.6
AT5G46980	1.95
AT5G46990	20.9
AT5G47000	94.8142857142857
AT5G47010	45.27272727272727
AT5G47020	28.925925925925927
AT5G47030	260.8909090909091
AT5G47040	66.85454545454546
AT5G47050	17.35272727272727
AT5G47060	25.259999999999998
AT5G47070	13.851851851851851
AT5G47075	1.6
AT5G47077	0.9
AT5G47080	26.854545454545455
AT5G47090	11.296363636363635
AT5G47100	21.436363636363637
AT5G47110	307.1290909090909
AT5G47120	107.47272727272727
AT5G47130	0.7166666666666667
AT5G47140	12.092592592592593
AT5G47150	1.5518518518518518
AT5G47160	1.4811320754716981
AT5G47170	0.6375000000000001
AT5G47175	0.7181818181818181
AT5G47180	24.10909090909091
AT5G47190	300.5290909090909
AT5G47200	144.72727272727272
AT5G47210	474.53636363636366
AT5G47220	25.788888888888888
AT5G47229	0.7142857142857143
AT5G47230	18.234545454545454
AT5G47240	44.911111111111104
AT5G47250	3.4574074074074073
AT5G47260	0.3
AT5G47280	0.16
AT5G47290	1.0
AT5G47300	0.30000000000000004
AT5G47310	54.96363636363636
AT5G47320	51.60909090909091
AT5G47330	12.133333333333333
AT5G47340	0.30000000000000004
AT5G47350	4.544680851063829
AT5G47360	4.210909090909091
AT5G47370	33.74909090909091
AT5G47380	7.022
AT5G47390	30.636363636363637
AT5G47400	5.221818181818182
AT5G47420	21.14909090909091
AT5G47430	20.436363636363637
AT5G47435	53.69090909090909
AT5G47440	2.0545454545454547
AT5G47450	95.25
AT5G47455	10.129090909090909
AT5G47460	1.4272727272727272
AT5G47470	3.7133333333333334
AT5G47480	30.736363636363638
AT5G47490	10.927272727272728
AT5G47500	99.87592592592593
AT5G47510	3.272222222222222
AT5G47520	21.945454545454545
AT5G47530	3.784
AT5G47540	56.945454545454545
AT5G47550	24.945454545454545
AT5G47560	82.32727272727273
AT5G47570	176.96363636363637
AT5G47580	8.166666666666666
AT5G47590	5.374509803921569
AT5G47600	4.341304347826087
AT5G47610	22.023636363636363
AT5G47620	55.2
AT5G47630	25.77777777777778
AT5G47635	3.4714285714285715
AT5G47640	52.27777777777778
AT5G47650	13.5
AT5G47660	11.34909090909091
AT5G47670	0.24285714285714288
AT5G47680	37.92909090909091
AT5G47690	51.052727272727275
AT5G47700	395.6836363636363
AT5G47710	18.48148148148148
AT5G47720	21.11111111111111
AT5G47730	21.24074074074074
AT5G47740	5.696078431372548
AT5G47750	32.72222222222222
AT5G47760	15.834545454545454
AT5G47770	98.87272727272727
AT5G47780	74.46545454545455
AT5G47790	11.785454545454547
AT5G47800	6.987037037037037
AT5G47810	8.4
AT5G47820	33.611111111111114
AT5G47830	13.018181818181818
AT5G47840	117.21818181818182
AT5G47850	0.981081081081081
AT5G47860	38.82
AT5G47870	53.838181818181816
AT5G47880	48.6
AT5G47890	117.81818181818181
AT5G47900	5.911111111111112
AT5G47910	39.51851851851852
AT5G47920	3.161111111111111
AT5G47930	346.56363636363636
AT5G47940	9.481481481481481
AT5G47950	9.403125
AT5G47960	5.376363636363635
AT5G47970	11.176363636363638
AT5G47980	11.931034482758621
AT5G47990	70.74444444444445
AT5G48000	40.8375
AT5G48010	46.99268292682926
AT5G48020	42.49090909090909
AT5G48030	29.165454545454544
AT5G48040	4.074545454545454
AT5G48050	0.492156862745098
AT5G48060	2.0722222222222224
AT5G48070	10.086486486486486
AT5G48090	0.7478260869565218
AT5G48100	1.0911764705882352
AT5G48110	12.662499999999998
AT5G48120	12.092727272727274
AT5G48130	0.33749999999999997
AT5G48140	551.15
AT5G48150	35.407407407407405
AT5G48160	74.9109090909091
AT5G48170	1.9433962264150944
AT5G48175	1.035294117647059
AT5G48180	129.47272727272727
AT5G48190	0.23333333333333334
AT5G48200	0.15000000000000002
AT5G48205	0.7000000000000001
AT5G48210	1.1444444444444446
AT5G48220	35.425925925925924
AT5G48230	64.07272727272728
AT5G48240	23.947272727272725
AT5G48250	30.587272727272726
AT5G48270	6.185714285714285
AT5G48290	9.259615384615385
AT5G48300	237.4090909090909
AT5G48310	6.555555555555555
AT5G48320	1.5648148148148149
AT5G48330	12.421818181818182
AT5G48335	45.472727272727276
AT5G48340	7.9818181818181815
AT5G48350	0.30666666666666664
AT5G48360	27.235185185185188
AT5G48370	12.745454545454546
AT5G48375	1.48125
AT5G48380	46.838181818181816
AT5G48385	96.6509090909091
AT5G48390	0.396078431372549
AT5G48400	2.122448979591837
AT5G48410	2.2439999999999998
AT5G48412	79.81818181818181
AT5G48420	0.5666666666666667
AT5G48430	18.006666666666668
AT5G48440	15.32909090909091
AT5G48450	9.694545454545455
AT5G48460	20.64814814814815
AT5G48470	30.98148148148148
AT5G48480	46.851851851851855
AT5G48490	57.236538461538466
AT5G48500	27.074074074074073
AT5G48510	0.265
AT5G48515	0.5666666666666667
AT5G48520	14.707272727272727
AT5G48530	11.274545454545455
AT5G48540	33.2962962962963
AT5G48543	40.3
AT5G48545	19.037037037037038
AT5G48550	0.4076923076923077
AT5G48560	12.12777777777778
AT5G48570	17.69090909090909
AT5G48575	0.3111111111111111
AT5G48580	66.30909090909091
AT5G48590	33.31481481481482
AT5G48595	0.5
AT5G48600	13.094545454545456
AT5G48605	1.6600000000000001
AT5G48610	6.609090909090909
AT5G48620	33.629629629629626
AT5G48630	24.745454545454546
AT5G48640	18.22222222222222
AT5G48650	5.166
AT5G48655	17.2
AT5G48657	8.626415094339622
AT5G48660	9.829629629629629
AT5G48670	1.6185185185185187
AT5G48675	2.0
AT5G48680	25.456363636363633
AT5G48690	1.9777777777777776
AT5G48700	0.31999999999999995
AT5G48710	0.35588235294117654
AT5G48720	8.947272727272727
AT5G48730	10.643636363636363
AT5G48740	1.3679245283018868
AT5G48750	0.4
AT5G48760	116.26
AT5G48770	0.1142857142857143
AT5G48775	0.2509433962264151
AT5G48780	1.8358490566037735
AT5G48790	77.87636363636364
AT5G48800	6.492592592592593
AT5G48810	221.43636363636364
AT5G48820	5.101851851851852
AT5G48830	21.334545454545456
AT5G48835	0.4
AT5G48840	14.896363636363635
AT5G48850	9.09074074074074
AT5G48860	0.2
AT5G48870	55.68181818181818
AT5G48880	40.347272727272724
AT5G48890	0.661111111111111
AT5G48900	40.85636363636363
AT5G48905	4.533333333333333
AT5G48910	12.658181818181818
AT5G48920	13.992592592592594
AT5G48930	157.4181818181818
AT5G48940	3.8081632653061224
AT5G48945	0.6000000000000001
AT5G48950	1.32962962962963
AT5G48953	1.4428571428571428
AT5G48960	25.985454545454548
AT5G48970	18.454545454545453
AT5G48980	0.3909090909090909
AT5G48990	6.449090909090909
AT5G49000	5.263636363636364
AT5G49010	4.945454545454545
AT5G49015	10.130188679245284
AT5G49020	20.666666666666668
AT5G49030	40.74727272727272
AT5G49040	0.2
AT5G49050	0.4285714285714285
AT5G49060	9.092592592592593
AT5G49070	0.5553191489361702
AT5G49100	24.25925925925926
AT5G49110	1.4169811320754715
AT5G49120	3.307547169811321
AT5G49130	0.2
AT5G49138	0.55
AT5G49140	0.25
AT5G49150	0.19999999999999998
AT5G49152	0.1
AT5G49160	18.472727272727273
AT5G49170	5.724074074074075
AT5G49180	33.142857142857146
AT5G49190	0.914814814814815
AT5G49200	0.25625
AT5G49210	25.654545454545456
AT5G49215	10.574074074074074
AT5G49220	16.963636363636365
AT5G49230	21.274545454545454
AT5G49240	0.19999999999999998
AT5G49250	0.55
AT5G49260	0.5
AT5G49270	7.031578947368421
AT5G49280	21.27777777777778
AT5G49290	1.0836363636363635
AT5G49300	7.336363636363636
AT5G49305	0.24358974358974358
AT5G49310	0.31153846153846154
AT5G49320	2.055555555555556
AT5G49330	6.4245283018867925
AT5G49340	1.0576923076923077
AT5G49350	6.3100000000000005
AT5G49360	107.92592592592592
AT5G49390	2.532075471698113
AT5G49400	30.581818181818182
AT5G49410	4.67962962962963
AT5G49420	0.36875
AT5G49430	8.652727272727272
AT5G49440	139.43636363636364
AT5G49450	32.43636363636364
AT5G49460	59.70909090909091
AT5G49470	9.874545454545455
AT5G49480	128.70909090909092
AT5G49490	0.43333333333333335
AT5G49500	6.2727272727272725
AT5G49510	50.16909090909091
AT5G49520	12.025925925925925
AT5G49525	2.9653061224489794
AT5G49530	15.166666666666666
AT5G49540	42.62181818181818
AT5G49550	28.21818181818182
AT5G49555	26.203703703703702
AT5G49560	7.741818181818181
AT5G49570	17.818181818181817
AT5G49580	15.10909090909091
AT5G49590	0.25
AT5G49600	1.375
AT5G49610	6.675925925925926
AT5G49615	0.9814814814814816
AT5G49620	0.9178571428571428
AT5G49630	28.287037037037038
AT5G49645	4.6415094339622645
AT5G49650	28.78181818181818
AT5G49660	20.796296296296298
AT5G49665	9.603636363636365
AT5G49680	2.883636363636364
AT5G49690	1.19375
AT5G49700	8.321153846153846
AT5G49710	18.654545454545456
AT5G49720	245.71818181818182
AT5G49730	62.71296296296296
AT5G49740	40.49795918367347
AT5G49750	0.275
AT5G49760	52.888888888888886
AT5G49770	2.1666666666666665
AT5G49780	1.893181818181818
AT5G49800	7.584905660377358
AT5G49810	39.652727272727276
AT5G49820	31.22
AT5G49830	31.385454545454547
AT5G49840	16.054545454545455
AT5G49850	3.9404761904761907
AT5G49860	0.26666666666666666
AT5G49870	1.3843750000000001
AT5G49880	16.454545454545453
AT5G49890	30.89090909090909
AT5G49900	9.103636363636364
AT5G49910	215.94909090909093
AT5G49920	41.33055555555555
AT5G49930	15.7
AT5G49940	115.54545454545455
AT5G49945	15.983636363636364
AT5G49950	18.256363636363638
AT5G49960	6.444444444444445
AT5G49970	55.2
AT5G49980	54.67454545454545
AT5G49990	11.481481481481481
AT5G50000	56.22222222222222
AT5G50010	11.09074074074074
AT5G50020	23.12727272727273
AT5G50030	304.388
AT5G50040	72.54166666666667
AT5G50050	1.1199999999999999
AT5G50060	0.45333333333333337
AT5G50070	0.36250000000000004
AT5G50080	14.042857142857144
AT5G50090	3.287037037037037
AT5G50100	43.14545454545455
AT5G50110	9.954545454545455
AT5G50115	0.3
AT5G50120	2.50625
AT5G50130	4.305660377358491
AT5G50140	0.2727272727272727
AT5G50150	18.944444444444443
AT5G50160	32.092452830188684
AT5G50170	5.1454545454545455
AT5G50175	2.075
AT5G50180	31.12962962962963
AT5G50190	0.42000000000000004
AT5G50200	51.148148148148145
AT5G50210	23.87272727272727
AT5G50220	0.25
AT5G50230	17.12727272727273
AT5G50240	10.475925925925926
AT5G50250	101.4074074074074
AT5G50260	6.954901960784312
AT5G50270	0.4272727272727273
AT5G50280	14.092592592592593
AT5G50290	1.0098039215686274
AT5G50300	2.5972972972972976
AT5G50310	34.519999999999996
AT5G50320	23.15818181818182
AT5G50330	6.71111111111111
AT5G50335	13.452830188679245
AT5G50340	10.37037037037037
AT5G50345	0.5
AT5G50350	12.537037037037036
AT5G50360	1.65
AT5G50361	1.0
AT5G50365	0.3
AT5G50370	36.12
AT5G50375	19.09259259259259
AT5G50380	28.036363636363635
AT5G50390	6.425925925925926
AT5G50400	25.454545454545453
AT5G50410	18.925925925925927
AT5G50420	15.256363636363636
AT5G50423	1.45
AT5G50430	29.054545454545455
AT5G50440	7.163636363636364
AT5G50443	0.9717948717948718
AT5G50450	16.927272727272726
AT5G50460	113.47272727272727
AT5G50470	0.38181818181818183
AT5G50480	0.34
AT5G50490	0.85
AT5G50530	0.12380952380952384
AT5G50550	0.1142857142857143
AT5G50560	0.24
AT5G50565	0.13333333333333336
AT5G50570	0.1272727272727273
AT5G50580	0.18333333333333335
AT5G50610	0.1
AT5G50630	0.1111111111111111
AT5G50640	0.44047619047619047
AT5G50680	0.3
AT5G50717	0.5
AT5G50720	13.054545454545455
AT5G50740	22.74074074074074
AT5G50750	0.4355555555555556
AT5G50760	17.463043478260868
AT5G50770	0.9307692307692309
AT5G50780	7.945454545454545
AT5G50790	9.084615384615384
AT5G50800	8.316666666666666
AT5G50810	66.77090909090909
AT5G50820	4.805555555555555
AT5G50830	187.05882352941177
AT5G50840	21.23818181818182
AT5G50850	148.25454545454545
AT5G50860	17.078181818181818
AT5G50870	54.2
AT5G50890	6.165454545454546
AT5G50900	22.09272727272727
AT5G50910	0.5
AT5G50915	12.696
AT5G50920	647.0545454545454
AT5G50930	4.216363636363637
AT5G50940	1.9111111111111114
AT5G50950	84.34814814814816
AT5G50960	47.163636363636364
AT5G50970	9.703636363636365
AT5G50990	2.732727272727273
AT5G50995	1.8555555555555554
AT5G51000	0.175
AT5G51010	95.22222222222223
AT5G51020	49.447272727272725
AT5G51030	6.048936170212766
AT5G51040	66.12727272727273
AT5G51050	10.327272727272728
AT5G51060	7.567307692307693
AT5G51070	106.91272727272727
AT5G51080	4.427777777777778
AT5G51090	0.375
AT5G51100	32.592592592592595
AT5G51110	163.14814814814815
AT5G51120	47.30909090909091
AT5G51130	6.441818181818182
AT5G51140	34.56727272727273
AT5G51150	20.6
AT5G51160	2.3866666666666667
AT5G51170	7.290909090909091
AT5G51174	48.01111111111111
AT5G51180	14.118181818181819
AT5G51195	0.5
AT5G51200	23.69090909090909
AT5G51210	3.475555555555556
AT5G51220	15.638181818181819
AT5G51230	21.64814814814815
AT5G51250	0.8
AT5G51260	8.8
AT5G51270	0.9355555555555556
AT5G51280	18.07090909090909
AT5G51290	17.89090909090909
AT5G51300	34.90909090909091
AT5G51310	1.790566037735849
AT5G51330	0.2723404255319149
AT5G51340	18.98148148148148
AT5G51350	7.45925925925926
AT5G51360	0.3666666666666667
AT5G51370	5.216666666666667
AT5G51380	7.125925925925926
AT5G51390	8.796363636363635
AT5G51400	78.61818181818182
AT5G51410	22.490909090909092
AT5G51420	0.21999999999999997
AT5G51430	30.072727272727274
AT5G51440	16.798113207547168
AT5G51450	11.10909090909091
AT5G51451	2.328301886792453
AT5G51460	16.29090909090909
AT5G51465	3.090243902439024
AT5G51470	0.7560000000000001
AT5G51480	1.423255813953488
AT5G51490	2.940625
AT5G51500	4.0470588235294125
AT5G51510	34.20545454545454
AT5G51520	4.622222222222223
AT5G51530	0.3
AT5G51540	7.107407407407408
AT5G51545	65.01851851851852
AT5G51550	99.25636363636364
AT5G51560	20.098148148148148
AT5G51570	38.88909090909091
AT5G51580	0.26
AT5G51590	8.781818181818181
AT5G51600	13.321818181818182
AT5G51610	0.36
AT5G51620	23.09259259259259
AT5G51630	4.3563636363636355
AT5G51640	7.763636363636364
AT5G51650	0.4666666666666666
AT5G51660	13.674545454545456
AT5G51670	8.233333333333334
AT5G51680	0.125
AT5G51690	6.292727272727273
AT5G51700	13.62962962962963
AT5G51710	11.8
AT5G51720	84.34905660377359
AT5G51730	14.274545454545455
AT5G51740	8.327272727272728
AT5G51750	50.837037037037035
AT5G51760	0.36250000000000004
AT5G51770	12.833333333333334
AT5G51780	11.579545454545455
AT5G51790	2.4173076923076926
AT5G51795	3.9836363636363634
AT5G51800	0.35000000000000003
AT5G51810	3.3259999999999996
AT5G51820	80.75090909090909
AT5G51830	27.66
AT5G51840	22.865454545454543
AT5G51845	0.8
AT5G51850	2.671698113207547
AT5G51860	0.288888888888889
AT5G51870	0.5608695652173913
AT5G51880	36.872727272727275
AT5G51890	36.14
AT5G51900	0.22500000000000003
AT5G51910	5.447169811320754
AT5G51920	1.7537037037037035
AT5G51930	0.8964285714285715
AT5G51940	71.12727272727273
AT5G51950	11.02173913043478
AT5G51960	20.056363636363635
AT5G51970	128.0909090909091
AT5G51980	22.45818181818182
AT5G51990	1.9000000000000001
AT5G52000	0.28333333333333327
AT5G52010	25.796296296296298
AT5G52020	5.586538461538462
AT5G52030	12.256363636363636
AT5G52040	54.4
AT5G52045	0.1
AT5G52050	10.739622641509435
AT5G52060	62.425925925925924
AT5G52070	5.472222222222222
AT5G52080	1.0
AT5G52090	0.1
AT5G52100	19.371153846153845
AT5G52110	10.62962962962963
AT5G52115	0.2
AT5G52120	8.333333333333334
AT5G52130	0.8
AT5G52140	0.6
AT5G52150	0.16666666666666666
AT5G52155	0.8
AT5G52160	7.2875
AT5G52170	0.5936170212765958
AT5G52200	26.818181818181817
AT5G52210	20.254545454545454
AT5G52220	5.038181818181819
AT5G52230	6.138181818181819
AT5G52240	139.9490909090909
AT5G52250	7.556363636363637
AT5G52260	1.3071428571428572
AT5G52270	0.9765957446808511
AT5G52280	25.329090909090908
AT5G52290	0.37333333333333335
AT5G52300	5.094
AT5G52310	223.22
AT5G52320	14.420370370370371
AT5G52330	1.3790697674418604
AT5G52340	0.9452830188679245
AT5G52350	0.24000000000000005
AT5G52355	2.5
AT5G52360	140.24285714285713
AT5G52370	36.82545454545455
AT5G52380	13.12962962962963
AT5G52390	33.25813953488372
AT5G52400	1.7600000000000002
AT5G52410	9.058181818181819
AT5G52420	35.38181818181818
AT5G52430	14.583636363636364
AT5G52440	140.1890909090909
AT5G52450	20.09090909090909
AT5G52460	0.55
AT5G52470	203.05818181818182
AT5G52471	10.315555555555557
AT5G52480	0.5
AT5G52490	0.39999999999999997
AT5G52500	0.26
AT5G52510	29.618181818181817
AT5G52520	51.69272727272727
AT5G52530	36.03636363636364
AT5G52540	41.32727272727273
AT5G52545	6.22037037037037
AT5G52547	2.560377358490566
AT5G52550	25.74909090909091
AT5G52560	27.563636363636363
AT5G52570	19.132727272727273
AT5G52580	29.37454545454545
AT5G52600	1.076086956521739
AT5G52605	0.72
AT5G52610	0.25
AT5G52620	0.31428571428571433
AT5G52630	3.2962962962962963
AT5G52640	49.239999999999995
AT5G52650	293.66909090909087
AT5G52655	0.4
AT5G52660	12.474545454545455
AT5G52670	1.7076923076923074
AT5G52680	0.28
AT5G52690	0.4571428571428572
AT5G52700	0.4
AT5G52710	0.9
AT5G52720	1.1500000000000001
AT5G52730	0.7263157894736841
AT5G52740	2.3675675675675674
AT5G52750	18.335185185185182
AT5G52760	13.0125
AT5G52770	0.5733333333333334
AT5G52780	50.2574074074074
AT5G52790	2.9264150943396223
AT5G52797	1.3
AT5G52800	1.2203703703703705
AT5G52810	23.565454545454543
AT5G52815	2.0
AT5G52820	32.49272727272727
AT5G52830	5.8163636363636355
AT5G52840	182.72727272727272
AT5G52850	2.6999999999999997
AT5G52860	6.139583333333333
AT5G52870	11.925925925925926
AT5G52880	17.505454545454544
AT5G52882	53.45454545454545
AT5G52890	4.581818181818182
AT5G52900	18.70925925925926
AT5G52910	3.7037037037037037
AT5G52920	152.84
AT5G52930	1.4039215686274509
AT5G52940	1.0808510638297872
AT5G52950	3.381818181818182
AT5G52960	70.07272727272728
AT5G52965	2.314285714285714
AT5G52970	79.21481481481482
AT5G52975	1.2666666666666666
AT5G52980	14.761818181818182
AT5G52990	11.603636363636365
AT5G53000	35.90909090909091
AT5G53010	6.958181818181818
AT5G53020	8.37037037037037
AT5G53030	2.9148148148148145
AT5G53040	0.5333333333333333
AT5G53045	18.565454545454546
AT5G53048	1.921153846153846
AT5G53050	24.90909090909091
AT5G53060	9.944444444444445
AT5G53070	23.37037037037037
AT5G53080	7.425925925925926
AT5G53090	6.925454545454545
AT5G53100	0.27941176470588236
AT5G53110	7.962962962962964
AT5G53120	42.2
AT5G53130	30.476363636363637
AT5G53140	103.21818181818182
AT5G53150	11.872727272727273
AT5G53160	73.31481481481481
AT5G53170	68.27818181818182
AT5G53180	24.145454545454545
AT5G53190	2.5321428571428575
AT5G53200	4.7444444444444445
AT5G53210	5.990566037735849
AT5G53220	5.041818181818182
AT5G53230	0.18095238095238095
AT5G53240	0.25555555555555554
AT5G53250	36.32745098039215
AT5G53260	0.25
AT5G53270	0.21666666666666667
AT5G53280	22.12727272727273
AT5G53290	5.6685185185185185
AT5G53300	493.05454545454546
AT5G53310	37.90909090909091
AT5G53320	4.6803921568627445
AT5G53330	43.43636363636364
AT5G53340	16.12727272727273
AT5G53350	90.56363636363636
AT5G53360	6.574545454545455
AT5G53370	50.333333333333336
AT5G53380	0.96
AT5G53390	2.3476190476190473
AT5G53400	38.18181818181818
AT5G53410	3.0
AT5G53420	26.037037037037038
AT5G53430	5.716363636363636
AT5G53440	18.818181818181817
AT5G53450	86.94545454545455
AT5G53460	146.99272727272728
AT5G53470	17.585454545454546
AT5G53480	55.872727272727275
AT5G53486	9.28888888888889
AT5G53487	1.15
AT5G53490	213.59259259259258
AT5G53500	19.59259259259259
AT5G53510	0.24
AT5G53520	2.1
AT5G53530	30.29090909090909
AT5G53540	33.127272727272725
AT5G53550	25.074074074074073
AT5G53560	320.88545454545454
AT5G53570	25.71090909090909
AT5G53580	60.18333333333334
AT5G53590	21.332727272727272
AT5G53592	1.0444444444444445
AT5G53600	0.3
AT5G53610	0.76
AT5G53620	37.42181818181818
AT5G53635	0.4
AT5G53637	0.175
AT5G53640	0.32
AT5G53650	45.945454545454545
AT5G53660	2.7872340425531914
AT5G53670	0.2714285714285714
AT5G53680	0.1416666666666667
AT5G53700	1.5139534883720929
AT5G53710	2.347058823529412
AT5G53720	0.3
AT5G53730	7.3277777777777775
AT5G53740	21.429411764705883
AT5G53742	0.7333333333333332
AT5G53750	10.2
AT5G53760	14.092592592592593
AT5G53770	15.514545454545454
AT5G53780	0.4
AT5G53790	0.5
AT5G53800	29.025454545454547
AT5G53810	1.0240740740740741
AT5G53820	35.986666666666665
AT5G53830	11.898148148148149
AT5G53840	0.22500000000000003
AT5G53850	49.019999999999996
AT5G53860	63.111111111111114
AT5G53870	4.02156862745098
AT5G53880	112.48518518518519
AT5G53890	9.518518518518519
AT5G53895	1.8882352941176472
AT5G53900	20.074074074074073
AT5G53902	60.52692307692307
AT5G53905	0.26666666666666666
AT5G53910	0.44999999999999996
AT5G53920	4.8
AT5G53930	15.427272727272728
AT5G53940	50.49272727272727
AT5G53950	1.0204081632653061
AT5G53960	0.43333333333333335
AT5G53970	28.40181818181818
AT5G53980	4.853191489361702
AT5G53990	4.091666666666666
AT5G54000	0.2529411764705883
AT5G54010	4.7
AT5G54020	1.7249999999999999
AT5G54030	0.71875
AT5G54040	4.8108108108108105
AT5G54050	0.6230769230769231
AT5G54060	5.226923076923077
AT5G54062	1.1933333333333331
AT5G54067	0.37586206896551727
AT5G54070	0.25
AT5G54075	1.6
AT5G54080	26.223636363636363
AT5G54090	4.905555555555555
AT5G54095	172.80227272727276
AT5G54100	17.170909090909092
AT5G54110	29.056363636363635
AT5G54130	22.380000000000003
AT5G54140	6.367272727272727
AT5G54145	16.48148148148148
AT5G54148	1.2043478260869567
AT5G54150	0.29999999999999993
AT5G54160	210.14181818181817
AT5G54165	4.507843137254902
AT5G54170	51.03636363636364
AT5G54180	13.85
AT5G54190	25.28627450980392
AT5G54200	10.838181818181818
AT5G54210	0.45
AT5G54215	0.4
AT5G54220	0.675
AT5G54225	0.39999999999999997
AT5G54230	6.309302325581395
AT5G54240	11.055555555555557
AT5G54250	21.555555555555557
AT5G54260	5.529090909090909
AT5G54270	3450.8072727272724
AT5G54280	13.872727272727273
AT5G54290	72.10545454545455
AT5G54300	18.40909090909091
AT5G54310	80.32727272727273
AT5G54320	0.7
AT5G54330	0.2
AT5G54340	0.4
AT5G54350	0.25
AT5G54360	0.275
AT5G54370	45.890243902439025
AT5G54380	38.425925925925924
AT5G54390	87.87272727272727
AT5G54400	2.6538461538461537
AT5G54410	0.25999999999999995
AT5G54420	0.45
AT5G54430	42.16909090909091
AT5G54440	21.59090909090909
AT5G54450	0.5
AT5G54460	0.26666666666666666
AT5G54470	7.551851851851852
AT5G54480	0.19999999999999998
AT5G54490	8.056363636363637
AT5G54500	160.20545454545453
AT5G54510	52.96545454545454
AT5G54520	4.86
AT5G54530	9.312727272727274
AT5G54540	105.54545454545455
AT5G54550	0.225
AT5G54560	3.7789473684210524
AT5G54569	0.6777777777777778
AT5G54570	0.3829787234042553
AT5G54580	39.57090909090909
AT5G54585	16.064814814814813
AT5G54590	9.185454545454546
AT5G54600	534.5836363636363
AT5G54610	28.21707317073171
AT5G54620	0.16428571428571428
AT5G54630	27.188461538461542
AT5G54640	47.90909090909091
AT5G54650	8.907272727272726
AT5G54660	14.555555555555555
AT5G54670	13.847272727272728
AT5G54680	106.69090909090909
AT5G54690	5.553703703703703
AT5G54700	0.6615384615384615
AT5G54710	21.75
AT5G54720	8.392307692307693
AT5G54730	15.254545454545454
AT5G54740	0.325
AT5G54745	0.3
AT5G54750	51.72727272727273
AT5G54760	152.3272727272727
AT5G54770	2751.7454545454543
AT5G54780	26.39818181818182
AT5G54790	1.5392857142857144
AT5G54800	47.14545454545455
AT5G54810	169.38181818181818
AT5G54820	0.3333333333333333
AT5G54830	12.436363636363636
AT5G54840	13.037037037037036
AT5G54850	8.018518518518519
AT5G54855	41.63818181818181
AT5G54860	13.672727272727272
AT5G54865	0.9333333333333332
AT5G54870	39.70909090909091
AT5G54880	5.82
AT5G54890	8.722222222222221
AT5G54900	87.08
AT5G54910	11.61111111111111
AT5G54920	11.472727272727273
AT5G54930	12.254545454545454
AT5G54940	258.56363636363636
AT5G54950	0.8461538461538461
AT5G54960	57.888888888888886
AT5G54970	20.8
AT5G54980	21.074074074074073
AT5G54990	0.3466666666666666
AT5G55000	20.529090909090908
AT5G55010	2.6282608695652177
AT5G55020	0.5047619047619047
AT5G55040	27.85185185185185
AT5G55045	2.2142857142857144
AT5G55050	17.30925925925926
AT5G55060	15.309090909090909
AT5G55070	70.61818181818182
AT5G55080	0.16666666666666666
AT5G55090	2.4377358490566037
AT5G55100	24.759999999999998
AT5G55110	6.817241379310344
AT5G55120	41.33090909090909
AT5G55125	36.91090909090909
AT5G55130	21.62962962962963
AT5G55131	1.0
AT5G55132	1.2666666666666666
AT5G55135	0.24000000000000005
AT5G55140	32.91090909090909
AT5G55150	1.3227272727272728
AT5G55160	148.67818181818183
AT5G55170	4.533333333333333
AT5G55180	61.49090909090909
AT5G55190	177.93818181818182
AT5G55200	16.912727272727274
AT5G55210	46.38363636363636
AT5G55220	142.94444444444446
AT5G55230	57.166666666666664
AT5G55240	0.2875
AT5G55250	5.512962962962963
AT5G55260	16.181818181818183
AT5G55270	0.2378378378378378
AT5G55280	79.4
AT5G55290	52.81818181818182
AT5G55300	39.72727272727273
AT5G55310	25.945454545454545
AT5G55320	0.35000000000000003
AT5G55330	0.6944444444444443
AT5G55340	2.81875
AT5G55350	0.515
AT5G55360	0.6551724137931034
AT5G55370	0.478125
AT5G55380	5.003703703703703
AT5G55390	18.672727272727272
AT5G55400	10.745454545454546
AT5G55410	1.9225806451612906
AT5G55430	1.1400000000000001
AT5G55440	0.275
AT5G55450	0.3735294117647059
AT5G55460	4.217307692307693
AT5G55470	2.494545454545455
AT5G55480	29.074074074074073
AT5G55490	2.42962962962963
AT5G55500	22.22222222222222
AT5G55507	0.39999999999999997
AT5G55508	0.6333333333333333
AT5G55510	22.01818181818182
AT5G55520	11.41851851851852
AT5G55530	32.388888888888886
AT5G55540	13.462962962962964
AT5G55550	13.2
AT5G55560	4.05
AT5G55565	0.1
AT5G55570	3.0156862745098043
AT5G55580	13.269090909090908
AT5G55590	1.5775510204081633
AT5G55600	22.37037037037037
AT5G55610	32.78181818181818
AT5G55620	50.23846153846154
AT5G55630	26.272727272727273
AT5G55640	16.672727272727272
AT5G55650	0.8699999999999999
AT5G55660	63.70909090909091
AT5G55670	23.745454545454546
AT5G55680	3.4377358490566037
AT5G55690	0.6250000000000001
AT5G55700	20.10909090909091
AT5G55710	67.37272727272727
AT5G55720	8.179069767441861
AT5G55730	53.425925925925924
AT5G55740	13.209090909090909
AT5G55750	0.4176470588235294
AT5G55760	6.863636363636363
AT5G55770	0.29230769230769227
AT5G55780	0.48484848484848486
AT5G55790	12.10727272727273
AT5G55800	0.34
AT5G55810	5.612727272727272
AT5G55820	5.553703703703703
AT5G55830	2.7418181818181817
AT5G55835	1.6666666666666667
AT5G55840	3.0537037037037034
AT5G55850	114.61818181818182
AT5G55855	2.0666666666666664
AT5G55856	0.7
AT5G55860	15.456363636363637
AT5G55870	0.55
AT5G55893	0.27222222222222225
AT5G55900	3.9654545454545453
AT5G55910	50.67818181818182
AT5G55920	39.947272727272725
AT5G55930	80.72962962962963
AT5G55940	58.67272727272727
AT5G55950	1.9018181818181816
AT5G55960	29.963636363636365
AT5G55970	10.781818181818181
AT5G55980	10.4
AT5G55990	28.363636363636363
AT5G56000	25.945454545454545
AT5G56010	195.60727272727271
AT5G56020	14.618181818181819
AT5G56030	211.82909090909092
AT5G56040	24.59259259259259
AT5G56050	1.9555555555555555
AT5G56060	0.265
AT5G56070	0.4
AT5G56075	0.15000000000000002
AT5G56080	21.684848484848487
AT5G56090	12.463636363636363
AT5G56100	15.92962962962963
AT5G56110	0.3333333333333333
AT5G56120	24.01111111111111
AT5G56130	18.827272727272728
AT5G56140	55.60181818181818
AT5G56150	44.10909090909091
AT5G56160	4.74
AT5G56170	96.83636363636364
AT5G56180	16.145454545454545
AT5G56190	21.163636363636364
AT5G56200	0.5833333333333334
AT5G56210	13.072727272727272
AT5G56220	8.06181818181818
AT5G56230	2.3454545454545452
AT5G56240	24.312727272727273
AT5G56250	13.805454545454545
AT5G56260	29.77777777777778
AT5G56270	11.181818181818182
AT5G56280	39.150909090909096
AT5G56290	39.54545454545455
AT5G56300	1.1954545454545455
AT5G56310	2.567272727272727
AT5G56320	7.728301886792453
AT5G56325	0.20000000000000004
AT5G56330	0.26
AT5G56340	24.818181818181817
AT5G56350	65.24
AT5G56360	54.018181818181816
AT5G56368	0.45
AT5G56369	0.9666666666666668
AT5G56370	2.305454545454545
AT5G56380	10.3
AT5G56390	0.3
AT5G56400	0.26666666666666666
AT5G56410	0.4
AT5G56420	5.941818181818182
AT5G56430	0.22499999999999998
AT5G56440	0.17500000000000002
AT5G56450	5.909090909090909
AT5G56452	0.5
AT5G56460	9.55185185185185
AT5G56470	0.25
AT5G56480	0.6333333333333333
AT5G56490	3.7479166666666663
AT5G56500	32.38727272727272
AT5G56510	1.1571428571428573
AT5G56520	9.981481481481481
AT5G56530	20.512962962962963
AT5G56540	87.45925925925927
AT5G56550	24.01818181818182
AT5G56555	1.2565217391304349
AT5G56560	0.25
AT5G56570	0.15000000000000002
AT5G56580	8.96111111111111
AT5G56590	10.61111111111111
AT5G56600	83.18363636363637
AT5G56610	6.277777777777778
AT5G56620	0.8734693877551021
AT5G56630	35.2
AT5G56640	69.05
AT5G56650	28.703703703703702
AT5G56660	16.40740740740741
AT5G56670	469.3272727272727
AT5G56680	65.33272727272728
AT5G56690	0.2
AT5G56700	0.40625
AT5G56710	540.7454545454545
AT5G56720	3.0685185185185184
AT5G56730	9.86
AT5G56740	18.54181818181818
AT5G56750	58.236363636363635
AT5G56760	96.16363636363636
AT5G56770	0.30000000000000004
AT5G56780	8.236363636363636
AT5G56790	11.5
AT5G56795	2.741666666666667
AT5G56800	0.2333333333333333
AT5G56810	1.3096153846153844
AT5G56820	0.35
AT5G56840	5.972222222222222
AT5G56850	36.888888888888886
AT5G56860	25.99259259259259
AT5G56870	45.07272727272727
AT5G56890	22.60727272727273
AT5G56900	20.12962962962963
AT5G56910	20.28
AT5G56920	0.39999999999999997
AT5G56930	7.290909090909091
AT5G56940	60.96545454545454
AT5G56950	61.71090909090909
AT5G56960	0.5885714285714285
AT5G56970	1.4705882352941178
AT5G56980	27.745454545454546
AT5G56990	3.9018518518518523
AT5G57000	12.381818181818181
AT5G57010	3.1056603773584905
AT5G57015	25.30909090909091
AT5G57020	55.70909090909091
AT5G57030	58.64363636363637
AT5G57035	17.74074074074074
AT5G57040	136.0909090909091
AT5G57050	10.61111111111111
AT5G57060	10.018518518518519
AT5G57070	14.052727272727275
AT5G57080	5.898148148148148
AT5G57090	14.947826086956523
AT5G57100	10.555555555555555
AT5G57110	53.45454545454545
AT5G57120	68.7309090909091
AT5G57123	7.811764705882353
AT5G57130	12.666666666666666
AT5G57140	6.694545454545454
AT5G57150	14.24909090909091
AT5G57160	8.209090909090909
AT5G57170	29.747272727272726
AT5G57180	27.98888888888889
AT5G57190	2.776363636363637
AT5G57200	1.2586206896551724
AT5G57210	9.472727272727273
AT5G57220	15.288461538461538
AT5G57230	12.292727272727273
AT5G57240	4.5200000000000005
AT5G57250	6.303636363636364
AT5G57260	0.5869565217391305
AT5G57270	18.523636363636363
AT5G57280	20.166666666666668
AT5G57290	295.34181818181816
AT5G57300	23.381818181818183
AT5G57320	3.3528301886792455
AT5G57330	66.41818181818182
AT5G57340	6.966666666666667
AT5G57345	131.22222222222223
AT5G57350	78.8
AT5G57360	30.381818181818183
AT5G57370	29.06
AT5G57380	4.624999999999999
AT5G57390	3.275925925925926
AT5G57400	1.3527777777777779
AT5G57410	14.927272727272728
AT5G57420	0.8615384615384614
AT5G57440	28.994545454545456
AT5G57450	0.9018181818181819
AT5G57460	35.6
AT5G57480	8.312962962962963
AT5G57490	57.96363636363636
AT5G57500	2.541509433962264
AT5G57510	1.6085106382978722
AT5G57520	2.088888888888889
AT5G57530	11.270000000000001
AT5G57535	0.8
AT5G57540	4.98
AT5G57550	5.564583333333334
AT5G57560	108.32909090909092
AT5G57565	6.738181818181818
AT5G57567	0.7531914893617021
AT5G57569	0.2727272727272727
AT5G57570	2.149056603773585
AT5G57580	46.166666666666664
AT5G57590	8.838888888888889
AT5G57610	14.163636363636364
AT5G57620	6.728205128205127
AT5G57625	72.56
AT5G57630	32.763636363636365
AT5G57640	1.07
AT5G57650	0.6799999999999999
AT5G57655	103.4
AT5G57660	122.44444444444444
AT5G57670	1.049056603773585
AT5G57685	38.148148148148145
AT5G57690	3.675555555555555
AT5G57700	16.425925925925927
AT5G57710	56.05555555555556
AT5G57720	1.0411764705882351
AT5G57735	1.991666666666667
AT5G57740	12.10909090909091
AT5G57750	0.43333333333333335
AT5G57760	5.438297872340425
AT5G57770	3.9931818181818186
AT5G57780	14.947272727272727
AT5G57785	24.957407407407405
AT5G57790	4.307407407407407
AT5G57800	71.32909090909091
AT5G57810	0.708108108108108
AT5G57815	66.76363636363637
AT5G57820	0.7222222222222222
AT5G57830	12.083636363636364
AT5G57840	6.805454545454545
AT5G57850	47.81818181818182
AT5G57860	21.972727272727273
AT5G57870	110.85454545454546
AT5G57880	3.309259259259259
AT5G57885	0.7999999999999999
AT5G57887	15.469811320754719
AT5G57890	8.654545454545454
AT5G57900	35.09090909090909
AT5G57910	11.925925925925926
AT5G57920	0.8238095238095239
AT5G57930	106.53272727272727
AT5G57940	33.148148148148145
AT5G57950	18.68909090909091
AT5G57960	23.75925925925926
AT5G57970	7.166666666666667
AT5G57980	3.593877551020409
AT5G57990	62.018181818181816
AT5G58000	12.065454545454546
AT5G58003	11.747272727272728
AT5G58005	26.78181818181818
AT5G58010	12.645714285714286
AT5G58020	52.18181818181818
AT5G58030	54.4
AT5G58040	34.0
AT5G58050	65.85555555555554
AT5G58060	70.98181818181818
AT5G58070	193.96363636363637
AT5G58080	0.2914285714285714
AT5G58090	42.5
AT5G58100	31.09272727272727
AT5G58110	103.21818181818182
AT5G58120	8.596296296296297
AT5G58130	10.765454545454546
AT5G58140	49.82
AT5G58160	7.612727272727272
AT5G58170	70.07894736842104
AT5G58180	0.22142857142857145
AT5G58190	14.236363636363636
AT5G58200	69.16363636363636
AT5G58210	9.829629629629629
AT5G58220	49.223636363636366
AT5G58230	34.80909090909091
AT5G58240	40.07272727272727
AT5G58250	207.03703703703704
AT5G58260	69.46481481481482
AT5G58270	27.836363636363636
AT5G58280	1.34375
AT5G58290	117.96363636363637
AT5G58300	18.814814814814813
AT5G58310	8.703846153846154
AT5G58320	11.372727272727273
AT5G58330	259.20363636363635
AT5G58340	9.8
AT5G58350	28.09818181818182
AT5G58360	1.0081632653061223
AT5G58370	11.848148148148148
AT5G58375	72.56363636363636
AT5G58380	22.636363636363637
AT5G58390	13.644
AT5G58400	2.420588235294118
AT5G58410	13.569090909090908
AT5G58412	4.514285714285714
AT5G58420	293.0163636363636
AT5G58430	46.85636363636363
AT5G58440	26.927272727272726
AT5G58450	18.605454545454545
AT5G58460	3.775
AT5G58465	1.7999999999999998
AT5G58470	35.32727272727273
AT5G58480	12.910909090909092
AT5G58490	59.472727272727276
AT5G58495	0.95
AT5G58500	2.4096153846153845
AT5G58510	13.632727272727271
AT5G58520	12.592592592592593
AT5G58530	12.163636363636364
AT5G58540	14.74074074074074
AT5G58550	9.092592592592593
AT5G58560	37.81481481481482
AT5G58570	10.122641509433961
AT5G58575	13.963636363636363
AT5G58580	3.588888888888889
AT5G58590	49.78363636363636
AT5G58595	6.15
AT5G58600	16.24074074074074
AT5G58610	0.47647058823529415
AT5G58620	16.563636363636363
AT5G58630	0.7744680851063831
AT5G58640	43.654545454545456
AT5G58650	39.25636363636364
AT5G58660	2.3207547169811322
AT5G58670	16.57037037037037
AT5G58680	2.5945454545454543
AT5G58690	4.678181818181818
AT5G58700	13.303636363636365
AT5G58710	167.5818181818182
AT5G58720	42.69090909090909
AT5G58730	18.727272727272727
AT5G58740	61.872727272727275
AT5G58750	3.46
AT5G58760	7.636363636363637
AT5G58770	39.28333333333334
AT5G58780	2.669047619047619
AT5G58782	6.683333333333334
AT5G58784	2.4499999999999997
AT5G58787	17.092727272727274
AT5G58790	6.3090909090909095
AT5G58800	54.388888888888886
AT5G58820	0.5714285714285714
AT5G58830	0.38181818181818183
AT5G58840	0.7962962962962963
AT5G58850	0.6666666666666666
AT5G58860	27.96
AT5G58870	44.97636363636364
AT5G58880	8.3
AT5G58890	0.44999999999999996
AT5G58900	29.183636363636364
AT5G58910	1.4742857142857144
AT5G58920	37.527272727272724
AT5G58930	31.5
AT5G58940	6.018518518518518
AT5G58950	121.07272727272728
AT5G58960	22.11111111111111
AT5G58970	10.601818181818182
AT5G58980	9.305555555555555
AT5G58990	22.330909090909092
AT5G59000	8.092592592592593
AT5G59010	14.092592592592593
AT5G59020	4.3163636363636355
AT5G59030	60.236363636363635
AT5G59040	1.4928571428571427
AT5G59050	7.011111111111112
AT5G59055	0.9
AT5G59060	0.47241379310344833
AT5G59080	9.726415094339623
AT5G59090	37.83720930232558
AT5G59100	0.2714285714285714
AT5G59105	0.75
AT5G59110	0.15000000000000002
AT5G59120	54.27142857142858
AT5G59130	16.94705882352941
AT5G59140	61.78181818181818
AT5G59150	23.69090909090909
AT5G59160	48.654545454545456
AT5G59170	0.6930232558139536
AT5G59180	19.64
AT5G59190	0.39230769230769236
AT5G59200	1.3981818181818182
AT5G59210	24.363636363636363
AT5G59220	10.187272727272726
AT5G59230	0.3047619047619048
AT5G59240	4.559259259259259
AT5G59250	55.46363636363636
AT5G59260	0.691111111111111
AT5G59270	0.3692307692307692
AT5G59280	0.5800000000000001
AT5G59290	78.01818181818182
AT5G59300	62.74545454545454
AT5G59305	5.825714285714285
AT5G59310	127.9725
AT5G59320	133.23636363636365
AT5G59330	4.6380952380952385
AT5G59340	1.4209302325581394
AT5G59350	16.775925925925925
AT5G59360	2.288679245283019
AT5G59370	15.243181818181819
AT5G59380	13.81090909090909
AT5G59385	2.261904761904762
AT5G59390	2.1205128205128205
AT5G59400	12.703703703703704
AT5G59410	15.777777777777779
AT5G59420	72.43636363636364
AT5G59430	23.89090909090909
AT5G59440	23.838181818181816
AT5G59450	6.329090909090909
AT5G59460	17.636363636363637
AT5G59470	10.607407407407406
AT5G59480	37.92727272727273
AT5G59490	4.027450980392157
AT5G59500	28.510909090909088
AT5G59505	1.1300000000000001
AT5G59510	2.9377358490566037
AT5G59520	43.8
AT5G59530	9.078260869565218
AT5G59540	56.39818181818182
AT5G59550	26.418181818181818
AT5G59560	13.965454545454547
AT5G59570	4.890909090909091
AT5G59580	0.3166666666666667
AT5G59590	2.6088888888888886
AT5G59610	7.445454545454545
AT5G59613	191.34545454545454
AT5G59616	0.6
AT5G59650	2.036363636363636
AT5G59660	1.5132075471698114
AT5G59662	0.6156862745098038
AT5G59670	9.136538461538462
AT5G59680	5.5957446808510625
AT5G59690	224.63636363636363
AT5G59700	5.151851851851852
AT5G59710	20.418181818181818
AT5G59720	4.467272727272728
AT5G59732	0.1
AT5G59740	4.5618181818181816
AT5G59750	23.333333333333332
AT5G59760	0.7423076923076923
AT5G59770	36.24727272727272
AT5G59780	39.81296296296296
AT5G59790	8.925925925925926
AT5G59800	12.059999999999999
AT5G59810	7.666666666666667
AT5G59820	29.48363636363636
AT5G59830	17.39090909090909
AT5G59840	41.054545454545455
AT5G59845	3.955769230769231
AT5G59850	244.64545454545456
AT5G59860	0.64375
AT5G59865	2.2153846153846155
AT5G59870	182.70909090909092
AT5G59880	346.48148148148147
AT5G59890	67.31272727272727
AT5G59895	0.45999999999999996
AT5G59900	3.4654545454545453
AT5G59910	252.3181818181818
AT5G59920	12.055555555555555
AT5G59930	1.628125
AT5G59940	1.388372093023256
AT5G59950	67.52727272727273
AT5G59960	27.545454545454547
AT5G59970	72.93818181818182
AT5G59980	5.433333333333333
AT5G59990	1.8962264150943395
AT5G60000	4.0
AT5G60010	15.714285714285714
AT5G60020	11.351851851851851
AT5G60022	0.4558139534883721
AT5G60030	27.14909090909091
AT5G60040	5.943636363636363
AT5G60050	5.722222222222222
AT5G60060	0.5166666666666667
AT5G60070	8.15
AT5G60080	0.15999999999999998
AT5G60090	0.32499999999999996
AT5G60100	14.401851851851852
AT5G60110	0.21818181818181823
AT5G60120	18.87272727272727
AT5G60130	0.518918918918919
AT5G60140	14.194117647058825
AT5G60142	1.7265306122448982
AT5G60150	3.3018518518518523
AT5G60160	42.018181818181816
AT5G60170	36.67272727272727
AT5G60180	0.3488372093023256
AT5G60190	9.403636363636364
AT5G60200	17.74074074074074
AT5G60210	15.37037037037037
AT5G60220	0.6088888888888888
AT5G60230	3.010909090909091
AT5G60250	1.570909090909091
AT5G60260	0.3071428571428571
AT5G60265	0.3533333333333334
AT5G60270	7.7555555555555555
AT5G60280	6.027272727272727
AT5G60285	3.564516129032258
AT5G60290	3.4816326530612245
AT5G60300	11.537037037037036
AT5G60310	0.6914893617021277
AT5G60320	0.16666666666666666
AT5G60335	2.071698113207547
AT5G60340	93.89090909090909
AT5G60350	0.36000000000000004
AT5G60360	422.5509090909091
AT5G60370	9.534545454545457
AT5G60380	0.35000000000000003
AT5G60390	1283.2545454545455
AT5G60400	27.5
AT5G60408	0.7363636363636363
AT5G60410	38.07272727272727
AT5G60430	4.201818181818182
AT5G60440	0.7509803921568629
AT5G60450	20.425925925925927
AT5G60460	35.2
AT5G60470	0.553061224489796
AT5G60480	5.978571428571429
AT5G60490	15.955555555555556
AT5G60500	0.55
AT5G60510	0.53
AT5G60520	9.46551724137931
AT5G60530	26.47894736842105
AT5G60540	50.21818181818182
AT5G60550	31.927272727272726
AT5G60553	1.7666666666666666
AT5G60560	0.3
AT5G60570	41.90909090909091
AT5G60580	12.838181818181818
AT5G60590	12.12962962962963
AT5G60600	197.43636363636364
AT5G60610	0.851923076923077
AT5G60615	309.8875
AT5G60620	47.36363636363637
AT5G60630	1.0212765957446808
AT5G60640	103.94545454545455
AT5G60650	4.157407407407407
AT5G60660	31.14074074074074
AT5G60670	109.91636363636363
AT5G60680	58.70181818181818
AT5G60690	20.12962962962963
AT5G60700	12.094545454545456
AT5G60710	33.78181818181818
AT5G60720	3.1481481481481484
AT5G60730	2.7363636363636363
AT5G60740	12.171428571428573
AT5G60750	30.78181818181818
AT5G60760	3.986792452830189
AT5G60770	1.9000000000000001
AT5G60780	1.6523809523809525
AT5G60790	100.83636363636364
AT5G60800	16.490909090909092
AT5G60805	0.3333333333333333
AT5G60810	0.5857142857142856
AT5G60820	10.327272727272728
AT5G60830	0.3466666666666667
AT5G60840	21.694545454545455
AT5G60850	29.5
AT5G60860	17.854545454545455
AT5G60870	6.4399999999999995
AT5G60880	4.58125
AT5G60890	38.24444444444444
AT5G60900	7.831372549019608
AT5G60910	12.085714285714287
AT5G60920	133.61111111111111
AT5G60930	13.085454545454546
AT5G60940	14.703703703703704
AT5G60945	2.1799999999999997
AT5G60950	15.487037037037036
AT5G60960	41.04
AT5G60963	0.5
AT5G60964	0.5333333333333333
AT5G60966	1.0
AT5G60970	8.575510204081633
AT5G60980	50.054545454545455
AT5G60990	21.77777777777778
AT5G61000	14.005454545454544
AT5G61010	20.074074074074073
AT5G61020	89.07454545454546
AT5G61030	37.46296296296296
AT5G61040	7.594545454545455
AT5G61050	0.2
AT5G61060	24.221818181818183
AT5G61070	1.16
AT5G61090	0.5342857142857144
AT5G61100	0.6592592592592593
AT5G61110	0.5
AT5G61120	2.9612903225806444
AT5G61130	87.85185185185185
AT5G61140	16.76909090909091
AT5G61150	45.654545454545456
AT5G61160	8.05813953488372
AT5G61170	300.30181818181813
AT5G61180	0.17999999999999997
AT5G61190	11.212727272727273
AT5G61200	4.185185185185185
AT5G61210	60.43818181818182
AT5G61220	23.833333333333332
AT5G61230	72.65454545454546
AT5G61240	55.70909090909091
AT5G61250	9.037037037037036
AT5G61260	1.883333333333333
AT5G61270	19.824074074074073
AT5G61280	1.3692307692307693
AT5G61290	4.718181818181818
AT5G61300	4.901851851851852
AT5G61310	16.259999999999998
AT5G61320	0.7076923076923076
AT5G61330	19.01851851851852
AT5G61340	20.36851851851852
AT5G61345	1.0
AT5G61350	2.7436363636363637
AT5G61360	9.35818181818182
AT5G61370	4.147272727272727
AT5G61380	59.72222222222222
AT5G61390	5.289090909090909
AT5G61400	1.930909090909091
AT5G61410	531.0545454545454
AT5G61412	1.4462962962962964
AT5G61420	50.0
AT5G61430	4.051851851851852
AT5G61440	24.91090909090909
AT5G61450	19.727272727272727
AT5G61455	1.9324324324324325
AT5G61460	6.427272727272728
AT5G61470	0.39999999999999997
AT5G61480	17.745454545454546
AT5G61490	0.8411764705882353
AT5G61495	0.15000000000000002
AT5G61500	50.2
AT5G61510	37.63272727272727
AT5G61520	16.004
AT5G61530	38.29090909090909
AT5G61540	6.407407407407407
AT5G61550	1.26
AT5G61560	6.290909090909091
AT5G61570	8.75925925925926
AT5G61580	22.927272727272726
AT5G61590	94.01851851851852
AT5G61600	37.96296296296296
AT5G61605	9.080000000000002
AT5G61610	0.8076923076923077
AT5G61620	0.4388888888888889
AT5G61630	5.583333333333335
AT5G61640	17.10909090909091
AT5G61650	1.0303030303030303
AT5G61670	46.42181818181818
AT5G61680	95.2
AT5G61690	5.242857142857143
AT5G61700	7.714285714285714
AT5G61710	51.333333333333336
AT5G61720	508.7454545454546
AT5G61730	0.6458333333333334
AT5G61740	1.2215686274509805
AT5G61750	0.48461538461538467
AT5G61760	17.10909090909091
AT5G61770	25.656363636363636
AT5G61780	75.61818181818182
AT5G61790	234.47272727272727
AT5G61800	1.6592592592592592
AT5G61810	26.21818181818182
AT5G61820	111.27272727272727
AT5G61830	13.276363636363637
AT5G61835	4.0
AT5G61840	29.296296296296298
AT5G61850	0.6026315789473685
AT5G61865	2.238888888888889
AT5G61880	17.35185185185185
AT5G61890	2.674468085106383
AT5G61900	0.11333333333333334
AT5G61910	6.527272727272727
AT5G61920	1.6927272727272726
AT5G61930	3.110909090909091
AT5G61940	1.5076923076923074
AT5G61950	1.9181818181818182
AT5G61960	48.50909090909091
AT5G61970	38.127272727272725
AT5G61980	3.607272727272727
AT5G61990	2.852727272727273
AT5G61997	1.0
AT5G62000	129.34727272727272
AT5G62020	12.581818181818182
AT5G62030	12.88888888888889
AT5G62040	1.138888888888889
AT5G62050	26.259999999999998
AT5G62060	0.39999999999999997
AT5G62065	0.9428571428571428
AT5G62070	30.0
AT5G62080	1.7269230769230766
AT5G62090	21.60181818181818
AT5G62100	7.314814814814815
AT5G62110	0.22499999999999998
AT5G62120	0.39999999999999997
AT5G62130	11.796296296296296
AT5G62140	35.27777777777778
AT5G62150	4.474545454545455
AT5G62160	0.7700000000000001
AT5G62162	2.675
AT5G62165	7.811538461538462
AT5G62170	4.741818181818182
AT5G62180	8.145454545454545
AT5G62190	137.60727272727271
AT5G62200	29.545454545454547
AT5G62210	20.678
AT5G62220	26.636363636363637
AT5G62230	5.675510204081633
AT5G62240	13.969230769230771
AT5G62250	0.8594594594594595
AT5G62260	5.959259259259259
AT5G62270	28.327272727272728
AT5G62280	19.38888888888889
AT5G62290	19.565454545454543
AT5G62300	337.29454545454547
AT5G62310	1.8369565217391304
AT5G62320	0.3090909090909091
AT5G62330	6.753333333333333
AT5G62340	36.12903225806452
AT5G62350	298.51851851851853
AT5G62360	116.78490566037736
AT5G62370	2.5722222222222224
AT5G62380	2.2888888888888888
AT5G62390	144.25454545454545
AT5G62400	1.3176470588235296
AT5G62410	12.445454545454545
AT5G62420	1.9390243902439024
AT5G62430	19.23272727272727
AT5G62440	32.27777777777778
AT5G62460	23.527272727272727
AT5G62470	26.245283018867923
AT5G62480	15.358823529411763
AT5G62490	1.3135135135135134
AT5G62500	13.836363636363636
AT5G62510	0.2217391304347826
AT5G62520	5.2566037735849065
AT5G62530	39.29090909090909
AT5G62540	50.81481481481482
AT5G62550	19.345454545454544
AT5G62560	18.527272727272727
AT5G62570	20.187272727272727
AT5G62575	29.854545454545455
AT5G62580	18.5
AT5G62600	12.927272727272728
AT5G62610	35.019999999999996
AT5G62620	9.666666666666666
AT5G62623	1.2
AT5G62627	1.3333333333333333
AT5G62630	21.555555555555557
AT5G62640	34.38181818181818
AT5G62650	20.69272727272727
AT5G62660	0.2285714285714286
AT5G62670	53.51851851851852
AT5G62680	59.888888888888886
AT5G62690	206.9963636363636
AT5G62700	218.0981818181818
AT5G62710	12.981481481481481
AT5G62720	74.65818181818182
AT5G62730	3.244186046511628
AT5G62740	51.30909090909091
AT5G62750	227.86
AT5G62760	6.125454545454545
AT5G62770	8.965454545454547
AT5G62780	0.2875
AT5G62790	130.40740740740742
AT5G62800	0.27499999999999997
AT5G62810	81.99272727272728
AT5G62820	4.1611111111111105
AT5G62830	0.25263157894736843
AT5G62840	20.656363636363636
AT5G62848	0.35
AT5G62850	5.183673469387755
AT5G62860	0.4
AT5G62865	13.944444444444445
AT5G62880	35.166666666666664
AT5G62890	76.83333333333333
AT5G62900	26.14814814814815
AT5G62910	15.818181818181818
AT5G62920	16.185185185185187
AT5G62930	37.163636363636364
AT5G62940	6.111111111111111
AT5G62950	14.512727272727274
AT5G62960	5.994444444444445
AT5G62970	0.17142857142857146
AT5G62980	23.12962962962963
AT5G62990	6.974074074074075
AT5G62998	1.9807692307692308
AT5G63000	24.187272727272727
AT5G63010	8.425925925925926
AT5G63020	13.11111111111111
AT5G63030	60.32727272727273
AT5G63040	18.30909090909091
AT5G63050	45.09090909090909
AT5G63060	10.7
AT5G63063	1.8499999999999999
AT5G63070	0.5599999999999999
AT5G63080	12.074074074074074
AT5G63085	1.9
AT5G63087	1.5571428571428574
AT5G63090	2.479591836734694
AT5G63100	8.554545454545455
AT5G63110	25.827272727272728
AT5G63120	13.472727272727273
AT5G63130	4.578181818181818
AT5G63135	12.840000000000002
AT5G63140	14.907407407407407
AT5G63145	2.0
AT5G63150	42.82363636363637
AT5G63160	61.18518518518518
AT5G63170	0.32
AT5G63180	52.22692307692308
AT5G63190	19.963636363636365
AT5G63195	0.17
AT5G63200	15.336363636363636
AT5G63220	21.272727272727273
AT5G63225	1.4588235294117646
AT5G63230	0.5
AT5G63240	0.2571428571428571
AT5G63250	0.33636363636363636
AT5G63260	18.236363636363638
AT5G63270	4.093939393939394
AT5G63280	17.545454545454547
AT5G63290	3.212962962962963
AT5G63300	1.6188679245283017
AT5G63310	257.34909090909093
AT5G63320	12.996363636363636
AT5G63340	0.15000000000000002
AT5G63350	1.7037037037037035
AT5G63370	44.236363636363635
AT5G63380	22.796296296296298
AT5G63390	0.5625
AT5G63400	171.4909090909091
AT5G63410	22.77777777777778
AT5G63420	33.48148148148148
AT5G63440	17.001818181818184
AT5G63450	8.883333333333333
AT5G63460	29.181818181818183
AT5G63470	22.927272727272726
AT5G63480	7.292727272727273
AT5G63490	17.381818181818183
AT5G63500	23.27777777777778
AT5G63510	88.98181818181818
AT5G63520	9.0
AT5G63530	62.40181818181818
AT5G63540	1.387037037037037
AT5G63550	24.763636363636362
AT5G63560	22.27441860465116
AT5G63570	121.65454545454546
AT5G63580	5.115686274509804
AT5G63590	10.820408163265308
AT5G63595	4.942105263157895
AT5G63600	117.50851063829786
AT5G63610	21.490909090909092
AT5G63620	28.15818181818182
AT5G63625	1.8439999999999999
AT5G63630	6.5636363636363635
AT5G63640	15.003636363636364
AT5G63650	10.816666666666665
AT5G63660	13.005263157894737
AT5G63670	58.238181818181815
AT5G63680	36.14545454545455
AT5G63690	3.3236363636363637
AT5G63700	10.962962962962964
AT5G63710	14.25925925925926
AT5G63720	1.0636363636363635
AT5G63730	0.37142857142857144
AT5G63740	0.36250000000000004
AT5G63750	0.36923076923076925
AT5G63760	12.967272727272729
AT5G63770	11.218181818181819
AT5G63780	33.53703703703704
AT5G63790	78.16545454545455
AT5G63800	57.165454545454544
AT5G63810	43.166666666666664
AT5G63820	3.5392156862745097
AT5G63830	7.64
AT5G63840	62.61818181818182
AT5G63850	45.969090909090916
AT5G63860	79.94545454545455
AT5G63870	29.87818181818182
AT5G63880	24.12727272727273
AT5G63890	53.405454545454546
AT5G63900	0.17727272727272725
AT5G63905	14.156363636363634
AT5G63910	28.12727272727273
AT5G63920	6.552727272727273
AT5G63930	7.978181818181818
AT5G63940	21.327272727272728
AT5G63950	11.280000000000001
AT5G63960	8.672727272727272
AT5G63970	14.709259259259259
AT5G63980	84.71272727272726
AT5G63990	12.454545454545455
AT5G64000	0.125
AT5G64010	8.341818181818182
AT5G64020	20.221818181818183
AT5G64030	46.92727272727273
AT5G64040	1887.888888888889
AT5G64050	54.474545454545456
AT5G64060	1.8711538461538464
AT5G64070	33.45454545454545
AT5G64080	31.09090909090909
AT5G64090	23.258181818181818
AT5G64100	191.28695652173914
AT5G64110	11.34
AT5G64120	147.83333333333334
AT5G64130	176.21818181818182
AT5G64140	144.63090909090909
AT5G64150	8.836363636363636
AT5G64160	18.672727272727272
AT5G64170	42.04
AT5G64180	25.37272727272727
AT5G64190	3.3390243902439027
AT5G64200	46.09090909090909
AT5G64210	0.26521739130434785
AT5G64220	16.921818181818182
AT5G64230	7.0181818181818185
AT5G64240	42.01851851851852
AT5G64250	51.80909090909091
AT5G64260	140.16727272727272
AT5G64270	48.45454545454545
AT5G64280	27.343636363636364
AT5G64290	95.11454545454546
AT5G64300	61.30909090909091
AT5G64310	87.31272727272727
AT5G64320	4.111111111111111
AT5G64330	27.5
AT5G64340	51.165454545454544
AT5G64350	294.0
AT5G64360	12.82909090909091
AT5G64370	56.35818181818181
AT5G64380	20.40181818181818
AT5G64390	10.709090909090909
AT5G64400	124.45454545454545
AT5G64410	20.456363636363633
AT5G64420	23.29818181818182
AT5G64430	31.80181818181818
AT5G64440	31.956363636363633
AT5G64450	1.763265306122449
AT5G64460	53.11272727272727
AT5G64470	11.169090909090908
AT5G64480	21.163636363636364
AT5G64490	1.29811320754717
AT5G64500	45.2
AT5G64505	0.6
AT5G64510	17.216363636363635
AT5G64520	3.5163636363636366
AT5G64530	2.490740740740741
AT5G64540	0.21666666666666667
AT5G64550	17.854545454545455
AT5G64560	19.765454545454542
AT5G64570	23.09259259259259
AT5G64580	38.035185185185185
AT5G64590	0.29230769230769227
AT5G64600	10.4
AT5G64610	28.87272727272727
AT5G64620	56.05555555555556
AT5G64630	6.281818181818182
AT5G64640	8.818181818181818
AT5G64650	21.462962962962962
AT5G64660	12.710909090909091
AT5G64667	2.9619999999999997
AT5G64670	47.03636363636364
AT5G64680	21.62962962962963
AT5G64687	0.5040816326530612
AT5G64690	2.7647058823529407
AT5G64700	3.440740740740741
AT5G64710	2.4814814814814814
AT5G64720	0.8954545454545454
AT5G64730	13.918181818181818
AT5G64735	6.666666666666667
AT5G64740	115.83636363636364
AT5G64750	17.874000000000002
AT5G64760	18.203636363636363
AT5G64770	143.328
AT5G64780	7.945454545454545
AT5G64790	38.96666666666667
AT5G64800	1.619148936170213
AT5G64810	5.491836734693877
AT5G64813	27.181818181818183
AT5G64816	2.011111111111111
AT5G64820	0.8809523809523809
AT5G64830	16.74074074074074
AT5G64840	158.29454545454547
AT5G64850	46.129629629629626
AT5G64855	2.0842105263157897
AT5G64860	44.00909090909091
AT5G64870	6.332727272727273
AT5G64880	19.98181818181818
AT5G64890	1.6195121951219513
AT5G64900	8.920370370370371
AT5G64905	4.448
AT5G64910	1.4769230769230772
AT5G64920	36.836363636363636
AT5G64930	16.145454545454545
AT5G64940	142.88181818181818
AT5G64950	4.141818181818182
AT5G64960	39.652727272727276
AT5G64970	3.6777777777777776
AT5G64980	5.049090909090909
AT5G64990	1.9740740740740743
AT5G65000	20.545454545454547
AT5G65005	0.5
AT5G65010	138.72727272727272
AT5G65015	1.8555555555555554
AT5G65020	102.23636363636363
AT5G65030	2.8905660377358493
AT5G65040	9.871698113207549
AT5G65050	18.072727272727274
AT5G65060	14.50909090909091
AT5G65070	2.9381818181818184
AT5G65080	5.561111111111111
AT5G65090	2.228301886792453
AT5G65100	0.2647058823529412
AT5G65110	51.70909090909091
AT5G65120	7.707272727272727
AT5G65130	0.45777777777777773
AT5G65140	17.64181818181818
AT5G65158	0.8846153846153846
AT5G65160	4.5092592592592595
AT5G65165	0.6705882352941177
AT5G65170	3.943396226415094
AT5G65180	11.618181818181819
AT5G65200	7.112727272727272
AT5G65205	7.37037037037037
AT5G65207	97.31090909090909
AT5G65210	43.096296296296295
AT5G65220	652.4745454545455
AT5G65225	0.6311111111111111
AT5G65230	2.149019607843137
AT5G65240	7.452727272727272
AT5G65250	29.80909090909091
AT5G65260	66.47272727272727
AT5G65270	48.31481481481482
AT5G65274	0.6857142857142857
AT5G65280	11.925925925925926
AT5G65290	10.781818181818181
AT5G65300	11.292727272727273
AT5G65305	3.8666666666666667
AT5G65310	81.55555555555556
AT5G65320	1.676923076923077
AT5G65330	0.30999999999999994
AT5G65340	1.2326530612244897
AT5G65350	6.730188679245283
AT5G65360	232.16545454545457
AT5G65370	0.5333333333333333
AT5G65380	79.42
AT5G65390	81.84074074074073
AT5G65400	10.327272727272728
AT5G65410	24.134615384615383
AT5G65420	3.1072727272727274
AT5G65430	145.1109090909091
AT5G65440	21.256363636363634
AT5G65445	0.7833333333333332
AT5G65450	6.423636363636364
AT5G65460	13.623636363636363
AT5G65470	41.21818181818182
AT5G65480	80.23636363636363
AT5G65490	20.165454545454544
AT5G65495	18.90909090909091
AT5G65500	0.4540540540540541
AT5G65510	1.5819999999999999
AT5G65520	19.527272727272727
AT5G65530	27.48181818181818
AT5G65540	13.927272727272728
AT5G65550	0.125
AT5G65560	5.525454545454545
AT5G65570	2.505555555555556
AT5G65575	5.174545454545455
AT5G65590	4.443396226415095
AT5G65600	1.2333333333333334
AT5G65609	3.62
AT5G65610	2.735294117647059
AT5G65613	2.6194444444444445
AT5G65615	0.9333333333333332
AT5G65620	98.8
AT5G65630	61.0
AT5G65640	29.5
AT5G65650	21.272727272727273
AT5G65660	88.42592592592592
AT5G65670	195.61111111111111
AT5G65683	14.10909090909091
AT5G65685	15.527272727272727
AT5G65687	10.636363636363637
AT5G65690	9.856521739130434
AT5G65700	47.388888888888886
AT5G65710	9.333333333333334
AT5G65720	76.96363636363637
AT5G65730	94.48823529411764
AT5G65740	11.22
AT5G65750	32.70909090909091
AT5G65760	31.912727272727274
AT5G65770	0.1
AT5G65780	12.510909090909092
AT5G65790	10.495744680851063
AT5G65800	1.6020408163265303
AT5G65810	44.10909090909091
AT5G65820	4.601818181818182
AT5G65830	7.703703703703703
AT5G65840	61.29454545454545
AT5G65850	2.227777777777778
AT5G65860	17.685185185185187
AT5G65870	23.185185185185187
AT5G65880	13.821818181818182
AT5G65890	11.041818181818181
AT5G65900	17.55272727272727
AT5G65910	44.876363636363635
AT5G65920	10.722222222222221
AT5G65925	12.537037037037036
AT5G65930	21.10909090909091
AT5G65940	49.99818181818182
AT5G65950	34.81818181818182
AT5G65960	26.745454545454546
AT5G65970	10.31111111111111
AT5G65980	1.8393939393939396
AT5G65990	34.527272727272724
AT5G66000	7.661818181818181
AT5G66005	7.365454545454546
AT5G66010	24.10909090909091
AT5G66020	3.775
AT5G66030	43.70909090909091
AT5G66040	278.94545454545454
AT5G66045	2.3121212121212125
AT5G66050	27.01818181818182
AT5G66052	44.701851851851856
AT5G66055	58.018181818181816
AT5G66060	35.127272727272725
AT5G66070	14.327272727272728
AT5G66080	8.85090909090909
AT5G66090	46.56727272727272
AT5G66100	15.327272727272728
AT5G66110	1.046
AT5G66120	75.56727272727272
AT5G66130	3.624074074074074
AT5G66140	62.40909090909091
AT5G66150	0.606060606060606
AT5G66160	24.774545454545454
AT5G66170	42.07636363636363
AT5G66180	14.472727272727273
AT5G66190	774.7777777777778
AT5G66200	33.876363636363635
AT5G66210	32.35454545454545
AT5G66230	19.34181818181818
AT5G66240	63.69090909090909
AT5G66250	26.254545454545454
AT5G66260	0.5266666666666667
AT5G66270	2.258490566037736
AT5G66290	14.8
AT5G66300	3.27037037037037
AT5G66310	11.636363636363637
AT5G66320	17.98148148148148
AT5G66330	5.033333333333333
AT5G66335	0.2
AT5G66340	0.23076923076923078
AT5G66350	1.9314814814814818
AT5G66360	10.912727272727274
AT5G66370	0.3875
AT5G66380	9.765454545454546
AT5G66390	37.00196078431373
AT5G66400	28.334545454545456
AT5G66410	27.09090909090909
AT5G66420	36.89454545454546
AT5G66430	0.2
AT5G66440	14.441818181818181
AT5G66450	13.803636363636365
AT5G66460	10.93818181818182
AT5G66470	57.092727272727274
AT5G66480	5.165454545454546
AT5G66490	34.425925925925924
AT5G66500	2.2796296296296297
AT5G66510	95.2
AT5G66530	37.7509090909091
AT5G66540	23.19090909090909
AT5G66550	22.056363636363635
AT5G66558	0.22608695652173913
AT5G66562	21.361290322580647
AT5G66564	13.24074074074074
AT5G66567	3.5818181818181816
AT5G66568	1.95
AT5G66570	3593.3872727272724
AT5G66580	13.814814814814815
AT5G66590	31.314814814814813
AT5G66595	1.0340909090909092
AT5G66600	3.7611111111111115
AT5G66607	2.2372549019607844
AT5G66610	3.661111111111111
AT5G66620	3.4277777777777776
AT5G66630	4.0636363636363635
AT5G66631	1.912962962962963
AT5G66640	2.6500000000000004
AT5G66650	2.9888888888888885
AT5G66658	2.518867924528302
AT5G66660	0.3181818181818182
AT5G66670	0.7000000000000001
AT5G66675	21.11111111111111
AT5G66680	86.24909090909091
AT5G66690	41.017647058823535
AT5G66700	1.465217391304348
AT5G66710	0.558695652173913
AT5G66720	47.78909090909091
AT5G66730	29.40181818181818
AT5G66740	6.681132075471697
AT5G66750	10.309090909090909
AT5G66760	121.0909090909091
AT5G66770	14.0
AT5G66780	1.4026315789473685
AT5G66790	6.366666666666666
AT5G66800	6.326415094339623
AT5G66810	15.163636363636364
AT5G66815	3.1357142857142857
AT5G66816	0.8818181818181817
AT5G66820	15.783636363636363
AT5G66830	0.9638297872340427
AT5G66840	2.440740740740741
AT5G66850	25.30909090909091
AT5G66860	45.93636363636364
AT5G66870	5.278260869565217
AT5G66880	36.40181818181818
AT5G66890	0.2714285714285714
AT5G66900	12.251851851851852
AT5G66910	9.194444444444445
AT5G66920	36.870370370370374
AT5G66930	26.327272727272728
AT5G66940	2.5155555555555558
AT5G66950	20.352727272727275
AT5G66960	2.8018518518518523
AT5G66970	0.32
AT5G66980	0.2285714285714286
AT5G66985	16.435555555555553
AT5G66990	0.375
AT5G67000	0.3
AT5G67010	0.25384615384615383
AT5G67020	1.4907407407407407
AT5G67030	186.5
AT5G67040	0.8
AT5G67050	0.8188679245283018
AT5G67060	3.795918367346939
AT5G67070	82.64814814814815
AT5G67080	2.545098039215686
AT5G67090	1.1872727272727273
AT5G67100	7.525454545454545
AT5G67110	1.1375000000000002
AT5G67120	0.21999999999999997
AT5G67130	40.96296296296296
AT5G67140	10.203703703703704
AT5G67150	15.981481481481481
AT5G67160	7.1462962962962955
AT5G67170	8.194545454545453
AT5G67180	7.3351851851851855
AT5G67190	9.4
AT5G67200	9.037037037037036
AT5G67210	15.055555555555555
AT5G67220	64.58363636363636
AT5G67230	5.074074074074074
AT5G67240	21.71818181818182
AT5G67245	3.7454545454545456
AT5G67250	31.036363636363635
AT5G67260	55.056363636363635
AT5G67265	4.366666666666666
AT5G67270	17.66181818181818
AT5G67280	20.819999999999997
AT5G67290	16.985454545454548
AT5G67300	77.60181818181819
AT5G67310	1.232258064516129
AT5G67320	43.4
AT5G67330	27.474545454545453
AT5G67340	5.762962962962963
AT5G67350	9.981481481481481
AT5G67360	123.03703703703704
AT5G67370	78.68518518518519
AT5G67380	44.8
AT5G67385	46.22727272727273
AT5G67390	9.68888888888889
AT5G67400	40.32058823529412
AT5G67410	1.2679245283018865
AT5G67411	0.8190476190476191
AT5G67420	63.27272727272727
AT5G67430	4.447222222222222
AT5G67440	11.333333333333334
AT5G67450	5.2784313725490195
AT5G67460	6.487037037037037
AT5G67470	21.425925925925927
AT5G67480	61.527272727272724
AT5G67488	0.36500000000000005
AT5G67490	0.3764705882352941
AT5G67500	129.07272727272726
AT5G67510	106.06545454545456
AT5G67520	5.394545454545455
AT5G67530	19.4
AT5G67540	12.518518518518519
AT5G67550	1.5759259259259262
AT5G67560	55.09090909090909
AT5G67570	17.90909090909091
AT5G67580	26.98181818181818
AT5G67590	179.1090909090909
AT5G67600	104.85185185185185
AT5G67610	14.39090909090909
AT5G67620	5.748148148148148
AT5G67630	27.00181818181818
AT5G67640	12.123636363636363
ATCG00010	365.97142857142853
ATCG00020	2927.0545454545454
ATCG00030	176.62549019607843
ATCG00040	39.766666666666666
ATCG00050	17.336585365853658
ATCG00060	166.08
ATCG00065	67.50909090909092
ATCG00070	100.56481481481481
ATCG00080	175.80392156862746
ATCG00090	147.0
ATCG00100	202.90943396226413
ATCG00110	18.445238095238096
ATCG00120	106.06666666666668
ATCG00130	145.93636363636364
ATCG00140	2551.7454545454543
ATCG00150	71.3425925925926
ATCG00160	19.41851851851852
ATCG00170	11.601851851851851
ATCG00180	19.34259259259259
ATCG00190	18.83703703703704
ATCG00200	26.22888888888889
ATCG00210	176.62156862745098
ATCG00220	1133.8
ATCG00230	13620.977777777778
ATCG00240	5.778947368421052
ATCG00250	97.70270270270271
ATCG00260	25.609523809523807
ATCG00270	323.15
ATCG00280	462.02
ATCG00290	77.125
ATCG00300	114.8
ATCG00310	35.876000000000005
ATCG00320	9009.456097560977
ATCG00330	433.9836363636363
ATCG00340	235.88333333333335
ATCG00350	205.16666666666666
ATCG00360	51.7462962962963
ATCG00370	44.27450980392157
ATCG00380	41.95555555555556
ATCG00390	564.9020833333333
ATCG00400	620.9769230769231
ATCG00410	99.21000000000001
ATCG00420	228.7814814814815
ATCG00430	247.20555555555555
ATCG00440	168.03396226415094
ATCG00450	828.3660000000001
ATCG00460	33.662857142857135
ATCG00470	1217.4236363636364
ATCG00480	843.5527272727273
ATCG00490	1550.6018181818183
ATCG00500	12.805454545454545
ATCG00510	175.70434782608694
ATCG00520	34.901923076923076
ATCG00530	29.46851851851852
ATCG00540	51.579629629629636
ATCG00550	341.45283018867923
ATCG00560	180.8235294117647
ATCG00570	181.4313725490196
ATCG00580	458.2641509433962
ATCG00590	40.60612244897959
ATCG00600	31.616
ATCG00610	26.229166666666668
ATCG00620	121.80000000000001
ATCG00630	1420.5
ATCG00640	56.407407407407405
ATCG00650	53.96792452830189
ATCG00660	38.23888888888889
ATCG00670	145.15454545454546
ATCG00680	255.50555555555553
ATCG00690	62.25
ATCG00700	175.53846153846155
ATCG00710	117.11509433962264
ATCG00720	136.36181818181817
ATCG00730	136.94181818181818
ATCG00740	72.03888888888889
ATCG00750	145.05555555555554
ATCG00760	173.52075471698114
ATCG00770	121.45272727272727
ATCG00780	602.5109090909091
ATCG00790	523.2222222222222
ATCG00800	283.76363636363635
ATCG00810	173.5185185185185
ATCG00820	98.89807692307694
ATCG00830	2.2045454545454546
ATCG00840	2.7357142857142853
ATCG00850	10.0
ATCG00860	0.32
ATCG00870	0.3
ATCG00880	15.666666666666666
ATCG00890	1.9526315789473685
ATCG00900	1.4588235294117646
ATCG00905	3.369230769230769
ATCG00910	4.866666666666666
ATCG00920	94.34313725490195
ATCG00930	18.014285714285712
ATCG00940	23.733333333333334
ATCG00950	107.31509433962263
ATCG00960	1400.9631578947367
ATCG00970	628.8333333333334
ATCG00980	12.5
ATCG00990	9.0
ATCG01000	0.7875
ATCG01010	27.22222222222222
ATCG01020	1976.3207547169811
ATCG01030	21.19090909090909
ATCG01040	16.968627450980392
ATCG01050	21.294545454545457
ATCG01060	90.89629629629631
ATCG01070	27.071153846153848
ATCG01080	39.075471698113205
ATCG01090	25.52075471698113
ATCG01100	73.79454545454546
ATCG01110	45.02222222222222
ATCG01120	77.3093023255814
ATCG01130	56.21851851851852
ATCG01140	5.0
ATCG01150	14.45
ATCG01160	358.2692307692308
ATCG01170	1909.2666666666669
ATCG01180	169.5074074074074
ATCG01190	21.2
ATCG01200	26.066666666666666
ATCG01210	131.082
ATCG01220	5.0
ATCG01230	3.4000000000000004
ATCG01240	1.8583333333333332
ATCG01250	3.1999999999999997
ATCG01260	9.0
ATCG01270	1.5333333333333332
ATCG01280	0.35
ATCG01290	2.533333333333333
ATCG01300	2.05
ATCG01310	1.76
ATMG00010	0.9642857142857143
ATMG00020	933.1272727272727
ATMG00030	1176.290909090909
ATMG00040	0.8290322580645161
ATMG00060	10.734545454545454
ATMG00070	11.001851851851852
ATMG00080	16.01818181818182
ATMG00090	9.058181818181819
ATMG00110	3.3280000000000007
ATMG00120	0.8703703703703703
ATMG00130	1.14
ATMG00140	1.14
ATMG00150	0.85
ATMG00160	15.42
ATMG00180	0.2
ATMG00200	0.7263157894736842
ATMG00240	0.2
ATMG00280	3.046666666666667
ATMG00285	0.1
ATMG00290	0.10000000000000002
ATMG00380	1.73
ATMG00400	0.1
ATMG00450	0.20000000000000004
ATMG00510	0.8564102564102566
ATMG00513	0.4125
ATMG00516	1.8538461538461537
ATMG00520	0.278125
ATMG00540	0.6
ATMG00550	0.3
ATMG00560	0.9210526315789473
ATMG00570	0.23846153846153847
ATMG00580	0.13333333333333333
ATMG00590	0.2
ATMG00630	1.6594594594594596
ATMG00640	15.319999999999999
ATMG00650	11.12
ATMG00660	20.59272727272727
ATMG00665	19.065625
ATMG00670	3.3870370370370364
ATMG00680	1.2148148148148148
ATMG00690	9.164814814814815
ATMG00710	1.0869565217391304
ATMG00720	1.23125
ATMG00730	0.4125
ATMG00810	0.4730769230769231
ATMG00830	1.1857142857142857
ATMG00860	0.3
ATMG00910	0.1
ATMG00960	0.5
ATMG00970	0.62
ATMG00980	1.564
ATMG00990	0.8307692307692307
ATMG01020	0.2916666666666667
ATMG01030	0.4
ATMG01050	0.36
ATMG01080	7.905263157894736
ATMG01090	1.0297297297297299
ATMG01100	0.75
ATMG01110	0.25384615384615383
ATMG01120	8.620000000000001
ATMG01130	11.191999999999998
ATMG01150	0.6
ATMG01160	4.0
ATMG01170	2.225925925925926
ATMG01180	0.2
ATMG01190	1.3125
ATMG01200	1.9571428571428575
ATMG01210	0.17500000000000002
ATMG01220	2.7666666666666666
ATMG01240	0.5
ATMG01250	0.33999999999999997
ATMG01260	0.39
ATMG01270	0.8
ATMG01275	0.8799999999999999
ATMG01280	0.3
ATMG01320	1.72
ATMG01330	0.7243902439024389
ATMG01350	2.253846153846154
ATMG01360	21.996363636363636
ATMG01370	7.213461538461539
ATMG01380	506.9259259259259
ATMG01390	916.3272727272728
ATMG01400	0.7374999999999999
ATMG01410	0.981081081081081
ATMG09730	0.4
ATMG09740	3.58
ATMG09950	5.0
ATMG09960	3.855555555555556
ATMG09980	19.820833333333333
